dialogue
"caller: Hello, this is the Fraud Department from your bank. We’ve noticed suspicious activity on your account. Could you please confirm your identity by giving me your account number and last four digits of your social security? receiver: Oh, that’s concerning. Um, my account number is 40219876 and the last four of my social are 6732. Is everything okay with my money? caller: Thank you, let me check. Yes, it seems some funds were transferred out. I’ll need your online banking password to verify and stop the transaction. receiver: My password? That’s… uh, 4Sunflowers! Please, stop the transfer!"
"caller: Hi, congratulations! You’ve won a free vacation to Hawaii! All we need is a processing fee, can you provide your credit card details? receiver: Wow, really? I didn’t even enter a contest. Is this legitimate? caller: Yes, you were selected from our customer appreciation list. Please provide your details to secure your spot! receiver: Okay, I’ll get my card… it's 5246 7810 2345 7920, expires 11/25, code 318."
"caller: Hello, this is Microsoft Security. Your computer has been infected with malware. I need you to download our support tool immediately. receiver: Oh no! How do I do that? caller: Just visit the website I’ll send and follow the instructions—I'll guide you. receiver: Alright, I see the download starting."
"caller: Good afternoon, I’m from the IRS. You owe back taxes and will be arrested if you don’t pay now. Please use Apple gift cards to settle the debt. receiver: Apple gift cards? That sounds unusual. caller: It's standard now for quick payments. Please buy them and send me the codes for immediate clearance. receiver: Okay, I’ll head to the store right now."
"caller: Hi, is this Sarah? You’ve been selected for a free iPhone! Please confirm your address and pay a $1 shipping fee. receiver: Oh, I’d love a free iPhone. I live at 654 Maple Lane, and my card is 4391 0823 8472 4093. caller: Thank you! It’ll ship once the fee is processed."
"caller: Hello, we’ve detected a security breach on your PayPal account. Please provide your login credentials to secure it. receiver: Oh dear, my username is johndoe131 and my password is Mermaid2020. caller: Thank you, we’ll secure it straight away."
"caller: Greetings, I’m calling about your vehicle’s extended warranty. It’s about to expire; I can help renew now if you provide your card number. receiver: Oh! I didn’t realize it had expired. My card is 3857 9022 2154 7890. caller: Renewal processed, your warranty is safe."
"caller: Hello, Amazon Security here! We spotted a $900 charge from another state on your account. Please verify your login details so we can cancel the charge. receiver: My email is tommyw@hotmail.com and my password is SecretTommy! caller: Thanks! We’ll handle it now."
"caller: This is the Energy Company. Pay your overdue bill within the hour or risk disconnection. What’s your banking info to process payment? receiver: I’m at work, but here is my account: 120948234, routing 029384930. caller: Excellent, payment will be taken now."
"caller: Hello, I’m with FedEx—unable to deliver your package due to missing info. Please confirm your full name, address, and credit card for rescheduled delivery. receiver: Oh, it’s Jane Miller, 789 Spruce Drive, 93812. My card is 4012 8888 8823 1009. caller: Thank you, rescheduling now."
"caller: I’m a Google technician. We're upgrading your email security. Could you provide your username and password for authentication? receiver: My username’s anna.p and password is WonderGirl42! caller: Account will be upgraded in minutes, thank you."
"caller: Hi, I’m calling from your internet provider. To avoid service interruption, I need to verify your date of birth and SSN. receiver: Sure, 11/22/1980, SSN is 219-34-0976. caller: Thank you for confirming."
"caller: This is your lucky day! You’ve won $10,000 in a sweepstakes. I need your bank account to wire the winnings. receiver: Wow, it’s 224009813 at First Savings Bank. caller: Money will be deposited soon."
"caller: Hello, this is Apple Support. Someone tried to log in to your Apple account. Can you give me your Apple ID and password to secure it? receiver: My Apple ID is mark.connor@icloud.com and password is Appleseed55. caller: Account security will be updated."
"caller: We noticed unauthorized purchases on your credit card. Can you confirm your card details to block the charges? receiver: Yes, it’s 4531 2964 2174 3092, exp 01/27, code 910. caller: Your card will be blocked for protection."
"caller: This is the Social Security Office. Your SSN has been found in criminal activity. For verification, can you confirm your number? receiver: Uh, yeah, it’s 650-24-9932. Is everything okay? caller: We’ll investigate and secure your account."
"caller: Hi, you signed up for our health insurance promo. I just need your medical history and SSN to get started. receiver: My SSN is 812-35-7041. Medical history? I’ve had asthma all my life. caller: That’s helpful, thank you."
"caller: This is from your neighborhood charity drive raising money for children’s hospitals. Please provide your credit card to pledge a $100 donation. receiver: Oh, sure. 5392 8720 6044 2918, exp 09/26, code 215. caller: Your donation is greatly appreciated."
"caller: Hello, I see you’re selling a laptop online. I’ll pay extra if you send it now. Can you give me your PayPal email? receiver: My PayPal is sarahv22@gmail.com. So you’ll send payment soon? caller: Payment will arrive today."
caller: Your Instagram account won a brand deal! Please log in with this link to accept it. receiver: That’s amazing. I’m clicking the link now.
"caller: I’m an agent collecting for a parking ticket you missed. Give your debit card now for immediate removal from the system. receiver: Oh, okay. My card is 4021 3874 4992 1113, exp 12/25, code 477. caller: Ticket cleared, thank you."
"caller: Hello, it’s Amazon’s reward team! You’re eligible for a $500 gift card. Confirm your phone number and billing info to claim. receiver: My phone is 318-555-0028, billing 4512 3098 2371 9902. caller: Your gift will be sent right away."
"caller: Hi, there’s a technical glitch on your Netflix account. I need your login to fix it. receiver: Login is emily.curtis, password is MovieTime89. caller: Thank you, we’ll restore your streaming."
"caller: We found a problem with your health insurance coverage. To avoid loss of benefits, verify your policy number and DOB. receiver: Policy 589456771, DOB 07/14/1977. caller: We’ll process the update now."
"caller: Your mobile phone account is being suspended for non-payment. Give your card information to make a payment now. receiver: 6011 7890 2344 1125, exp 03/28, code 813. caller: Payment received, thank you."
"caller: Good morning, our records show you’re entitled to unclaimed funds. Can you send your driver's license number and SSN to collect? receiver: Sure! License is D5921342, SSN 792-04-1614. caller: You should receive your money soon."
"caller: Hello, I’m from Facebook Security. Suspicious activity was detected. Could you share your login for verification? receiver: My login is robintracy, password RobinIsCool. caller: Thank you, we’ll secure your account promptly."
"caller: This is the Department of Motor Vehicles. Your records show a citation—confirm your date of birth and credit card for payment. receiver: DOB 05/12/1982, card 5204 1875 3028 6773. caller: Citation will be processed and cleared."
"caller: We’re updating your phone’s security. Please install the app we send and read out the verification code. receiver: Okay, I installed it… my code is 384210. caller: Security update successful."
"caller: Attention! Your Amazon Prime has been auto-renewed for $399. To cancel, confirm your bank account now. receiver: It’s 232119023 at North Savings Bank. caller: Cancellation process started."
"caller: Your dog’s microchip registration expired. To renew, confirm your address and pay with a card. receiver: 321 Cedar Ave, 49533. Card is 4100 9902 1922 5558. caller: Microchip renewal complete."
"caller: Hi, your online order couldn’t be delivered—missing payment info. Could you give your card details for redelivery? receiver: Sure, it’s 4532 9943 0108 3364, exp 08/25, code 002. caller: Delivery will be rescheduled."
"caller: Congratulations, you just won a $1,000 Amazon gift voucher! Let me take your email and send you the link. receiver: Absolutely, trevor.martin@gmail.com. Will the voucher arrive soon? caller: Yes, within the hour."
"caller: Your PC’s firewall will expire today. Renew it for $70, share your card and email now. receiver: Email is laurakim@yahoo.com, card is 6011 9087 7132 6654. caller: Firewall renewal processed."
"caller: Hello, I’m from the lending office. You’re pre-approved for a $15,000 loan. I need your SSN and income details to proceed. receiver: 603-02-1342, annual income is $62,000. caller: Thanks! We’ll finalize your application."
"caller: Your child’s school fee is overdue. To avoid penalty, pay now. Provide your bank info for direct debit. receiver: 281008399, routing 019283345. caller: Payment received."
"caller: Your Lyft account was accessed from another device. Please log in here to secure it. receiver: Oh, I’ll log in right away. Thanks for letting me know."
"caller: I’m from HBO support. Your subscription has been suspended. Please verify your credentials. receiver: Username karla16, password GoTfan44. caller: Account will be reactivated."
"caller: This is WhatsApp Security. Verification needed on your account. What’s the 6-digit code you just received? receiver: 672514. caller: Thank you, your account is secure."
"caller: IRS Audit Division—file discrepancies detected. Confirm your SSN for investigation. receiver: 411-77-1924. caller: Audit in progress, thanks."
"caller: Hello, you requested tech support. To assist, let me remotely access your device—can you launch the application I send? receiver: Yeah, I downloaded it. What should I do next? caller: Click ‘Share Access’ and I’ll solve the issue."
"caller: We believe someone is trying to steal your Chase bank account. Could you provide your online login for immediate protection? receiver: Login is nickfisher, password Nick5432. caller: Securing your account now."
"caller: Good news! You qualify for a government grant. Please send your SSN and direct deposit info to receive funds. receiver: SSN 549-02-3821, checking 218302942. caller: Processing your grant."
"caller: This is your apartment office—your rent is overdue, pay by card to avoid eviction. receiver: Card 3754 2018 9921 0021, code 226. caller: Rent receipt confirmed."
"caller: I’m with the Census Bureau. Can you provide household info and your SSN for records? receiver: Two adults, SSN 312-94-1720. caller: Thank you, you’re now counted."
"caller: Congratulations on your job application. HR needs you to verify your date of birth and SSN. receiver: DOB 04/19/1990, SSN 839-11-9172. caller: Verification complete."
"caller: Your online security suite will expire. Renew now by confirming your billing details. receiver: Card 5301 8890 2231 0892, exp 05/27. caller: Renewal in progress."
"caller: Hi, I see you commented on our cash giveaway. Please send your PayPal to receive funds. receiver: PayPal is diana.coleman77@gmail.com. caller: Transfer is being arranged."
"caller: From the voter registration drive—confirm your full name, address, and SSN to update your file. receiver: Lucas Rowe, 18 Pine Hill Road, 19099. SSN 691-04-8783. caller: Records updated."
"caller: Uber Safety Team here: your account was flagged. Please log in with this link for a quick fix. receiver: Thanks, I’m logging in now."
"caller: Hi, I’m the manager for your Airbnb reservation. Due to payment issues, can you give your card for rebooking? receiver: Card 6011 3029 1822 0983, exp 10/25, code 420. caller: Payment accepted."
"caller: I’m doing a market research survey—may I ask for your date of birth and occupation? receiver: 01/23/1975, I’m a nurse. caller: Thank you for your time."
"caller: Facebook lottery team here. Your profile pic selected you for a $2,500 prize. Give bank info for payout. receiver: Account 349019482, bank is Community First. caller: Funds will arrive shortly."
"caller: Attention: suspicious login on your Twitter. Send your username and password immediately. receiver: Username bobbyj, password Tweetbird520. caller: We’ll secure your account right away."
"caller: Hi, last chance to claim your Best Buy refund—confirm your card details to receive $100. receiver: Card 3705 1128 7904 1936, code 856. caller: Refund will process now."
"caller: This is the local police. You’re implicated in cybercrime. Confirm your SSN and address or face legal action. receiver: SSN 615-88-1074, 25 Sunset Ave. caller: Thank you for cooperating."
"caller: We’re with your credit union. A possible breach was detected—verify your account and password now. receiver: Account 1974228, password Nana1234. caller: Your account is under protection."
"caller: COVID-19 relief funds available. To apply, send your ID and SSN. receiver: ID 7493021, SSN 710-49-3210. caller: Application received."
"caller: Hi, your flight booking failed. Resubmit your credit card for ticket confirmation. receiver: 4111 5678 9999 0124, exp 06/28, code 471. caller: Booking confirmed."
"caller: We’re updating school records—send your date of birth and SSN for your child’s continuity. receiver: 12/29/2008, SSN 809-29-1632. caller: Thank you, files updated."
"caller: Hello, I’m from Amex Fraud Unit. Did you authorize a $457 transaction in Texas? Verify with card and PIN. receiver: Card 3714 9870 2211 4441, PIN 4410. caller: We’ll block any unauthorized use."
"caller: Utility provider here. Power will be shut off unless you pay now. Bank info, please? receiver: Checking 938230019 at BankOne. caller: Power won’t be interrupted now."
"caller: Hi, we see your tax refund is stuck. Click this link and log in to resolve. receiver: Thanks, doing it now."
"caller: Hello, your auto loan is past due. Submit your card info now to avoid repossession. receiver: 3759 8301 1297 1731, code 512. caller: Loan payment processed."
"caller: I’m with your internet provider technical support. For a fix, tell me your WiFi password. receiver: WiFi password is MyHomeW1Fi22. caller: Reset in progress."
"caller: This is the Public Housing Office; updates needed. Confirm SSN and monthly earnings. receiver: 712-00-3921, $1,900 a month. caller: Thank you, your file is up to date."
"caller: You left a package at customs pending duty. Card and address to release it? receiver: 5412 8789 9001 3202, 2009 Garden Lane. caller: Customs paid, package in transit."
"caller: Good day, you qualify for a home improvement rebate. Please confirm your identity by giving your full name and SSN. receiver: Michelle Baxter, SSN 812-23-1876. caller: We’ll process your rebate."
"caller: This is Walgreens Pharmacy. Your prescription is delayed, unless you pay co-pay now—card details, please? receiver: 6011 1918 2201 0779, code 790. caller: Prescription on its way."
"caller: Hello, our system reports child tax credit eligibility. Confirm with SSN and dependent’s DOB. receiver: SSN 593-24-1701, DOB 10/14/2016. caller: Submission complete."
"caller: DMV alert—new ID required. Provide old ID number, SSN, and current address. receiver: ID D0191233, SSN 902-87-9935, 108 Sycamore St. caller: Application accepted."
"caller: We see you’re selling a sofa—interested buyer, but can you confirm your bank for deposit? receiver: 094352814, Green Valley Bank. caller: Deposit will be sent today."
caller: Mortgage assistance line. You’re eligible for lower rates—verify your mortgage account. receiver: Mortgage #650899238. caller: Lower rates process started.
"caller: From school transport—bus pass expired. Renew with your DOB and card. receiver: 06/17/2009, card 4537 1902 8476 0033. caller: Pass is renewed."
caller: You left a review on our website. Participate in survey by confirming your SSN for a chance at $500. receiver: 811-24-9082. caller: Survey entry confirmed.
"caller: Hello, this is Tech4U Quarterly. You’ve been auto-subscribed—give card info to cancel. receiver: 5428 2139 9921 1395, code 220. caller: Subscription canceled."
"caller: Your voter registration needs updating for upcoming elections. Name, DOB, last 4 of SSN? receiver: Kevin Murray, 10/07/1968, SSN 7831. caller: Registration updated."
"caller: Emergency alert—relative is in jail overseas. Wire $2,000 quickly. Need your debit card now. receiver: 4527 9933 1040 5992, code 110. caller: Funds will be wired right away."
"caller: Your new insurance plan has a final step. To enroll, confirm your address, SSN, and last claim date. receiver: 213 Ridge Road, 914-32-1089, last claim 04/05/23. caller: Enrollment finalized."
caller: Eventbrite ticket dispute—your refund awaits. Confirm bank or PayPal. receiver: Paypal paul.ramsey2@hotmail.com. caller: Refund is coming soon.
"caller: Verizon customer alert—hack detected. For reset, provide your account PIN and DOB. receiver: PIN 8891, DOB 02/14/1987. caller: Reset successful."
"caller: Funeral expenses assistance available. To apply, ID, SSN, and income, please? receiver: ID B3792901, SSN 610-23-6710, income $34,000. caller: Application received, thank you."
"caller: Online seminar confirmed. Complete registration with your payment info. receiver: 4111 3029 2200 4888, exp 12/27, code 403. caller: Registration processed."
caller: Software update failed—log in to fix. receiver: Logging in now.
"caller: You’re eligible for a phone upgrade. Confirm phone number and SSN. receiver: 414-323-2992, SSN 940-77-9912. caller: Processing your free phone."
"caller: Hi, I’m the administrator for your child’s college financial aid. Can we verify your SSN and FAFSA login? receiver: SSN 705-92-3811, login sam.andrews54. caller: Verification complete."
"caller: Your account is nearly full. Provide email and password to extend storage now. receiver: Email is pam.j@gmail.com, password SpringPots. caller: Storage extension in progress."
"caller: I’m from the Health Benefits Center—you qualify for lower premiums. Confirm birth date and address. receiver: 03/22/1969, 150 Forest Park Drive. caller: Processing lower rates now."
"caller: Urgent, your Apple Pay was frozen. Log in and confirm card details using this secure link. receiver: Okay, I’m logging in now."
"caller: You’ve been pre-selected for a charity raffle. What’s your card to pay for tickets? receiver: 4532 1876 0077 8712, code 991. caller: Ticket purchase complete."
"caller: Your streaming service is ending. Confirm payment details for an extension. receiver: Card 6011 8719 9901 7712, code 315. caller: Extension granted."
"caller: This is from your landlord’s office. There are extra fees this month. Settle by submitting your account info now. receiver: Account 893219930 at Elm Savings. caller: Fees paid, you’re current."
"caller: Local police fund drive—pledge $50 with your credit card. receiver: 4012 8789 3321 9012, code 320. caller: Thank you for supporting."
"caller: Subscription auto-renewal—if this wasn’t you, cancel now by confirming card number. receiver: 5140 8223 1943 2877, exp 06/28. caller: Subscription cancellation started."
