dialogue
"caller: Hello, this is the fraud department from your bank. We noticed some unusual activity on your account. Can you confirm your card number for verification? receiver: Oh no! What kind of activity? I’m really worried. caller: It appears there were charges made in another state. We need your card info to secure your funds. receiver: Um, should I not call the bank directly? caller: For your safety, stay on the line so we can assist immediately."
"caller: Good afternoon, you have won a free vacation to Hawaii! Congratulations! receiver: Seriously? I don't remember entering a contest. caller: You were randomly selected from a customer database. All we need is your address and a small fee to process. receiver: That sounds suspicious. I’ll pass."
"caller: Hi, I’m calling from Microsoft. Your computer has a virus causing data leaks. receiver: Oh no! What should I do? caller: I’ll need remote access to your PC to remove the virus. Just download this software. receiver: I think I should talk to my IT person first."
"caller: Hello, urgent message from the IRS. There is a warrant out for your arrest due to unpaid taxes. receiver: What? I always pay my taxes. caller: Then you can resolve it now by paying via gift cards. receiver: The IRS accepts gift cards now? That doesn't sound right."
"caller: Greetings! You've been selected for a special investment opportunity with guaranteed returns. receiver: Guaranteed, you say? What’s the catch? caller: No catch. Just transfer $1,000 and watch your money grow. receiver: I think I'll stick with my current investments."
"caller: Hi, we’re updating your online banking profile. Please provide your login details. receiver: You need my password? Shouldn’t you already have access? caller: For verification purposes only. receiver: I think I’ll go directly to the bank instead."
"caller: This is the Social Security Administration. Your number has been suspended because of suspicious activity. receiver: Suspended? That's scary, how do I fix it? caller: Verify your SSN and date of birth to resolve the issue. receiver: I’ll call the official SSA line to check."
"caller: Congratulations, you won the lottery! To claim your prize, we need your bank details. receiver: I didn’t play the lottery. How did I win? caller: It’s part of a random promotion. Just pay the processing fee. receiver: I’ll decline, but thanks."
"caller: Dear customer, we detected unauthorized use of your Apple ID. Please verify your account here. receiver: Is this a real Apple message? caller: Yes, click the link to secure your account. receiver: I’ll check with Apple Support directly."
caller: Your PayPal account is locked due to suspicious activity. Confirm your details to unlock. receiver: What kind of activity? Did someone hack me? caller: We can’t say. Complete the verification to regain access. receiver: I’ll access PayPal from their official site.
"caller: Hi, I’m from the charity for children’s health. Can we count on your donation today? receiver: Which charity? caller: Children’s Health International. You can donate by giving your card number now. receiver: I’d like to research before giving."
"caller: You are eligible for a lower credit card interest rate, but you must act now. receiver: Which card company are you with? caller: We work with all major banks. Let’s start with your card number. receiver: I’m not interested, thank you."
"caller: Hello, your package is delayed. We need your personal info to reschedule. receiver: Which package? I don't recall ordering anything. caller: It’s from an online store. Just confirm your address and payment info. receiver: I’ll contact my delivery service myself."
"caller: This is Amazon, there’s an issue with your account. Verify your password to continue shopping. receiver: Can you provide more details? caller: There was an attempted purchase. Just input your info here. receiver: I think this is a scam call."
"caller: You have a refund pending from your electric company. Provide your bank info to receive it. receiver: What refund? caller: Probably for an overcharge. Without your details, we can’t release the funds. receiver: I’ll ask the utility company directly."
caller: Your friend recommended you for a work-from-home job. Interested? receiver: Really? Who was it? caller: They asked not to be named yet. I can send you the job link for $50 to start. receiver: Paying to apply? No thanks.
caller: Your account was compromised. We need you to move your funds to a secure account. receiver: How do I know you’re my bank? caller: We’re here to help. Give me your account number now for safety. receiver: I’ll verify with my branch.
"caller: COVID relief grants are available—just pay a small processing fee. receiver: How much is the fee? caller: Only $200. Once paid, you’ll get $2,000 in relief. receiver: Government grants don’t work this way."
"caller: Your Instagram account will be deleted due to reported violations. To appeal, log in here. receiver: Instagram never called me before. caller: This is new policy. Click the link to save your account. receiver: I’m reporting this message."
"caller: Hello, you’ve reached the student loan forgiveness center. Would you like your loans eliminated? receiver: Absolutely! What’s required? caller: We just need your SSN and a $100 fee. receiver: No, I’ll check with my lender first."
caller: Netflix account compromised! Reset your password here to keep watching. receiver: Is this a text or official site? caller: Text. Click the secure link. receiver: I’ll use the app directly.
"caller: Greetings, your warranty has expired. Renew now or face steep repair costs. receiver: Which warranty? caller: Your vehicle warranty. Just provide your VIN and a credit card. receiver: I’ll talk to my dealership."
caller: This is the police. Your relative was arrested. Pay bail with Bitcoin now. receiver: My relative? Who? caller: We can’t provide names. Time is running out. receiver: This is a scam.
"caller: Hello, IT support here. We’ve found malware on your device. Allow remote access to fix it. receiver: I’m not having issues. caller: It’s urgent, or you’ll lose files. receiver: I’ll check with my tech team."
caller: We’re from the census survey team. Please provide your SSN for confirmation. receiver: The census doesn’t collect SSNs. caller: This is a special program. receiver: I’ll check the official census website.
caller: This is your electricity provider. Your service will be cut unless you pay now. receiver: My bill is up to date. caller: There’s a new charge. Pay by credit card to avoid disconnection. receiver: I’ll check my account online.
"caller: Hello, you won a free iPhone! Just cover shipping and enter your card details. receiver: Free? How do I know this is real? caller: We’re with a trusted partner. Act fast or lose out. receiver: I’m not interested."
"caller: Greetings, you’re a lucky winner of a $500 supermarket voucher. Confirm your details to redeem. receiver: Which supermarket? caller: Local Grocery Mart. Give your name, address, and card info. receiver: No thank you."
caller: Tech support here. Your email has been hacked. Verify your password to recover it. receiver: Which email address? caller: Your main one. We need the password now. receiver: I'll reset it via the company’s site.
caller: Congratulations! You have a tax refund pending. Please confirm your direct deposit info. receiver: Doesn’t the IRS mail checks? caller: This is a faster method. We need your details immediately. receiver: I’ll wait for written notice.
"caller: Your health insurance has expired, pay now to restore coverage. receiver: I haven’t received any notice. caller: It was sent by email. Give your info to reinstate. receiver: I’ll call my provider."
caller: This is World Relief Fund. Donate now to help disaster victims. receiver: Which disaster? caller: Latest one. Donations process instantly with a credit card. receiver: I’ll check recognized charities instead.
"caller: Your Amazon order can’t be delivered, payment declined. Fix by entering card details here. receiver: I didn’t place an order. caller: It’s on your account. Verify to avoid deactivation. receiver: I’ll review through Amazon’s site."
"caller: Hello, we’re updating your insurance policy. Provide your SSN for records. receiver: Shouldn’t you have that on file? caller: Policies require fresh verification. receiver: I’ll call my agent directly."
"caller: Hi! Earn $5,000 a week working from home. Register with a $50 membership. receiver: Do I get training? caller: After payment. Send card details to enroll. receiver: I’m not interested."
caller: Your bank needs immediate verification to prevent account lockout. receiver: Why? caller: Suspicious login attempt. Let’s confirm your password now. receiver: I’ll call the bank directly.
caller: This is the Department of Motor Vehicles. Your license is suspended. Pay a fine now. receiver: I haven’t gotten any mail about this. caller: Sometimes letters are delayed. Pay $300 to lift the suspension. receiver: I’ll contact the DMV.
"caller: Your pet has been found. To reunite, pay a $200 release fee. receiver: My pet isn’t missing. caller: Must be a mistake, sorry. receiver: I think so, goodbye."
"caller: Get rich quick! Invest in our new crypto platform. Send $500, get returns instantly. receiver: What’s the company called? caller: We’re new, but soon famous. Invest now! receiver: No thank you."
"caller: Hello, phone carrier here. Your SIM will be blocked unless you verify details. receiver: Why? I paid my bill. caller: Security update. Need your number and PIN now. receiver: I’ll check at the store."
caller: You have unpaid parking tickets. Pay now or be towed. receiver: Which tickets? caller: They’re from the last month. Settle by credit card. receiver: I’ll check with the city.
"caller: I’m from your bank’s security team. We froze your debit card, please provide your PIN for reactivation. receiver: My bank never asks for PINs. caller: It’s a new procedure. receiver: I’m hanging up."
"caller: Charity raffle results are in! You won, but need to pay a release fee. receiver: I haven’t entered any raffle. caller: Maybe a family member entered for you. It’s $30 to claim. receiver: No thanks."
caller: We’re verifying your account. Share your security word and date of birth. receiver: What account? caller: Your primary bank account. Needed for continued service. receiver: I’ll call customer support.
caller: We overcharged you on your last phone bill. Give us your card for a refund. receiver: Carrier usually credits directly. caller: This is faster. receiver: I’ll wait for the credit.
caller: You failed to report for jury duty. Pay a fine now to avoid arrest. receiver: Shouldn’t there be paperwork? caller: Mails sometimes lost. Pay $150 now. receiver: I’ll check with the courts.
caller: I’m from Apple. Your iCloud was compromised. Login now via our secure portal. receiver: I’ll use the official app. caller: That will take longer. receiver: I prefer to be safe.
"caller: Wellness survey here. Participate and win a $100 gift card! Please provide your info. receiver: What info do you need? caller: Name, address, and credit card for prize delivery. receiver: I’m not comfortable sharing."
"caller: Your account will be permanently disabled unless verified in the next 30 minutes. receiver: Verified how? caller: Provide login credentials. receiver: I’ll ignore this message, thanks."
caller: We’re from the city council. Your water bill payment bounced. Provide updated info to avoid shutoff. receiver: I always pay online. I’ll check my statement. caller: Please resolve now—don’t risk shutoff. receiver: I’m not providing info here.
"caller: Government benefits upgrade available, just confirm your details and a $50 fee. receiver: Where do I pay? caller: Here, by gift card. receiver: Government doesn’t ask for gift cards."
caller: You have a pending class action settlement. Confirm your bank to get funds. receiver: Don’t settlements come by check? caller: Bank is faster. receiver: I’ll wait for the letter.
caller: Medical alert company calling. Your adult child ordered a device for you. Confirm address and pay shipping. receiver: Which child? caller: They asked not to be named. receiver: This doesn’t feel right.
"caller: Your online store order failed. Please pay again, or lose your items. receiver: I didn’t order anything. caller: Must be an error, just pay to resolve. receiver: I’ll check my real account."
"caller: You’re pre-approved for a $10,000 loan. Send $200 processing and receive funds. receiver: Can the fee be deducted from the loan? caller: No, upfront payment only. receiver: Then it’s not for me."
caller: I’m with your internet provider. Upgrade speed for free—just confirm your billing info. receiver: Why do you need my billing info? caller: For account verification. receiver: I’ll call the provider myself.
"caller: Your car is about to be repossessed. Pay $500 to cancel the order. receiver: I own my car outright. caller: Database error, but pay to avoid problems. receiver: I’ll call my loan company."
caller: Your child’s school fees are overdue. Pay today via phone. receiver: The school emails me directly. caller: That system is down. Pay $300 now. receiver: I’ll talk to the school.
caller: This is from National Sweepstakes. Send your bank info to claim $1 million. receiver: I didn’t enter. caller: All phone numbers qualify. receiver: No thanks.
"caller: Dear resident, your home insurance has lapsed. Restore by paying now. receiver: Which company are you from? caller: National Home Insurance. receiver: I’ll check with my broker."
caller: Your pet insurance policy rates have decreased. Update your payment info to receive the new rates. receiver: Can you send me more details? caller: Only available over the phone. receiver: I’d prefer using the official hub.
caller: We’re offering free antivirus scan. Download our software to protect your PC. receiver: I already have antivirus. caller: Ours is more powerful. Just try it now. receiver: I’ll stick with mine.
caller: You missed a doctor appointment. Pay a $50 cancellation fee now. receiver: I’d rather speak with the clinic. caller: We handle billing for all clinics. receiver: I’ll call directly.
caller: Help desk here. Your account will expire. Reset it here. receiver: What account? caller: Your main email. Act now. receiver: I’ll use the official portal.
"caller: Your tax info needs updating, provide your SSN and employer details. receiver: Are you from the IRS? caller: Yes, this is standard. receiver: I’ll call the IRS myself."
caller: Your kid’s camp registration is incomplete. Finalize by paying today. receiver: My kid never goes to camp. caller: We have your contact. receiver: I’m not interested.
caller: I’m calling from your alumni association with a donation drive. receiver: How did you get my number? caller: From school records. Give card info for donation. receiver: I’ll check the website.
caller: You’re a finalist in our dream home giveaway! Confirm by transferring funds for taxes. receiver: Why do I pay taxes before getting the house? caller: It’s standard procedure. receiver: I’ll pass.
"caller: Your grocery order is delayed, verified info needed to process delivery. receiver: I didn’t order groceries. caller: Maybe a family member did. Confirm details. receiver: No thanks."
"caller: This is your mobile provider. Data limit reached. Buy more now or lose service. receiver: That’s never happened before. caller: System upgrade, immediate charge needed. receiver: I’ll call support."
caller: Amazon Prime auto-renewal failed. Provide card info to avoid interruption. receiver: I use PayPal for Prime. caller: We can update PayPal here. receiver: I’ll use the official site.
caller: Your business is prequalified for a grant. Process it with a $75 fee. receiver: What’s the grant? caller: For small businesses. Fee due now. receiver: No thanks.
"caller: Police fund donation drive, help by giving your account info. receiver: I thought fundraising was in person. caller: This is faster! receiver: Not interested."
caller: Your friend was in a car accident abroad. Send money for hospital bills. receiver: Which friend? caller: It’s confidential until paid. receiver: I’ll call them.
caller: We’re confirming your voter registration. Share your address and SSN. receiver: That doesn’t sound right. caller: It’s a new policy. receiver: I’ll hang up.
"caller: Social media lottery winner! Collect your cash by verifying your bank. receiver: Does anyone really win these? caller: Yes, you! Act fast. receiver: I don’t believe you."
caller: You’re chosen for medical study; earn by sharing health data. receiver: Who runs the study? caller: Leading researchers. Just fill out this form with your info. receiver: Not interested.
caller: Your smart device needs urgent firmware update. Enter your home WiFi password to proceed. receiver: Shouldn’t the device update automatically? caller: This is a security fix. receiver: I’ll check the official app.
caller: There’s a recall on a product you purchased. Claim your refund by confirming your bank details. receiver: What product? caller: It’s confidential. Just verify details. receiver: I’ll call the store.
caller: Your phone was found at a crime scene. Verify your ID or face charges. receiver: What? That’s impossible! caller: Resolve fast by giving your ID now. receiver: I’ll report this call.
caller: You have exclusive event access—provide your payment info for entrance. receiver: Which event? caller: VIP concert tickets. Only for select customers. receiver: I’ll wait for official emails.
"caller: This is the U.S. embassy, your visa needs urgent renewal payment. receiver: Why wasn’t I emailed? caller: Embassy changed protocol. Pay now to avoid legal issues. receiver: I’ll check with official channels."
caller: There’s a billing issue with your streaming service. Enter card to avoid suspension. receiver: I’ll log in to my account securely instead. caller: You might lose access. receiver: I’ll take the chance.
caller: Your account security was breached. Confirm your PIN for safety. receiver: My provider never asks for PINs. caller: This is urgent. receiver: I’m ending the call.
caller: You qualified for exclusive travel deals. Book now by providing your payment details. receiver: I’ll use my travel agency. caller: These are not publicly available. receiver: I’m not interested.
caller: Online survey company—win $100 by sharing your bank info for payout. receiver: Isn’t PayPal safer? caller: Direct deposit only. receiver: No thanks.
caller: You’re a selected participant in a new pharmaceutical trial. Share medical and insurance info. receiver: Do you work for my doctor? caller: We work with many physicians. receiver: I’ll skip this.
caller: Student grant available. Secure yours now with a $60 application fee. receiver: I don’t usually pay to apply for grants. caller: This is a one-time offer. receiver: I’ll pass.
caller: Update your subscription profile to avoid losing service. Verify login and payment now. receiver: I’ll use the company’s site. caller: Phone update is faster. receiver: I’ll do it my way.
caller: Your granddaughter was in an accident. Send money for hospital expenses. receiver: Who is this? What’s her name? caller: We’re not authorized to give details. receiver: I’ll call my family.
caller: We found a refund for you! Confirm your card to process it. receiver: Why not use my original payment method? caller: Need info for security. receiver: I’ll wait for proper notice.
caller: I’m your building manager. Maintenance fees must be paid NOW by card. receiver: This feels off. I’ll bring a check to the office. caller: Immediate payment only. receiver: Goodbye.
