dialogue
"caller: Hello, this is Linda from your bank’s security department. We’ve noticed unusual activity on your account. Could you please confirm your card number for verification? receiver: Oh, that’s concerning! Which account are you referring to, and what activity? caller: For your safety, I can’t disclose details until you confirm your identity. Please provide your card number and expiry date."
"caller: Congratulations! You've won a free cruise. All you need to do is verify your information for the ticket. receiver: Wow, really? What information do you need? caller: Just your full name, address, and a small processing fee with your credit card."
"caller: Good afternoon, am I speaking with Mr. Johnson? receiver: Yes, who is this? caller: I’m from the IRS. You owe back taxes and need to pay immediately to avoid arrest."
"caller: Hello, we've detected a virus on your computer. Allow me remote access and I’ll fix it. receiver: Oh no, how do I do that? caller: I’ll guide you—open the TeamViewer app and read out your ID number."
"caller: Hi, this is Paypal security. There's a breach in your account. receiver: Really? I didn’t notice anything. caller: Verify your email, password, and last transaction to secure it."
"caller: Dear customer, your package is stuck at customs. Please pay the release fee. receiver: I don’t remember ordering anything. caller: It could be a surprise gift. We need $50 to release it."
"caller: This is Amazon. We suspended your account due to suspicious activity. receiver: Oh, how do I reactivate it? caller: Provide your login details and billing info for verification."
"caller: Hello, your electricity will be disconnected for nonpayment. Pay immediately to avoid blackout. receiver: What? I thought my bill was paid. caller: There’s an urgent balance. Settle it via prepaid voucher right now."
"caller: Hi, you've been selected for a government grant. receiver: That’s amazing! What do I do? caller: Send a small processing fee to claim your $10,000."
"caller: Your social security number was used in a criminal activity. receiver: How is that possible? What should I do? caller: To clear your name, verify your SSN and bank account now."
"caller: I am calling from Microsoft Support. Your Windows license will expire unless you renew now. receiver: Oh, I wasn’t aware of that. caller: Please give me your license key and payment details."
"caller: Congratulations, your mobile number won $5,000! receiver: Is this real? How do I claim it? caller: We need your personal bank info for direct transfer."
caller: This is the police department. There’s a warrant for your arrest due to unpaid fines. receiver: But I’ve never gotten a ticket! caller: Resolve it out of court by paying with Apple cards today.
"caller: Our records show your vehicle warranty is expiring soon. receiver: Which vehicle is that? caller: For privacy, I can verify with your model and VIN."
caller: Your Apple ID has been locked. receiver: How can I unlock it? caller: Answer your security questions and provide your date of birth and password.
caller: We’re calling about your recent banking transaction. receiver: I haven’t made any big transactions lately. caller: Please confirm your last three withdrawals to proceed.
"caller: This is your grandson! I’m in jail and need money to get out. receiver: Oh my goodness, is that really you, Timmy? caller: Yes, please send money through Western Union fast."
caller: I'm from Google. You’ve won the annual raffle. receiver: That's surprising. How do I get my prize? caller: Just provide your bank details for transfer purposes.
caller: Your Netflix subscription has been suspended. receiver: Why did that happen? caller: Please log in on our secure link and confirm your payment details.
caller: You have an outstanding health insurance claim. receiver: I didn't submit a claim recently. caller: We need your policy number and SSN to locate it.
"caller: Greetings, your email account will be disabled. receiver: But I use it every day! caller: Log in on our special page to prevent deactivation."
"caller: Facebook is verifying all accounts. receiver: Is this mandatory? caller: Yes, or you could lose access. Send your login, password, and date of birth."
caller: You have a court summons for jury duty. receiver: No one told me. How do I comply? caller: Verify your identity with your SSN and address.
"caller: This is Visa. Your credit limit has been breached. receiver: I rarely use my card. caller: To resolve this, verify your card information now."
"caller: We are from the United Nations lottery. receiver: Can you tell me more? caller: There's a $100 fee for processing before sending your $500,000 check."
"caller: Hello, your tax refund is overdue. receiver: But I haven’t even filed yet. caller: Provide your bank account so the IRS can wire your refund."
caller: We’re updating your health records. receiver: What do you need from me? caller: Your insurance number and birth date to complete the process.
"caller: I’m from Microsoft, there are errors on your PC. receiver: How did you detect them? caller: Our server logs show constant malware contacts from your device."
caller: Your Amazon order cannot be shipped without confirmation. receiver: I didn’t place an order. caller: Please enter your login info to cancel and avoid charges.
caller: Winning alert! You have won a home makeover. receiver: I don’t remember entering any contest. caller: Anyone with a phone qualifies! Just pay a small processing fee.
caller: I’m calling from a charity for children with medical needs. receiver: How can I help? caller: Donate with your credit card and you’ll get a receipt.
caller: Upgrade your data plan and enjoy unlimited internet. receiver: What’s the catch? caller: Just confirm your SIM number and ID.
"caller: This is your mobile provider. Your SIM is being transferred. receiver: I didn't request that! caller: To stop, read out the PIN sent to your phone."
"caller: Hello, I noticed you missed jury duty. receiver: I wasn’t notified about it. caller: Settle the fine by purchasing gift cards and reading the numbers."
"caller: Your phone battery is eligible for a free replacement. receiver: How do I get it? caller: First, pay the shipping via wire transfer."
"caller: Your Google Drive storage is full. receiver: Do I need to pay? caller: Yes, upgrade your account—just provide your card details."
caller: I’ve hacked your account. Pay me $500 in bitcoin or I release your photos. receiver: What photos? caller: You know which ones. Don’t risk embarrassment.
"caller: This is your mobile bank. Reset your PIN now to keep your account secure. receiver: Okay, how do I do that? caller: Tell me your old and desired new PIN."
"caller: Hello, your insurance claim is approved—we just need your bank details for payment. receiver: I don’t remember making a claim. caller: It must be an error, let’s verify your info anyway."
caller: This is business support from your domain provider. receiver: Is something wrong with my domain? caller: Give me your password to resolve a critical suspension.
caller: You’ve been overcharged on your last internet bill. receiver: That’d be great to fix! caller: Confirm your billing and bank details to process the refund.
caller: You’re eligible for a loan at 0% interest. receiver: I could really use one. What’s required? caller: Send your SSN and bank account for immediate approval.
"caller: This is Apple support. Did you authorize a purchase for $1,299? receiver: No, I didn’t! caller: Give me your Apple ID and password to block it."
caller: You have a package waiting at the post office. receiver: I wasn’t expecting anything. caller: Pay the customs release tax to have it delivered.
"caller: Netflix has new rules—accounts must be verified. receiver: Do I need to? caller: Yes, log in using our link to continue service."
"caller: We’re from your law firm, there’s an urgent legal matter. receiver: What did I do? caller: We can't disclose details unless you verify your full name and address."
caller: Increase your credit score in 24 hours! receiver: How is that possible? caller: Pay a $75 fee and give your SSN to start.
caller: Your PayPal account is temporarily frozen. receiver: What should I do? caller: Enter your credentials at the provided link.
"caller: You left your wallet at our store. receiver: Where? caller: To mail it back, I need your home address and a small postage payment."
"caller: This is tech support. If you don't update your software, you’ll get locked out. receiver: Please help me update. caller: I need your admin password for remote assistance."
"caller: Your kid won a scholarship, but we need a registration fee. receiver: Oh, that’s wonderful! caller: Please send $100 today to hold the spot."
"caller: You failed to pay a medical fee. receiver: I don't remember owing anything. caller: Confirm your name, address, and card number so we can check."
caller: Your order can’t ship without further details. receiver: Which order? caller: Confirm by logging into your “order portal” using this link.
caller: I'm with your mortgage lender. Your payment bounced. receiver: I just paid! caller: There must be a glitch. Share your bank account to verify.
caller: Microsoft noticed illegal activity on your PC. receiver: What do I do? caller: Allow remote access so we can investigate and protect you.
caller: We’re updating our customer rewards program. receiver: What do you need from me? caller: Verify your account by sending your latest bill and ID photo.
"caller: You've been selected for a free investment seminar. receiver: Interesting, where is it? caller: Reserve your seat by paying $50 now."
caller: Your water bill will double unless you update your account details. receiver: I don’t want that! caller: Provide your info to avoid the charge.
caller: This is Walmart. You won a $500 shopping spree. receiver: That sounds amazing! caller: Just give your bank info for the deposit.
caller: You owe money for digital movies purchased online. receiver: I don’t recall buying any. caller: Pay the debt now to avoid court action.
caller: We detected multiple sign-ins to your account. receiver: Was my account hacked? caller: Possibly. Give your current password for reset.
caller: Your business is being suspended for tax irregularities. receiver: That’s not good. What can I do? caller: Provide your business EIN and bank details to resolve.
"caller: Your account is under review for fraud. receiver: How can I clear it? caller: Verify SSN, mother’s maiden name, and recent transactions."
caller: You’re a finalist in a sweepstake. receiver: What did I win? caller: Potentially a car or cash. Secure your spot by paying $79 now.
caller: A secret admirer sent you flowers. receiver: Really? From who? caller: Their privacy is protected. Just pay the delivery fee to receive them.
"caller: It's your mobile provider. Service will be suspended for non-payment. receiver: But I paid last week. caller: To avoid disconnection, pay the overdue amount by phone."
"caller: Your account has pending suspicious charges. receiver: Help me fix it, please! caller: Provide your bank card details for immediate reversal."
caller: I’m a lawyer handling an inheritance for you. receiver: Inheritance? From whom? caller: A distant relative. I need your ID and bank details for the transfer.
"caller: We have your lost pet. receiver: Oh! Where is she? caller: To get her back, deposit a finder's fee into our account."
caller: Your WhatsApp will be deactivated soon. receiver: I use it every day! caller: Forward your phone number and the code you receive to stay active.
caller: Your eBay account will be banned for policy breach. receiver: What policy? caller: Provide login info to appeal the ban.
caller: I’m from the loan department. Your pre-approval is ready. receiver: Really? I was hoping for a loan. caller: We only need your banking details to begin.
caller: You can fix your credit report instantly! receiver: I’d love that. caller: Enter your SSN and pay through our portal.
caller: This is from unemployment services. receiver: Is there a problem? caller: Your benefit will be suspended unless you confirm your SSN and bank account.
caller: Your family member had an accident. receiver: Is everyone okay? caller: They need urgent funds for treatment. Send money fast.
caller: A large transaction was flagged on your debit card. receiver: I never made any. caller: Please confirm your account number to dispute it.
"caller: Your luggage is being held at airport customs. receiver: Oh, I just traveled last week! caller: Pay a release fee to get it delivered home."
caller: Your Gmail account will close soon. receiver: How can I keep it open? caller: Log in using our link and confirm your security details.
caller: There’s a problem with your phone subscription. receiver: What’s happened? caller: Confirm your account and payment info to rectify.
caller: Your bank account password needs to be updated. receiver: Why? caller: For security. Please provide old and new passwords.
caller: You’ve been listed as a COVID relief recipient. receiver: How do I claim assistance? caller: Give your financial details to process the grant.
"caller: I’m from the city office. Your property taxes weren’t paid. receiver: Is there a fine? caller: There is, but you can pay online now to avoid extra fees."
"caller: This is the police, we found illegal material on your IP. receiver: That’s impossible! caller: To avoid prosecution, pay a settlement now."
"caller: Play the lottery? You won $100,000! receiver: No way! caller: Claim it by providing your social and bank account."
"caller: You have an uncollected FedEx parcel. receiver: What are the charges? caller: Just a $30 delivery fee, pay by card."
caller: Your fingerprint is required for smartphone access. receiver: How do I send that? caller: Upload it to our “security” site.
"caller: I’m an old friend, and I lost my wallet. Need quick help. receiver: Oh, sure, how much do you need? caller: $200 sent to my PayPal will fix it."
"caller: Your pension account needs immediate verification. receiver: What do you need from me? caller: Your SSN, address, and last deposit date."
"caller: Your Facebook was accessed from a new location. receiver: I’m scared, what do I do? caller: Tell me your password so I can secure it."
"caller: Good day, you won a new TV! receiver: That’s incredible. What’s the catch? caller: Just pay shipping and processing via bank transfer."
"caller: I'm calling from tech support, and your internet is about to be suspended. receiver: I work from home, I can’t lose it! caller: Let’s verify your router and bank info to restore service."
caller: You have an unpaid toll fee. receiver: I haven’t traveled lately. caller: Pay now to avoid penalty—credit card accepted.
caller: Charity drive for disaster victims—would you like to donate? receiver: Of course. How does it work? caller: Provide your card details for secure donation processing.
