dialogue
"caller: Hello, this is John from your bank. We noticed suspicious activity on your account. Could you verify your account number for me? receiver: Oh, that's worrying! But how do I know this is really my bank? caller: I understand your concern. We prioritize your security; that’s why we’re calling from this private line."
"caller: Congratulations! You've won a $1,000 gift card. All you need to do is share your address and banking details to claim your prize. receiver: That sounds too good to be true. Can you tell me where I entered this contest? caller: Of course. Your number was entered through our promotional campaign last month."
"caller: Good afternoon, I'm with the IRS. There is an urgent issue with your last tax filing. Please confirm your Social Security number. receiver: Are you sure you're from the IRS? I thought you only sent letters. caller: We do both. This call is to prevent legal action against you."
"caller: Hello, we’re calling about your computer. We've detected a virus and need remote access to fix it right away. receiver: That’s strange, my antivirus shows everything is fine. Can you tell me which company you’re with? caller: We’re partnered with Microsoft to ensure your safety."
"caller: Hi, this is the fraud department. Somebody tried to use your card in another country. Can I verify some details with you? receiver: Okay, what information do you need? caller: Just your card number and expiry date to confirm your identity."
caller: This is Amazon support. There's a problem with your recent order. Can you confirm your login email so we can assist you? receiver: My login email? I’m not sure I want to share that over the phone. caller: We need it to confirm the order and process your refund.
"caller: Hello! You’ve been selected to receive a government grant of $10,000. I just need your banking details for processing. receiver: I never applied for a grant. How did you get my number? caller: Your number was selected at random as part of a relief program."
"caller: Your PayPal account is suspended. To recover it, tell me your username and password, please. receiver: I’ll just go online and check myself. caller: Unfortunately, the suspension only lifts if done through this security call."
caller: This is Officer Brown from your local police department. There's a warrant out for your arrest unless you pay a fine immediately. receiver: What? A warrant? I haven’t done anything wrong! caller: We can sort this quickly if you provide your payment info now.
"caller: Hi, I’m with your internet provider. We noticed unauthorized access and must reset your password. May I have your current one? receiver: That seems odd. Shouldn’t you reset it without needing my password? caller: To verify your identity, it’s required. It’s for your own security."
"caller: Your friend sent you a gift! But I need your address to deliver it. Can you share it now? receiver: Which friend sent it? caller: They wanted to remain anonymous, but said you’d appreciate the surprise."
"caller: We’re calling about your health insurance. If you don’t confirm your details, your coverage may be canceled. receiver: Can you tell me which insurance company? caller: Due to privacy, we cannot reveal company names until after verification."
caller: Your phone is eligible for a free upgrade today. Please provide your IMEI and account info. receiver: Really? What’s the catch? caller: No catch at all. We just need to verify ownership before shipping the new phone.
"caller: I’m a lawyer calling on behalf of a deceased relative. You’re set to inherit money, but need to pay a small release fee. receiver: Which relative are you talking about? caller: I can only disclose information after confirming your identity."
"caller: Facebook detected suspicious logins. Please share your password so we can secure your account. receiver: I thought Facebook never asks for passwords over the phone? caller: In urgent cases, we must verify to protect your information."
"caller: This is your electricity provider. Your bill is overdue. To avoid disconnection, make an immediate payment by phone. receiver: I usually pay online. Why are you calling me? caller: Online payments are down. Phone is the only available option now."
caller: My name is Monica from tech support. We found errors in your computer logs. Can you download a program so we can assist? receiver: What’s the name of the program? caller: I’ll give you a safe link. It’s our official support tool.
caller: Your child was involved in an accident. Medical bills must be settled immediately. Will you pay now? receiver: Who are you? My child is home safe. caller: Hospital policy requires verification before releasing information.
"caller: Hello, we've identified that you've been paying double for your car insurance! Want a refund? Please provide your policy details. receiver: That's odd. Can you tell me the company you are with? caller: We work with several insurers, that’s why we need your info to confirm."
"caller: I am from the court. You missed jury duty and now face a fine. Pay now, or you’ll be detained. receiver: Can you send something in writing? caller: Payment must be made immediately to avoid further action."
"caller: You have a parcel stuck at customs. Pay the release fee with your card, and we'll deliver it right away. receiver: What company is delivering the parcel? caller: It’s via international courier, but I can only release details after payment."
"caller: There’s an urgent update for your account. Please provide your username and PIN so we can protect your assets. receiver: I don’t think I should share my PIN over the phone. caller: Without it, your assets may be at risk."
"caller: I represent the lottery board. Your number came up a winner! Before transfer, confirm your bank account to receive funds. receiver: I didn’t enter the lottery. How is this possible? caller: Sometimes people are entered automatically by phone service providers."
"caller: This is the water department. Your payment didn’t process; please provide card details to avoid suspension of service. receiver: That’s strange—I haven’t had any payment issues before. caller: Our system updated recently, so some accounts are affected."
caller: I’m your neighbor—I’ve lost my wallet. Can I borrow your credit card details to book a taxi home? receiver: Which house do you live in? caller: I just moved in next door—number 32.
caller: This is a security call. Your home alarm is malfunctioning. Please provide your security code to reset it. receiver: What’s your company name? caller: We manage national security systems for several brands.
caller: We’re collecting donations for natural disaster relief. Can you contribute by providing your card details over the phone? receiver: Can I make a donation online instead? caller: Phone donations are faster and go directly to victims.
"caller: Hello, your antivirus subscription is expiring. To renew, give your card information and we’ll process it instantly. receiver: I’m not sure I have an antivirus. Which company is this? caller: We handle subscriptions for multiple companies."
caller: There’s a warrant on your name for tax evasion. Verify your address and SSN now to clear the record. receiver: Can you provide documentation? caller: It’s only available after identity verification.
caller: I’m from the shipping company. Your package is undeliverable. Can you provide your exact address and postcode? receiver: What is the tracking number? caller: I’ll confirm after your address due to privacy rules.
"caller: As a valued customer, we offer free airline miles. Confirm your card number to activate. receiver: Can you send me an email about this? caller: This offer is only available by phone today."
"caller: Your grandchild is in trouble and needs bail money. How soon can you wire the funds? receiver: Which grandchild is this? What’s their full name? caller: Sorry, we can only discuss upon payment for privacy."
caller: A legal case was opened in your name in another state. Verify your identity to resolve this now. receiver: Which state did you say? caller: I’ll tell you once I confirm your SSN.
caller: This is PayPal security. Someone purchased a $500 TV using your account. Please verify your login and card info. receiver: I haven't noticed such a charge. Can you send a confirmation email? caller: The charge is pending; it can only be resolved by phone now.
"caller: I’m from the student loan services. You’re eligible for debt relief, but need to verify your loan number. receiver: That sounds good. Can you mail me details first? caller: This offer expires today, so we need to do this now."
caller: Your Apple iCloud was breached. Give your Apple ID and password to secure your account. receiver: How can I know you’re really with Apple? caller: We’re outsourced support; we help users like you every day.
caller: This is the city tax office. You have an overdue tax bill. Pay now or legal action will be taken. receiver: I always pay my taxes. Can I see a bill? caller: Our calls precede billing due to urgency.
caller: We’re from your network provider. You won six months of free service; just give your account login. receiver: I’ve never heard of such a promotion. caller: It’s a loyalty reward for long-term users.
"caller: You’ve been reported for a copyright violation. To clear your name, give your full details now. receiver: Where was this violation? caller: We must confirm your identity first per company policy."
"caller: This is your gym. Your membership needs urgent renewal payment. Can I process your card? receiver: Can you send me a payment reminder by email instead? caller: Unfortunately, this is only available as a phone promotion now."
"caller: There’s unusual spending on your credit card in another country. To stop the transaction, I need your card details. receiver: That’s strange. Can you tell me where the transaction took place? caller: For privacy, I need to verify your identity first."
caller: This is Netflix support. Your subscription is about to end due to a billing error. Provide card info to continue service. receiver: I always pay via PayPal. Why the change? caller: There’s a new billing process requiring direct payment.
"caller: Hello, this is from the mortgage office. There’s a problem with your latest payment. Please confirm your bank account. receiver: Can you send a notification through my usual account? caller: There’s a system issue, so we’re resolving by phone."
caller: We’re offering you a special deal on your car insurance renewal. Let’s update your address and payment method. receiver: I just renewed last week. caller: This is an exclusive upgrade offer only for select clients.
"caller: I’m from Amazon security. Someone tried to order a $1,000 phone. Confirm your login details to cancel. receiver: Can’t I just log in and check myself? caller: The order is locked; it must be unlocked by a verifier."
caller: Your employer reported a payroll issue. Please confirm your direct deposit information to avoid missed payment. receiver: My employer has all my details. Why do you need them? caller: There’s an update required for new payroll processing.
caller: I’m from the Department of Motor Vehicles. Your driver's license is suspended unless you verify your SSN. receiver: The DMV never calls. How do I know this is real? caller: This is a new fraud-prevention protocol.
"caller: Your health plan is eligible for a refund. Provide your account info so we can transfer your money today. receiver: I’ll check with my provider first, thanks. caller: This offer expires in the next hour; waiting may cost you the refund."
"caller: I’m with the contest hotline. You won a free vacation, but must pay a processing fee now. receiver: What’s the company holding the contest? caller: Due to legalities, I can’t reveal the sponsor until you pay."
"caller: This is the college admissions office. Your application is missing information—verify your identity now to complete. receiver: I always handled applications online. caller: For urgent updates, phone verification is required."
caller: This is from Uber. There was a problem with your last ride. Please confirm your card information. receiver: I paid for my ride already. What kind of problem? caller: It was a backend processing error.
caller: I am calling from the pet microchip registry; your pet’s details are outdated. Can I have your full information for the upgrade? receiver: Which pet is this for? caller: Our system doesn’t display the name until you verify.
caller: Your bank account has been locked due to suspicious access. We can unlock it if you provide the last four digits of your SSN. receiver: Can I visit my branch instead? caller: The local branch may not have access; only we can assist now.
"caller: This is your mobile carrier. We received a request for a SIM swap. If this wasn’t you, confirm your number and PIN. receiver: I didn’t make a request. Can you tell me where the request came from? caller: Unfortunately, we need to confirm your identity first."
"caller: You qualify for a home improvement grant. Share your bank info to get started. receiver: Can you send more info via mail? caller: Due to high demand, responses are phone-only."
caller: Your child's school fees are overdue. Settle now with your card to avoid late penalties. receiver: I’ve already paid the fees online. caller: Our system shows pending status as of today.
"caller: I am from the Social Security Administration. There’s a problem with your number. Tell me your SSN to resolve it. receiver: I heard that’s not safe to give out. Can you send a letter? caller: This is an urgent case, so time is critical."
"caller: Your favorite streaming service is offering a premium account upgrade at no cost. Confirm billing info for activation. receiver: I’m interested. What’s the service called? caller: For privacy, I’ll confirm once I have your info."
"caller: I’m calling about your hotel reservation. Payment failed, and we need to re-process your card urgently. receiver: I booked through a travel website. Shouldn’t they handle payment? caller: There’s a direct hotel charge required in this case."
"caller: Your email was used in a security breach. Give your password here to secure your account. receiver: No, I can reset my password myself. caller: It may be too late if you wait; the breach is active."
caller: You’ve missed a payment on your online shopping order. Please provide card info to prevent account suspension. receiver: I see no alerts online. Why is that? caller: Account alerts take 24 hours; this call is to help avoid delays.
"caller: We’re with the National Census. Confirm your full name, address, and date of birth. receiver: I usually fill that in on the paper forms. caller: This year we’re verifying by phone for accuracy."
caller: A hacker targeted your Wi-Fi. Share your router password for a security update. receiver: I’ll let my provider know. caller: Updates must happen from our side to stop the threat.
caller: You were overcharged on a recent bill. Can you confirm your bank info so we can apply a refund? receiver: I think refunds usually go automatically. caller: Our system is manual due to recent changes.
"caller: We’re [bank name] and noticed unrecognized charges. To secure your account, confirm your account number and address. receiver: I’ll visit a branch instead, thank you. caller: If you wait, your account may be compromised further."
caller: This is from your health clinic—urgent blood test results are in. Call us back and verify your identity immediately. receiver: Can you mail the results to my doctor? caller: Results are released by phone only for privacy.
"caller: I’m calling on behalf of your utility company. There’s a security deposit refund pending. Provide your card to claim. receiver: I thought everything’s billed through my regular statements. caller: This is a special refund, separate from routine billing."
"caller: Your app store account has unauthorized purchases. To resolve, please share your account and payment details. receiver: I’ll check my statement first. caller: Waiting risks more unauthorized transactions."
caller: I see you lost your wallet. Call me back at this number if you want it returned—just confirm your address for delivery. receiver: Where did you find my wallet? caller: At a local store. Just verify your details to claim it.
caller: We are the census verification team. You are required to confirm your citizenship number over the phone. receiver: I thought census was only by mail or online now. caller: Phone verification is mandatory for selected individuals.
"caller: You’ve won exclusive event tickets for your city! To process, send your credit card and ID details. receiver: Where do I get more event information? caller: Details will be sent after identity confirmation."
"caller: As a valued customer, you’re eligible for a free refrigerator. Confirm address and card for delivery fee payment. receiver: How do I know this isn’t a scam? caller: You’ll receive written confirmation after your info is received."
"caller: My name is Eric, I’m a student stranded abroad—your help can save me. I need emergency funds urgently. receiver: Who are you? I don’t know anyone named Eric. caller: Your contact was shared by a friend who trusts you."
caller: Your social media contest entry is selected for a cash prize. Confirm your identity to collect. receiver: I never entered such a contest. caller: It was an automatic entry from your online activity.
"caller: This is [bank name] account recovery. Answer security questions, then provide your online banking password. receiver: I don’t share passwords with anyone. caller: It’s a temporary step for account protection."
caller: Your tenant reported a plumbing emergency. Approve repairs by providing your bank info for payment. receiver: Let the property manager handle it directly. caller: The manager said to call you for payment approval.
caller: You’ve inherited property overseas—send your ID and card info for transfer paperwork. receiver: I don’t have family abroad. caller: Sometimes distant relatives leave unexpected inheritances.
caller: We’re processing your unemployment benefits—please verify your SSN and banking details. receiver: I already completed everything. Why a call now? caller: There are new federal verifications this year.
caller: Your Amazon Prime will expire unless you update payment now. Can I have your card number? receiver: I renewed last month. Why another update? caller: It’s an updated system requiring confirmation.
caller: You’re being awarded for outstanding community service. We need your details for tax purposes. receiver: Can I get more info by mail? caller: The form must be completed by phone today to meet the deadline.
caller: This is your financial advisor—market shifts require changes to your account. Can you confirm your account for updates? receiver: Why wouldn’t you call from your usual number? caller: My direct line is down. We’re using backup systems.
caller: Congratulations! Your number is the grand prize winner of a luxury cruise. Just pay a booking fee to secure your spot. receiver: Who is the cruise company? caller: I’ll share after payment due to marketing contracts.
"caller: This is tech support. Your router needs resetting. What’s your admin password? receiver: That doesn’t seem right, tech support never asks for passwords. caller: It’s only a temporary measure to help you."
caller: Your online wallet was compromised. Secure it now by providing your PIN and last transaction. receiver: I think I’ll contact wallet support instead. caller: This is faster; the breach could spread imminently.
caller: We’re updating our customer reward listings. Can you confirm your address and payment method for your cash back? receiver: Can you send me a letter instead? caller: Only calls are valid for this period.
caller: This is your dentist’s office. Your insurance provider declined payment. Please confirm card info for settlement. receiver: I’ll call my insurer first.   caller: That could lead to late fees—settle now and be reimbursed.
caller: Your favorite food delivery app wants to refund a failed order. Verify your card so we can proceed instantly. receiver: I’ll check the app and request a refund myself. caller: This refund window is limited—action is required now.
"caller: Your friend tagged you in a viral video, but your account may be at risk. Confirm your login details for restoration. receiver: I don’t think I’ll give out my login details. caller: Not confirming soon may lead to account loss."
caller: We're doing a survey and giving out $100 gift cards. Can we get your Social Security number for verification? receiver: Why do you need my SSN for a survey? caller: It's to prevent multiple entries and fraud.
"caller: Hello, I'm from the power company. We're offering a special discount, but I need your account login to apply. receiver: Can you send me the details by mail first? caller: This discount is for phone applicants only, today only."
"caller: Your medical insurance claim was denied due to incorrect information. Please confirm your date of birth and policy number. receiver: That’s strange. Who are you calling from? caller: The claims processing team, verifying urgent cases today."
"caller: Hi, this is the postal service. We couldn’t deliver your letter. Please give your full address and a payment method for redelivery. receiver: Can’t I pick it up instead? caller: This particular parcel can only be re-delivered for privacy reasons."
