dialogue
"caller: Hello, this is John from your bank’s fraud department. We’ve detected unusual activity on your account. Can you please confirm your account number?   receiver: That’s strange, I haven’t used my card today. What sort of activity did you see?   caller: There was a transfer attempt of $1,500. To stop it, I just need you to verify your account details with me.   receiver: Should I call the number on my bank card to check?   caller: There’s no need for that, our internal line is already handling it. Please, just provide your account number now."
"caller: Hi, you’ve won a $5,000 Walmart gift card! To claim, just share your full name and address.   receiver: Wow, I don’t remember entering any contest. Are you sure this isn’t a scam?   caller: Absolutely not, you were picked at random as a loyal customer. We just need your info to deliver your prize.   receiver: Okay, my name is Susan Hall…   caller: Great! Now your address?"
"caller: This is Microsoft technical support. We’ve detected a virus on your computer. I can help fix it if you give me remote access.   receiver: Are you sure? My computer seems fine.   caller: The virus works silently; please trust me. Go to the website I’ll give you.   receiver: Okay, what’s the website?"
"caller: Congratulations! Your phone number was selected to win a new iPhone14. We only need your social security number for identity verification.   receiver: I’ve never heard of such a thing. Are you for real?   caller: Yes, if you don’t claim now, you’ll miss this chance forever.   receiver: What do I do next?"
"caller: Good evening, I’m with the IRS. You have overdue taxes and may be arrested if you don’t pay now.   receiver: Wait, the IRS doesn’t call people, do they?   caller: This is an urgent case. You must pay using gift cards to clear the debt today.   receiver: Gift cards? That seems odd."
"caller: Hello, your Amazon account is suspended due to suspicious activity. Please give me your password to reactivate it.   receiver: I wasn’t aware of any issues. How do I know you’re really from Amazon?   caller: Check your email for our notification. Meanwhile, I need your password to proceed quickly.   receiver: Alright, let me check my email first."
"caller: I’m calling from the Social Security Office. Your SSN has been compromised. Confirm your SSN and date of birth for security.   receiver: Oh no, how did this happen?   caller: Hackers are using your SSN for illegal activity. Verify your info now to freeze your number.   receiver: Okay, my birthday is... What else do you need?"
"caller: Sir, we have a package for you, but there’s a customs fee. Please provide your credit card information to complete delivery.   receiver: Who’s the sender? I wasn’t expecting anything.   caller: The sender’s information is confidential until payment is made. Just give your credit card details to resolve this.   receiver: I’d rather not—can you bill the sender?"
"caller: Good day, your PayPal account login attempt failed from Russia. To secure it, share your login information immediately.   receiver: That’s alarming. Is my money safe?   caller: If you act now and provide your password, I’ll lock out the attacker. Otherwise, funds could be lost.   receiver: I’ll log in myself and change the password, thanks."
"caller: Hi, I’m from Publisher’s Clearing House. You’ve won $1 million! To unlock your prize, just prepay the processing fee of $500.   receiver: A processing fee? That doesn’t sound right.   caller: It’s required by law to facilitate winnings. Just pay and the check will arrive.   receiver: Can’t you just take it from my prize?"
"caller: Hello, this is Apple support. Your Apple ID has been locked for security reasons. Respond with your Apple ID and password to unlock.   receiver: Is there a way to do it online myself?   caller: Unfortunately not, this can only be solved over the phone. Please provide the details now.   receiver: I’d rather handle it myself, thank you."
"caller: I’m from UNICEF, raising money for children in need. Can you donate using your bank card over the phone?   receiver: I usually donate online. Can you send me a link?   caller: This campaign is phone-only for security. Please provide your card number to help children directly.   receiver: Hmm, I’ll pass, thanks."
"caller: You have a court summons pending for jury duty evasion. Avoid arrest by paying a fine over the phone.   receiver: I’ve never missed jury duty. What’s this about?   caller: There’s a mix-up in records. To fix it, pay $700 now or risk jail.   receiver: No way, I’ll call the court directly."
"caller: This is your utility company. Your electricity will be shut off in 30 minutes unless you pay with prepaid cards now.   receiver: I paid last week. Can you check my account again?   caller: Payment failed. To restore your service instantly, read the card numbers to me.   receiver: I’ll call the official number first, thank you."
"caller: Hi, your friend asked us to reach you for emergency assistance. They need $1,000 now.   receiver: Who is my friend exactly?   caller: He couldn’t talk—he’s in trouble. Help by sending funds through Western Union immediately.   receiver: I need more details before I do anything."
"caller: Hello, this is Google Account Services. Your account will be deleted soon. Provide your backup email and password to prevent loss.   receiver: I didn’t receive any warning. Is there proof?   caller: Our system auto-generates notices. Please act now to avoid losing your emails.   receiver: I’ll verify with Google support myself."
"caller: We’re calling about your car warranty, which is about to expire. Renew today by providing your credit card info.   receiver: My car is only a year old. Are you sure it’s expiring?   caller: Yes, policies change frequently. Purchase now to avoid costly repairs.   receiver: No thanks, I’ll check with my dealer."
caller: Your Netflix subscription is suspended. Please update your billing information with me to restore service.   receiver: How did you get my number?   caller: You registered it with Netflix. Let’s update your card details now.   receiver: I’m not comfortable sharing that over the phone.
"caller: Greetings, your eBay account has been hacked. Give your login details for immediate recovery.   receiver: I’ll just change my password online.   caller: If you do it yourself, the hacker may block you. It’s safer if I do it.   receiver: I’ll take my chances, thanks."
"caller: This is your landlord. The online rent system isn’t working. Please wire your rent to this new account.   receiver: That’s unusual, you’ve never asked for a wire before.   caller: The digital portal is down. This is just for this month. Can you wire it today?   receiver: I’ll wait until the portal is back."
caller: Your Facebook profile has been flagged for inappropriate content. Confirm your login and password to avoid deactivation.   receiver: I don’t recall posting anything bad.   caller: Someone reported you. Verify now to keep your account.   receiver: I’ll handle it with Facebook directly.
caller: This is the Department of Motor Vehicles. Your license will be revoked unless you pay a reinstatement fee right now.   receiver: That’s the first I’ve heard of it. I haven’t done anything wrong.   caller: The system flagged your renewal. Pay now or lose your license tomorrow.   receiver: I’ll call the DMV directly to check.
"caller: I’m from Medicare. Your benefits are set to expire. Please confirm your Medicare number and date of birth to continue coverage.   receiver: Am I supposed to get notifications like this by phone?   caller: This is an urgent renewal. Without it, you’ll lose your benefits.   receiver: I’ll visit my Medicare portal instead."
"caller: Hello, you’ve been selected for early access to a COVID-19 vaccine. Reserve your spot with your health insurance info.   receiver: I wasn’t aware of sign-ups like this by phone.   caller: This is invitation-only. Share your insurance info to lock in your appointment.   receiver: I’ll talk with my doctor about it instead."
"caller: I’m from your internet provider, and your usage exceeded the limit this month. To avoid cutoff, pay the overage now.   receiver: I’m on an unlimited plan.   caller: There were changes recently. Pay $90 now to restore your speeds.   receiver: I’ll call customer service."
"caller: You’re eligible for student loan forgiveness. I’ll need your loan number and login to process your application.   receiver: I’ve already applied through the official site.   caller: This is a limited-time offer. Provide your details or miss out.   receiver: I’m going to stick with the website, thanks."
caller: Attention! Your computer camera is hacked. We recorded personal content and will release it unless you pay $600 in bitcoin.   receiver: How do I know this isn’t a bluff?   caller: We’ll send proof if you don’t pay. Time is running out.   receiver: I need evidence before believing you.
"caller: Hello, you’ve inherited assets overseas. To release the funds, pay a legal fee and provide your bank info.   receiver: I don’t know anyone abroad.   caller: Distant relatives often leave surprise inheritances. Don’t miss out!   receiver: I’m not interested, thank you."
"caller: I’m from the census bureau. For a government reward, answer a few questions and give your financial info.   receiver: Does the real census do this?   caller: This is a special program for select participants.   receiver: I’ll decline."
caller: Your business profile is at risk of deletion. Act quickly by providing your EIN and business account number.   receiver: I didn’t get any warning email.   caller: This is a final courtesy call. Share your information to protect your business.   receiver: I’ll check with my bank instead.
"caller: Hello, your password was found in a data leak. To secure accounts, answer security questions now.   receiver: What website was leaked?   caller: For security, I can’t say. I just need your answers to help.   receiver: I’ll reset passwords myself."
"caller: Hi, this is Amazon Delivery. Your package needs address confirmation. Please provide your card details for reshipping.   receiver: Why do you need my card for delivery?   caller: It’s for verification purposes only.   receiver: I’ll update my address online, thanks."
caller: Your mobile service will stop today unless you pay the overdue bill. Use gift cards at your nearest store to settle.   receiver: Why can’t I pay online?   caller: Our portal is down. Gift card is the only way for today.   receiver: I’ll wait for the site to come back up.
"caller: Hello, you’re the winner of an all-inclusive cruise! Confirm with your sense of security by giving your card information.   receiver: I don’t even remember entering any contest.   caller: You were chosen from a nationwide directory.   receiver: That sounds sketchy, no thanks."
"caller: Good morning, you’re owed a tax refund. Share your bank routing and account number so we can deposit the funds.   receiver: Can’t you just mail me a check?   caller: Direct deposit is required for speed.   receiver: I’ll wait for a paper check."
"caller: This is your mobile app store. Your last purchase was declined. To prevent account lockout, confirm your credit card number.   receiver: Which purchase are you referring to?   caller: Your latest in-app purchase. It failed. Share your card now to unlock.   receiver: I’ll double-check in my app."
"caller: Police department here. There’s a warrant for your arrest, but you can pay a fine now to avoid jail.   receiver: What’s the charge?   caller: That information is confidential. Act now and pay $900 to make it go away.   receiver: I’ll speak to a lawyer."
"caller: Hi, from your insurance company. There’s an error on your last claim. Provide your SSN and account login to appeal.   receiver: I didn’t notice anything on my statement.   caller: The system makes mistakes—act fast.   receiver: I’ll call the main office."
caller: Your credit score dropped. Confirm your full social and address to fix possible fraud on your report.   receiver: How do I know this is legit?   caller: I’m just trying to help you. Share your social now.   receiver: I’ll check with my credit bureau.
caller: Medical outreach here—you've been exposed to a virus. Confirm your health insurance and SSN for immediate assistance.   receiver: Shouldn’t you call my doctor first?   caller: We’ve contacted them. Please help us help you.   receiver: I’ll let my doctor know.
"caller: Hi, there’s been an issue with your last Amazon payment. Please confirm your card info to restore your account.   receiver: I paid everything on time. Can you send me proof?   caller: Our system flagged you. Fix it now with your details.   receiver: I’ll call Amazon directly."
"caller: You missed a jury duty notice. To avoid legal trouble, pay a fine by reading off a prepaid card code.   receiver: I never got a letter about jury duty.   caller: Sometimes letters get lost. Take care of this now to be safe.   receiver: I’ll ask my local court first."
caller: I found suspicious activity linked to your bank account. Tell me your debit card numbers to confirm legitimacy.   receiver: Can you specify what happened?   caller: Transfers and charges outside the country. Help me protect you by sharing your numbers.   receiver: I’m going to call the bank myself.
"caller: Your Instagram account will be deleted for copyright violations. Prevent this by providing your login credentials now.   receiver: What post violated the rules?   caller: For privacy, I can’t say. Act now or lose your account.   receiver: I’ll use the app to check."
"caller: You’ve qualified for a lower interest rate on your credit card. To begin, I’ll need your current card details.   receiver: Can’t you use my existing account info?   caller: Verification is required. Share the details now.   receiver: I’ll contact my bank if I want changes."
"caller: This is the warranty department. Your fridge is at risk due to expired coverage. Confirm your home address and pay now.   receiver: I’ve never had a warranty with you.   caller: Our records show otherwise. To avoid higher fees, pay today.   receiver: I’ll need documentation first."
"caller: You won a year of free groceries, but must pay shipping for your card. Please use your debit number.   receiver: Isn’t shipping supposed to be free for prizes?   caller: It’s a regulation to prevent fraud.   receiver: No thanks, I’ll pass on the prize."
"caller: My name is Detective Smith, and we have a money laundering case in your name. Pay a fine or risk prosecution.   receiver: I haven’t done anything illegal!   caller: Your name came up in our system. Pay $1,500 to clear your record.   receiver: I’m calling my lawyer."
"caller: Hi, this is from your online pharmacy. Your prescription renewal failed. Provide your payment card to fix it now.   receiver: I usually pay through my doctor’s portal.   caller: We’re expediting renewals. Give your info for faster processing.   receiver: I’ll check with my doctor first."
"caller: Your business was selected for a government grant, but payment processing is required. Please provide your account information.   receiver: I never applied for a grant.   caller: Your business is on our shortlist. Act fast so funds don’t go to the next company.   receiver: No thanks, I’ll wait for official correspondence."
"caller: We’re upgrading your mobile carrier’s security. Confirm your account PIN and password to begin.   receiver: Why can’t I do it on the website?   caller: This is a special, one-time-only upgrade.   receiver: I’ll update my details online."
"caller: You’ve just been pre-approved for a $10,000 loan. Secure the offer by confirming your bank and SSN.   receiver: I didn’t apply for a loan.   caller: Sometimes customers are auto-selected. Confirm now to claim.   receiver: No thank you."
"caller: Dear customer, your data plan will expire today. Recharge using your card details to avoid losing service.   receiver: I have automatic payments set up.   caller: There was a system error. Let’s fix this now.   receiver: I’ll call my provider."
"caller: We have exclusive bill discounts. To qualify, share your last energy bill and bank account number.   receiver: How do I know this isn’t fake?   caller: We contact only select customers. This offer ends today.   receiver: I’ll look up your company online first."
"caller: Hello, this is tech support. We found a critical issue with your router. Give us access right now to fix it.   receiver: What issue, exactly?   caller: We’ve detected hacking attempts. Quickly—follow my instructions.   receiver: I’ll call the manufacturer."
caller: Your pet’s microchip registration is about to expire. Renew your subscription with your card number to keep your pet safe.   receiver: I wasn’t aware there was a subscription.   caller: It renews every year for your pet’s protection.   receiver: I’ll talk to my vet about it.
"caller: I’m from the National Lottery. Your number matched! Pay a refundable processing fee to receive your prize.   receiver: Can’t those fees come from the winnings?   caller: Unfortunately, law requires prepayment.   receiver: No thanks, I don’t play the lottery anyway."
caller: There’s an arrest warrant for you in another state. Avoid extradition by paying a bail fee now.   receiver: I haven’t been out of my state in years!   caller: Your name was mistakenly added. Pay today; we’ll clear it up.   receiver: I’ll call my local police.
caller: Your university scholarship is in jeopardy due to verification failure. Give us your student ID and SSN to fix it.   receiver: Did my school authorize you to call?   caller: We’re from the scholarship office directly.   receiver: I’ll call them myself.
"caller: Hello, this is your church administrator. There’s a new fundraising drive—donate via your debit card.   receiver: I always donate in person.   caller: Phone donations help us meet our goal. Can you give now?   receiver: No, thank you."
"caller: This is customer support. To keep your points, verify your credit card number.   receiver: What points?   caller: Your rewards points will expire today. Act now.   receiver: I’ll check with the company first."
"caller: Hello, your COVID test results are in. To access them, confirm your insurance and payment details.   receiver: That’s odd, shouldn’t I get results from my doctor?   caller: Our lab is expediting notifications. Provide your info to receive your results faster.   receiver: No, I’ll wait for my doctor."
"caller: We noticed double charges on your account. Give me your card details so I can refund you.   receiver: Which account exactly?   caller: Due to privacy, I can’t say until I verify your card.   receiver: I’ll check my bank statement."
"caller: Your online dating profile is being removed for rule violations. To appeal, give your login and password.   receiver: I don’t recall breaking any rules.   caller: Someone reported your account—appeal now to save it.   receiver: I’ll contact support."
caller: Our charity is collecting donations for earthquake victims. Can you help with your bank card over the phone?   receiver: I’d like to see your website first.   caller: Our phone line is more secure. Donate now to help those in need.   receiver: I prefer to research before giving.
caller: I’ve hacked your e-mail and webcam. Pay me $300 in bitcoin or your private information goes public.   receiver: How do I even know what you have?   caller: Want proof? You have 24 hours.   receiver: Prove it or stop wasting my time.
caller: Your health coverage needs urgent renewal. Confirm your SSN and payment to avoid losing insurance.   receiver: Can’t I do that online?   caller: The system’s down. I can help now.   receiver: I’ll wait to do it online.
caller: Your Google Play purchase failed. Provide credit card details to restore your apps.   receiver: Which app?   caller: Recent activity is blocked. Fix it by confirming your card now.   receiver: I’ll check my account myself.
caller: You’re eligible for a government stimulus payment. Share your bank account info to receive it.   receiver: Aren’t those sent automatically?   caller: Not if you don’t confirm. Hurry or miss the deadline.   receiver: I’ll let the IRS handle it.
caller: Your computer warranty expired. Reactivate by giving your payment info now to avoid repair costs.   receiver: I thought my warranty was for three years.   caller: There was an upgrade in terms. Pay now to keep it.   receiver: Not interested.
"caller: You’ve been reported for income tax fraud. Avoid arrest by paying a settlement today.   receiver: I pay my taxes on time.   caller: The audit says otherwise. Pay $2,000 or face investigation.   receiver: I’m calling my accountant."
"caller: This is PayPal customer support. There’s suspicious activity in your account. Verify by providing your login credentials.   receiver: I can log in and check myself, thank you.   caller: If you act now, you’ll stop the fraud.   receiver: No thanks."
"caller: Your house is selected for a remodeling grant. To claim, fill out the form with your SSN and bank info now.   receiver: I didn’t apply for that.   caller: This opportunity is first come, first served.   receiver: I’ll pass."
"caller: Your shipment is stuck at customs. Pay a release fee by reading your card number to me.   receiver: Who is sending it?   caller: That information is confidential, per company policy.   receiver: That sounds suspicious."
"caller: Due to suspicious logins, your Apple device will be disabled. Give me your Apple ID and code to restore access.   receiver: I’ll check my Apple account notifications first.   caller: Those may not show up in time. Act now!   receiver: I’ll wait."
"caller: Good news! Your account qualified for an exclusive cashback. Just provide your routing number so we can deposit it.   receiver: What’s the account with?   caller: For privacy, I can’t say until you verify it’s you.   receiver: I’m not comfortable with that."
"caller: I’m from the government COVID response team. Collect your free relief package by providing your address and payment info.   receiver: There’s a shipping fee for the relief?   caller: Only the handling fee for processing. Give your card info now.   receiver: No thanks, I’ll pass."
"caller: Hi, your airline mile points will expire today. Secure them by confirming your account and credit card number.   receiver: I can check my account online.   caller: This deal won’t show online. Share details now.   receiver: I’d rather not."
caller: Your water bill payment failed. Restore service now by paying via prepaid debit cards over the phone.   receiver: Why not pay online?   caller: The online system’s down—act fast.   receiver: I’ll wait for it to come back up.
"caller: This is your dentist’s office. Your last payment was declined. To avoid penalties, provide your card number.   receiver: I paid after my last visit.   caller: It never processed. Pay now to avoid late fees.   receiver: I’ll check my records first."
"caller: You were overbilled last month. For refund, confirm your bank account details.   receiver: Can’t you just mail me a check?   caller: Direct deposit is much faster.   receiver: I’ll wait for a check."
"caller: This is the IT department. Your password will expire unless you reset it by giving your current username and credentials now.   receiver: Can I use my company’s reset portal?   caller: Not for this case. I’ll reset it for you if you provide them.   receiver: No thanks, I’ll use the portal."
"caller: You have a legal notice from a foreign embassy. To process, pay the required fee by card and confirm your identity documents.   receiver: Which embassy is it?   caller: I can only disclose once the fee is paid.   receiver: I’ll wait for a letter."
"caller: You appear in our lottery prize draw. To claim $100,000, confirm your ID and bank account information now.   receiver: But I never entered a lottery.   caller: Everyone is auto-entered these days—act fast!   receiver: I’m not interested."
"caller: I’m with the student loan department. You qualify for a reduced rate, just provide your login and SSN.   receiver: Is this from my loan provider?   caller: We represent all major lenders.   receiver: I’ll call mine directly, thanks."
caller: You missed your last utility bill. Prevent service interruption by paying now with a gift card.   receiver: Don’t you have any other payment options?   caller: Gift card is the only way due to technical issues.   receiver: I’ll wait for other options.
"caller: Sir/Ma’am, your phone storage is at risk! Give us remote access to resolve your device errors instantly.   receiver: What exactly is wrong with my phone?   caller: A device scan showed malware. Go to this link now.   receiver: I’ll check with my provider."
"caller: Amazon customer here. Did you attempt a $500 Amazon purchase today?   receiver: No, I didn’t.   caller: To cancel, I’ll need your account info and password.   receiver: I’ll check my account myself."
caller: This call is about your subscription renewal. Please confirm your payment method to avoid auto-cancellation.   receiver: Which subscription is this about?   caller: The details show after confirmation.   receiver: I need more info.
"caller: Your spouse was in an accident and listed you as emergency contact. To release details, verify your insurance and address.   receiver: Is my spouse okay?   caller: Information can’t be released until you provide verification.   receiver: I’ll call my spouse’s number."
caller: Your child’s school fee payment failed. Restore access by paying with your bank card now.   receiver: I always pay by check. Who is this?   caller: I’m from the payment department. Settle now to avoid consequences.   receiver: I’ll talk with the school directly.
"caller: This is Apple support. Your device was used for illegal activities. Verify your ownership by sharing your credentials.   receiver: What activity exactly?   caller: For security, I can’t specify. Tell me now to regain access.   receiver: I’ll wait for an official notice."
caller: Police headquarters. Someone filed a complaint about you. Pay $750 now for mediation.   receiver: Shouldn’t I get this from the court?   caller: This is a confidential process. Settle now.   receiver: I’ll speak to my lawyer.
caller: I’m calling from your local hospital. Your insurance was declined. Give your card information for payment now.   receiver: My insurance was always accepted before.   caller: Update the info now or risk late fees.   receiver: I’ll check with the hospital.
"caller: Hello, your gym membership is due to expire. Secure a special rate by paying today over the phone with your card.   receiver: I usually renew in person.   caller: By phone is cheaper and faster today only.   receiver: I’ll wait until I go in."
"caller: Investment opportunity! Double your money by sending an initial deposit. Give your payment info now to start.   receiver: How can I trust this offer?   caller: High returns, limited time. Don’t miss out!   receiver: No thanks."
caller: This is a charity for cancer research. Make a difference with your debit card over the phone now.   receiver: I prefer to look up the charity online myself.   caller: Phone donations ensure your impact is immediate.   receiver: I’ll donate if I feel comfortable.
"caller: Your online shopping payment failed. To complete the purchase, confirm your card details now.   receiver: Which purchase was this?   caller: The platform is unable to share item info for privacy.   receiver: I’ll check my order history."
