dialogue
"caller: Hello, this is John from your bank. We've noticed unusual activity on your account. Could you confirm your account number for security purposes? receiver: Oh, I wasn't expecting this. What kind of activity? caller: A $500 withdrawal attempt was made. If you could verify your account number, I can help block this transaction. receiver: That sounds serious… let me grab my info…"
"caller: Congratulations! You've won a new iPhone! All we need is your shipping address and a small processing fee. receiver: Wow, I’ve never won anything. What’s the fee? caller: Just $10 for shipping. Please provide your card details so we can finalize it. receiver: Can I pay via PayPal? caller: Sorry, only cards accepted."
"caller: Hi, I’m calling from Microsoft support. We detected a virus on your computer. receiver: Oh no, what should I do? caller: I just need remote access to your computer to fix it. Can you download TeamViewer? receiver: Is this going to cost anything? caller: The fix is free, but we ask for a small donation."
caller: Good afternoon! Your electricity account is overdue. Immediate payment is required to avoid disconnection. receiver: I paid last week. Who did you say you were? caller: This is the billing department. Sometimes payments get delayed. Can you confirm your card to check? receiver: I think I’ll call the company myself.
"caller: Hello, is this Mrs. Grant? receiver: Yes, who’s this? caller: I’m from the IRS. There’s a problem with your tax return. receiver: What kind of problem? caller: You owe $1500 in back taxes. If you don’t pay now, an arrest warrant will be issued. receiver: That’s scary… how can I pay?"
"caller: Hi, I'm conducting a survey for a free vacation offer. Can I ask a few questions? receiver: Sure, what’s it about? caller: Just basic info: name, address, date of birth, and employment status. receiver: Why do you need all those? caller: Just to tailor offers for you."
caller: Hello! You’ve been selected to receive a special government grant. No repayment required. receiver: That sounds too good to be true. caller: It’s legitimate. Just pay a $50 administration fee and share your bank details to deposit the grant. receiver: Can’t you deduct the fee from the grant?
caller: Your PayPal account has been limited. Please log in via the link we sent to restore access. receiver: I didn't get any email from PayPal. Why is my account limited? caller: Suspicious activity. Use our secure link to verify your information. receiver: I’ll check directly on PayPal instead.
"caller: This is the police. Your grandson has been arrested and needs bail money. receiver: What? Which grandson, which police station? caller: It’s confidential. Just send $2000 via wire transfer so we can release him. receiver: I’m calling the police myself."
"caller: Hello, your computer is sending out spam emails. We can help you fix it immediately. receiver: Are you sure it’s my computer? caller: Absolutely. We need your password to secure your account. receiver: I’ll take care of it, thanks."
"caller: You’ve been chosen for a secret shopper job. We’ll pay you $300 to evaluate local stores. receiver: That sounds cool. What do I have to do? caller: First, you’ll deposit a check, keep $50, and wire the rest back as your first assignment. receiver: Do I have to use my own bank?"
"caller: Hi! We’ve reviewed your loan application, and you’re pre-approved for $10,000. receiver: I never applied for a loan. caller: Sometimes brokers apply on your behalf. To proceed, confirm your SSN and address. receiver: I’d rather not, thank you."
"caller: Congratulations, you just won a Caribbean cruise! receiver: That sounds amazing, what do I do? caller: Just cover port fees with your credit card and you’re all set. receiver: Can I get details in writing? caller: Only if you sign up today."
caller: I’m calling about a recent car accident you were in; you’re eligible for compensation. receiver: I haven’t been in any accidents. caller: Perhaps a family member was. Can you confirm your address for the claim process? receiver: I don’t think so.
"caller: Hi, your online account password has expired. Please reset it using the link in the text we sent. receiver: Which account? caller: Your email account. The link is only valid for fifteen minutes. receiver: I don’t trust links via text."
caller: This is Amazon security. Someone purchased a MacBook from your account for $1200. receiver: That wasn’t me! caller: I can help you cancel the order if you can verify your billing address and card info. receiver: I’d rather call Amazon myself.
caller: We’re offering insurance refunds due to overcharges. receiver: How does that work? caller: Fill out our online form with your policy and bank details to receive your refund. receiver: Where can I find this form?
caller: There’s a warrant out for your arrest due to overdue court fines. receiver: I wasn’t notified about any fines. caller: Sometimes mail gets lost. Pay now to stop the warrant. receiver: I’ll talk to my lawyer first.
"caller: Your social security number has been compromised. receiver: Oh my! What do I do? caller: To prevent further misuse, let’s verify your SSN and date of birth. receiver: Can I do this at the office instead?"
"caller: Hi, I’m from your phone provider, offering a long-time customer loyalty reward. receiver: What is the reward? caller: You get a $100 voucher. Please provide your account details to redeem it. receiver: That’s okay, I’m not interested right now."
"caller: This is customs. We have a package for you with unpaid import duties. receiver: I don’t remember ordering anything. caller: The package was sent by a relative. To release it, pay $75 via credit card. receiver: Can I collect it in person?"
"caller: You’ve been pre-approved for a low-interest credit card! receiver: I don’t really need one. caller: It’s exclusive for select customers like you. Let’s just confirm your income and ID. receiver: No thanks, I’m not interested."
"caller: There’s a serious security alert. Your online banking is at risk. receiver: Is this really my bank? caller: Yes, we’ve locked your account for safety. Just verify your PIN and password. receiver: I’ll call my bank to check."
caller: Our records show you have unclaimed inheritance funds. receiver: From whom? caller: A distant relative. We need bank details to transfer the money. receiver: Why can’t I get a check instead?
"caller: You are the lucky winner in today’s raffle. Claim your $5000 by calling us back. receiver: How do I know this isn’t a scam? caller: You can verify later, just need your bank info now. receiver: No thanks."
"caller: This is the Apple Store. Your Apple ID has been locked due to suspicious activity. receiver: Are you sure? caller: To unlock, please confirm your Apple ID and password. receiver: I’ll handle it on Apple’s website."
caller: There are unauthorized transactions on your credit card. We need to verify recent activity. receiver: What kind of activity? caller: Purchases in another state. Can you read your card number for confirmation? receiver: I’ll check my statement first.
"caller: Hello, I’m a UNICEF volunteer. Donate today to help starving children. receiver: How do I know you’re legit? caller: You can send money using the link in your email. receiver: I’ll donate directly on UNICEF’s website."
caller: You’ve been selected for a COVID-19 relief payment. Fill out a form with your SSN to claim it. receiver: Is this through my state or federal government? caller: It’s sponsored nationwide and processed online. receiver: I’ll look for it on government sites.
"caller: I noticed your computer is running slow. I can help optimize it for free. receiver: What’s the catch? caller: None, just let me access your computer and upgrade some settings. receiver: I think I’ll pass."
caller: This is the airline. Your recent flight booking refunded $200. Provide your bank details to get the money. receiver: Can’t you refund to my card? caller: Our process requires direct account info for refunds. receiver: I want to check with my bank first.
caller: Internal Revenue informs you of a refund. receiver: Cool! What do I need to do? caller: Click the refund link and fill out your details. receiver: I think I’ll wait for a check.
"caller: You missed jury duty, and there’s an outstanding fine. receiver: I didn’t get any jury notice. caller: Sometimes mails get missed. We take payment by card now to resolve it instantly. receiver: I’ll handle it at the courthouse, thanks."
"caller: We’ve detected malware on your phone. Install our cleaning software using this link. receiver: Is this a text from my provider? caller: Correct, it keeps your info safe. receiver: I’ll check with the store."
caller: Your Facebook friend tagged you in a scandalous video. Click this link to view it. receiver: That doesn’t sound like my friend. caller: Only visible for a short time. You need to log in first. receiver: No thanks.
"caller: I’m from the pension office. We’re processing an increase to your benefits. receiver: Oh, that’s good news. caller: Please provide your bank account for the new payment system. receiver: I’ll wait for official correspondence."
"caller: You’re eligible for free health checkups. Book now with your insurance info. receiver: Are you with my insurer? caller: Yes, just need your card details to confirm. receiver: I’ll call my insurer directly."
"caller: We’re offering an exclusive investment opportunity just for you. receiver: What’s the investment? caller: High-yield returns, but we must verify your bank account for payments. receiver: Sounds risky; I’ll check it out myself."
"caller: Hi, did you recently request a password reset? receiver: No, I didn’t. caller: Someone is trying to access your account. Confirm your username and password so we can lock it. receiver: I’ll reset it on the official site."
"caller: Get free groceries for a month! Sign up by sharing your debit card info. receiver: I’d prefer not to share that. caller: It’s a secure program for select families. receiver: Not interested, thanks."
"caller: My name is David, I’ve found your lost wallet with your ID. Send me your address and I’ll mail it back for a fee. receiver: Where did you find it? caller: Near the park. Send $50 via app for postage. receiver: I’ll just pick it up."
caller: Alert! Someone tried to log in to your Netflix account. Secure your account now. receiver: How can I do that? caller: Visit the link and follow instructions. receiver: I’ll check on Netflix directly.
caller: Your phone warranty is about to expire. Renew now for coverage. receiver: How do I renew? caller: Give me your phone’s IMEI and credit card info. receiver: I think I’ll pass.
"caller: Congratulations, your loan has been partially forgiven! receiver: I never got a loan. caller: This is a government relief program. Just confirm your SSN to process forgiveness. receiver: No, thanks."
caller: You have an Amazon package waiting. Pay $2.99 to confirm delivery. receiver: Can I not just pick it up? caller: The fee is mandatory for release. receiver: I’ll check with Amazon.
"caller: Hi, you left your lights on and got fined by city hall. Pay now by card. receiver: Where can I verify this fine? caller: Search for your citation online, you’ll see the fee. receiver: I’ll check first."
"caller: Attention, your mail service will be suspended unless you verify your address. receiver: Who is this from? caller: USPS customer service. Reply with your address and payment info. receiver: I’ll call the post office."
caller: You’ve won free groceries for a year! We just need a small deposit. receiver: A deposit for free groceries? caller: To secure your spot; full amount refunded after one month. receiver: Not interested.
caller: I'm a hiring manager. Your resume's been shortlisted. Confirm your SSN for a background check. receiver: Which company is this for? caller: Elite Staffing. receiver: Can I apply directly?
"caller: This is your cousin. My wallet is lost, and I'm stranded. Can you send me money? receiver: Which cousin? Where are you? caller: I’m in London, please hurry! receiver: Give me your number to call back."
caller: Online lottery draw – your ticket won! Pay taxes up front to claim your prize. receiver: Can’t you deduct from the winnings? caller: Payment must be in full before payout. receiver: No thanks.
caller: Government is recalculating your property tax. Confirm your details for a refund. receiver: I’ll wait for an official notice. caller: Processing delays could affect your refund. receiver: That’s okay.
caller: Your Instagram account is flagged for suspicious activity. Verify to avoid deactivation. receiver: How do I verify? caller: Provide your handle and password. receiver: I’ll do it myself.
caller: We’re updating your health records. Confirm your date of birth and insurance info. receiver: Who exactly are you with? caller: Health Management Division. receiver: I’ll check with my provider.
"caller: Congratulations! You qualified for exclusive travel deals. Confirm your identity to redeem. receiver: What’s included? caller: Flights and hotels, just need your credit card for booking. receiver: Send me the details first."
caller: I’m from Apple customer service. Your Apple Pay has been frozen. Confirm your card for reactivation. receiver: I’ll just use the Apple support app instead. caller: It’s faster if you go through us. receiver: No thank you.
caller: This is the job agency. There's a fantastic role available. Can you send a copy of your government ID? receiver: Which agency are you calling from? caller: National Opportunities. receiver: I’ll apply directly on your site.
"caller: We're giving away free gift cards for participating in our marketing survey. receiver: Do I need to give personal information? caller: Only your name, mailing address, and a credit card for ID verification. receiver: I’ll pass."
caller: Your dog’s microchip registration fees are overdue. Call now to avoid deactivation. receiver: I didn’t know that was possible. caller: It is; pay now to keep your registration active. receiver: I’ll check with the vet.
caller: Your identity is being used for fraudulent activities. We must verify your identity urgently. receiver: How do I do that? caller: Email us a copy of your driver’s license and a utility bill. receiver: I’ll report this to the police.
"caller: You have an outstanding Toll fee. Pay by card now to avoid license suspension. receiver: What toll? I haven't driven lately. caller: Maybe someone else used your plate. To resolve, just pay now. receiver: I’ll contact the toll agency myself."
caller: This is Amazon delivery. Can you confirm your card for the scheduled package? receiver: I didn’t order anything. caller: Sometimes relatives send gifts. Please confirm so we can deliver. receiver: I’ll wait for a delivery notice.
"caller: You are the Grand Prize winner! To claim, just provide your banking info for deposit. receiver: Why can’t you mail me a check? caller: Sending by mail takes weeks. Bank info is instant. receiver: That’s fine, I’ll wait."
caller: Your cable account is past due. Renew now before service cutoff. receiver: What’s my account number? caller: I can provide it after you verify your full name and address. receiver: I’ll handle it online.
"caller: Hi, we’re processing a background check for your new apartment. Confirm your SSN. receiver: I already sent it to my landlord. caller: Sometimes we double-check. receiver: I’ll call my landlord directly."
"caller: Your online purchase was flagged for fraud. Confirm details to proceed. receiver: What purchase? caller: For security, can you confirm your card number? receiver: I’ll call my bank."
"caller: Your WhatsApp will expire in 24 hours. Reactivate by entering your code here. receiver: I thought WhatsApp was always free. caller: It is now, but older accounts need reactivation. receiver: I’ll wait for an official notice."
caller: We’re updating our rewards program. Please verify your account details to keep your points. receiver: Which store is this for? caller: Shopping Rewards Worldwide. receiver: I’ll check with customer service.
"caller: This is a safety recall for your car. Book repairs now by entering your VIN and payment info. receiver: Repairs should be free, right? caller: Only if you provide details to validate eligibility. receiver: I’ll check with my dealership."
"caller: You owe a small fee for your social media profile verification. receiver: Social media charges for verification? caller: For premium users, yes. Send payment online. receiver: I’ll skip it."
"caller: We detected strange login attempts from China on your email. Verify your details so we can help. receiver: I’ll change my password now, thanks. caller: You may get locked out, do it through our link. receiver: I’ll do it safely myself."
"caller: Hi, can you help me donate to my sick relative’s fundraiser? receiver: What charity is this with? caller: We run it ourselves. Paypal or card accepted. receiver: I’d rather contribute to established charities."
"caller: Good news, your phone contract can be renewed for a lower rate! Confirm your payment info to switch today. receiver: I’ll call my provider directly. caller: The offer is only for today. receiver: I’ll risk missing it."
"caller: We’re hiring remote data entry clerks! Please send your resume, SSN, and a scan of your ID. receiver: Is this a reputable company? caller: Yes, just reply so we can process your job offer. receiver: I’d like to research first."
caller: Your hardware warranty is expiring. Continue coverage by giving your payment information. receiver: Which device are you referring to? caller: Your main computer. receiver: I don't need the coverage.
"caller: This is immigration services. Your application has an error, pay a correction fee. receiver: Can I do that in person? caller: Processing is online only. receiver: I’ll wait for official mail."
caller: You’ve failed to pay a parking ticket. Confirm your car’s plate and pay now to avoid late fees. receiver: I don’t recall any tickets. caller: Perhaps it was recent. Please confirm details. receiver: I’ll check with the city.
"caller: Book urgent air tickets now! All we need is your payment details to secure your spot. receiver: I need more information first. caller: Seats are going fast, book now! receiver: I’ll check with an agent."
caller: This is a notice about overdue student loans. Settle today to avoid increased interest. receiver: What’s your office number? caller: You need to reply to this message only. receiver: I’ll call the loan servicer.
"caller: Our charity is helping hurricane victims. Donate now by entering your card info. receiver: I support charity, but can I donate online? caller: We’re only taking phone donations today. receiver: I’ll pass."
caller: There's a problem with your medical insurance. Update your details to avoid cancellation. receiver: Which insurance company? caller: Blue Global Health. receiver: I’ll call them directly.
"caller: This is the tax bureau. You qualify for a refund, but need to pay a fee upfront. receiver: Shouldn’t refunds be free? caller: The fee covers special processing. receiver: I’ll wait for a normal refund."
"caller: I’m giving away a Playstation 5 to the next person who sends me shipping details and $20. receiver: How do I know you’ll really ship it? caller: Trust me, I’m verified. receiver: No, thanks."
caller: Your LinkedIn account must be verified. Send your credentials to keep access. receiver: I’ll verify on LinkedIn directly. caller: The fastest way is through us. receiver: I’ll take my time.
"caller: Hi, your car was spotted speeding on the highway. Pay the fine now by card. receiver: Is there a citation I can reference? caller: I can only give details once you pay. receiver: I’ll wait for paperwork."
caller: This is Dr. Smith’s office. Reschedule your appointment by confirming your insurance and SSN. receiver: I’ll call the office directly to reschedule. caller: Online is faster. receiver: I have time.
"caller: Someone tried to access your online wallet. Verify your credentials immediately. receiver: Which wallet app? caller: I can verify all, just provide details. receiver: I’ll reset my password."
"caller: We are offering discounted concert tickets, limited time! Pay now to reserve. receiver: Where can I see the ticket information? caller: Payment must be made before viewing. receiver: I’ll skip it."
caller: Your recurring subscription needs confirmation of your credit card number. receiver: I don’t remember subscribing to anything. caller: It’s for your security. receiver: I’m not giving out that info.
caller: We have a free grant for small businesses. Give banking details to get started. receiver: Where can I read more? caller: It’s only offered over the phone. receiver: Not interested.
"caller: Your trip cancellation refund is ready, but we need your bank info. receiver: Can’t you just refund my card? caller: Manual processing requires banking details. receiver: I’ll pass."
caller: Your Google account storage is full. Provide your password for more space. receiver: That doesn’t sound right. caller: It’s an exclusive service. receiver: I have enough storage.
caller: This is Customs. Your package is seized. Pay $30 to release. receiver: Do you have a tracking number? caller: I can give it once payment clears. receiver: I’ll contact Customs.
"caller: You’ve been randomly selected for a prize draw. Just verify your identity. receiver: I'll wait and see if anything arrives in the mail. caller: Prizes go fast, confirm now. receiver: No thanks."
