dialogue
"caller: Hello, this is John from your bank's security department. We've detected unusual activity on your account.   receiver: Oh no! What kind of activity?   caller: Someone tried to transfer $2,000. We need to verify your identity. Please confirm your card number and PIN.   receiver: Um, shouldn’t I call the bank myself instead?   caller: If you hang up now, your account could be frozen. Please cooperate for your safety."
caller: Congratulations! You've won a brand new iPhone.   receiver: Seriously? I didn’t enter any contest.   caller: Your email was selected randomly. Just pay the shipping fee to claim your prize.   receiver: Sounds fishy. I think I’ll pass.
"caller: Hi, this is Amazon. Your account will be closed unless you verify some details right now.   receiver: Wait, why is it being closed?   caller: Suspicious purchases were made. Tell me your login and password to confirm your identity.   receiver: No thanks, I’ll check with Amazon support myself."
"caller: Good afternoon. We're from the IRS. You owe back taxes and must pay immediately.   receiver: Oh no, how much do I owe?   caller: $1,200. If you don’t pay now, you’ll be arrested today.   receiver: Can I see some proof?   caller: No time for paperwork! Pay via gift card now.   receiver: This sounds like a scam."
"caller: Hi, your grandson is in jail and needs your help.   receiver: What happened?   caller: He was in an accident. He needs $5,000 for bail. Please wire the money now.   receiver: I need to call my grandson to verify.   caller: Don’t! He begged us not to tell his parents."
"caller: This is Microsoft support. We've found malware on your computer.   receiver: How did you find that?   caller: Your IP address reported it. Click this link, and I’ll fix it.   receiver: I’ll call Microsoft support directly, thanks."
"caller: Hello, I see you’re selling your car online. I want to buy it sight unseen and pay extra.   receiver: Great! How will you pay?   caller: I’ll send a check for more than the price—you just refund the difference.   receiver: Hmm. That doesn’t sound right."
"caller: You’ve been selected for a government grant of $8,000.   receiver: Nice! What’s the catch?   caller: You just need to pay an administrative fee of $150 first.   receiver: Why would I pay for a free grant?   caller: It’s standard protocol."
"caller: I’m calling from your internet provider. Your service will be disconnected unless you pay your outstanding bill now.   receiver: I always pay on time. Can you confirm my account number, please?   caller: I can’t provide details until you give me your billing info.   receiver: That’s suspicious."
"caller: Hi, this is the delivery company. We have your package, but you need to pay a customs fee.   receiver: I haven’t ordered any package.   caller: It’s a gift from a friend. Please pay $50, and we’ll deliver it.   receiver: No thanks, I’ll wait for a call from my friend."
"caller: Dear customer, you have won a free vacation!   receiver: Really? Where to?   caller: Anywhere you choose, just provide your credit card for the reservation.   receiver: If it’s free, why do you need my card?   caller: For security deposit, that’s all."
"caller: Hello, I’m fundraising for a police charity. Can I count on your support today with a $100 donation?   receiver: Which police department do you represent?   caller: The local one, of course.   receiver: Which city?   caller: The one near you."
caller: This is your mobile carrier. We’re issuing SIM upgrades.   receiver: What do I need to do?   caller: Just share your current SIM details and PIN code.   receiver: Why do you need my PIN?   caller: To verify and upgrade securely.
caller: Amazon’s system detected someone using your account. Give me the OTP you just received.   receiver: Why would you need that code?   caller: It’s needed to cancel the unauthorized transaction.   receiver: I’m not giving you any code.
"caller: Hello, your computer has been hacked. Let me remote in and fix it.   receiver: How did you get my number?   caller: We monitor for threats. Give me access and I’ll remove the virus swiftly.   receiver: I don’t think so."
caller: You’ve won a lottery! Transfer the processing fee to receive your money.   receiver: I never bought a lottery ticket.   caller: You were entered automatically when you made a purchase.   receiver: Which purchase?   caller: That’s confidential.
"caller: Hi, this is your credit card company. Did you request a new card?   receiver: No, I didn’t.   caller: Someone did using your info. We need your current number and CVV to stop it.   receiver: I’m not giving you that info."
"caller: Our system shows your antivirus subscription expired. Renew now, or your files will be deleted.   receiver: When did it expire?   caller: Yesterday. Pay now to keep your computer safe.   receiver: Which company is this?   caller: The one you’re using."
caller: Good morning! We’re conducting a survey and offering a $50 reward.   receiver: Sounds good. What do I need to do?   caller: Just answer a few questions and provide your banking info to transfer your reward.   receiver: I’ll pass if you need my banking info.
"caller: I am a government representative. You were overcharged on your last tax return.   receiver: Oh? How do I get my refund?   caller: Pay a processing fee first, then we’ll send you the difference.   receiver: That doesn’t make sense."
"caller: Hi, your account password needs to be reset to secure your information.   receiver: I didn’t request any reset.   caller: It was flagged after suspicious login attempts. Provide current and new passwords.   receiver: I’ll handle it through my account settings, thanks."
"caller: Hello, this is PayPal security. Your account will be locked unless you verify your identity.   receiver: How do I do that?   caller: Click the link we just texted you and log in using your credentials.   receiver: I’ll just check via the PayPal app directly."
"caller: We’re offering exclusive investment opportunities with fast returns.   receiver: What kind of investments?   caller: Crypto mining. Invest $500 today, double in a week.   receiver: That sounds risky.   caller: No risk at all.   receiver: I’ll pass."
caller: I found a charge on your bank card in a foreign country.   receiver: What? I haven’t traveled anywhere.   caller: That’s why you must confirm your card details so we can block the charge.   receiver: I’ll contact the bank myself.
"caller: You’ve been exposed to COVID-19. Click this link to schedule free testing.   receiver: Who is this?   caller: It’s your health department.   receiver: I’ll call them directly for testing, thanks."
caller: You qualified for a home loan at 1% interest.   receiver: That’s lower than I’ve heard before.   caller: It’s for selected individuals. Just provide your SSN for verification.   receiver: Not giving my SSN to unknown callers.
"caller: I see you posted a lost pet ad. I found your dog, but need money for vet expenses first.   receiver: Really? Where did you find him?   caller: In my neighborhood. Send $100 for the vet, and I’ll meet you.   receiver: No, I want to see my dog first."
caller: We’re updating our database. Provide your personal details to avoid service interruption.   receiver: Which service is this for?   caller: Your electricity.   receiver: I’ll call the company to check.
caller: This is Facebook security. Your account will be deactivated due to policy violations.   receiver: What violations?   caller: Suspicious activity. Log in and verify with the link provided.   receiver: I won’t click unknown links.
"caller: Your social media posts violated our terms. Pay $50, or your account will be deleted.   receiver: I didn’t do anything wrong.   caller: Pay now to sort it out.   receiver: I won’t pay."
"caller: I saw your resume online; we’re offering remote data entry work.   receiver: Great! What are the details?   caller: Just pay $75 for processing, then start immediately.   receiver: Jobs shouldn’t require payment upfront."
"caller: It’s your bank. Your ATM card is blocked, call this number to unblock.   receiver: Can’t you help me here?   caller: Only via the special support number.   receiver: I’ll visit my branch."
caller: You missed jury duty. Pay $500 fine now to avoid jail.   receiver: I never received a summons.   caller: Must have gotten lost. Pay now to settle.   receiver: I want to verify with the court.
"caller: I’m from Microsoft, detected hackers on your network. Please go to your computer now.   receiver: Why Microsoft? I have a Mac.   caller: Oh, then Apple support. Still dangerous—let’s fix it."
"caller: Hello, we’re collecting money for children in need.   receiver: Which organization are you with?   caller: A local one. Donations are only accepted via wire transfer.   receiver: I’ll check your charity online."
"caller: I’m your neighbor. My car broke down nearby, can you wire me $100?   receiver: Who are you?   caller: I live on your street. Please help!   receiver: I’ll check with the building manager."
"caller: This is FedEx. Your delivery won’t arrive unless you pay customs fees.   receiver: What’s the tracking number?   caller: Sorry, can’t provide that for security.   receiver: Then I’m not interested."
caller: You’ve reached the insurance claims department. We need your policy number for your recent accident.   receiver: I haven’t had an accident.   caller: Maybe your family did—confidential. Please confirm your information.   receiver: I’ll call my insurance directly.
caller: We have video of you in a compromising situation. Pay $400 or it goes public.   receiver: Who are you?   caller: Someone who can ruin your life. Pay within 24 hours.   receiver: I have nothing to hide.
caller: This is Google. Your account is being deleted for inactivity. Log in to stop this.   receiver: My account is active every day.   caller: Not on our end. Click the link to verify.   receiver: I’ll login through my device.
"caller: Dear customer, join our VIP rewards by entering your debit card info here.   receiver: Why would I do that?   caller: To access exclusive offers.   receiver: I don’t trust this."
"caller: I’m from a law firm. There’s a lawsuit against you—pay $2,000 to settle out of court.   receiver: What’s the lawsuit about?   caller: Confidential. Pay to avoid trouble.   receiver: I’ll contact my own lawyer."
"caller: Hi, I’m contacting you about an inheritance from a distant relative.   receiver: Oh, really?   caller: Yes, but there’s a transfer tax you must cover first.   receiver: How do I know this is real?   caller: It’s urgent; act fast."
caller: You’ve been selected for an exclusive sweepstakes! Claim your prize by providing bank info.   receiver: I didn’t enter a sweepstakes.   caller: Winners are chosen randomly.   receiver: No thanks.
caller: Your utility bill is overdue. Electricity will be cut off unless you pay now.   receiver: I always pay on time.   caller: Our records show otherwise.   receiver: I’ll call the utility company.
caller: This is your mobile company. Free upgrade! Just confirm your SIM and details.   receiver: Can’t I do it at a store?   caller: Only via phone for this offer.   receiver: I’ll pass.
caller: Your Apple ID was used to purchase expensive apps.   receiver: I didn’t make any purchase.   caller: Give me your Apple ID and password for verification.   receiver: I won’t do that.
"caller: Good afternoon, I’m a student collecting for charity. Can you donate via PayPal?   receiver: What charity is this?   caller: A local food bank.   receiver: I’ll contact them directly."
caller: You missed a parcel delivery. Pay $20 for redelivery.   receiver: Who’s the sender?   caller: Confidential.   receiver: I’ll let it go.
"caller: There’s a court summons in your name. Pay $300 to clear your record.   receiver: I want to see the paperwork.   caller: No time, pay now.   receiver: Sounds fake."
"caller: Your car warranty has expired. Renew now to avoid repair costs.   receiver: I don’t own a car.   caller: Our records must be outdated. Still, act now for peace of mind."
"caller: You’re eligible for a $10,000 loan, no credit check needed!   receiver: What’s the catch?   caller: Pay a $250 processing fee, get cash instantly.   receiver: That’s a scam."
"caller: Exciting news! You’ve been chosen as a mystery shopper.   receiver: Sounds fun. What do I need to do?   caller: Deposit this check, keep some money, and wire the rest.   receiver: I don’t trust that."
caller: Your computer is out of warranty. Extend for $199 to stay protected.   receiver: Which warranty?   caller: Manufacturer’s extended warranty. Pay now.   receiver: I’ll contact manufacturer support.
"caller: Hi, please confirm your Social Security number for security purposes.   receiver: Who are you?   caller: From your benefits office.   receiver: I’ll call them directly."
caller: This is the post office. Your package is held due to unpaid fees. Pay $60 to collect.   receiver: Can I pick it up in person?   caller: Only after you pay.   receiver: I’ll wait for an official notice.
caller: Your Netflix account has been suspended. Log in to fix it.   receiver: I just watched Netflix this morning.   caller: Unusual login detected. Click our link.   receiver: I’ll only use the app.
caller: We’ve detected a virus on your phone. Download our security app now.   receiver: From where?   caller: Our special link—don’t use the app store.   receiver: I’ll pass.
"caller: I noticed you’re renting out a property. Let’s finalize—I’ll send extra via check.   receiver: Why extra?   caller: To arrange movers, you refund the rest.   receiver: No thanks."
caller: I’m from your health insurance provider. We need your medical history for claim processing.   receiver: Which provider is this?   caller: The one you use.   receiver: This doesn’t sound right.
caller: The police issued a fine to your address. Pay online now to avoid court.   receiver: What was the fine for?   caller: Traffic violation.   receiver: I haven’t received any notice—I’ll contact the police.
caller: This is Skype verification team. We need your password to secure your account.   receiver: You shouldn’t need my password.   caller: It’s for your protection.   receiver: I won’t share it.
"caller: Your cloud storage is full. Upgrade now by providing card info.   receiver: I manage it myself, thanks.   caller: Upgrade discount expires soon.   receiver: Not interested."
caller: You’ve been exposed in a security breach. Verify your account before it’s deleted.   receiver: Which account?   caller: Your main online profile.   receiver: I won’t do anything over the phone.
"caller: I saw your lost phone ad. I found it, but you must pay me a finder’s fee.   receiver: Can I meet you for proof?   caller: Only after payment.   receiver: Sounds suspicious."
"caller: Hi, we’re updating our payroll system. Give us your bank details for your next payment.   receiver: Who is this?   caller: HR department.   receiver: I’ll verify with my company."
caller: Your subscription is ending. Renew with your credit card to continue services.   receiver: Which subscription?   caller: Our premium newsletter.   receiver: I never signed up.
"caller: This is a tech alert—your router is compromised. Give me remote access to fix.   receiver: I’ll reset the router myself.   caller: It’s too dangerous, let me fix it remotely.   receiver: No thanks."
caller: We’re with a humanitarian aid group; send a donation via Bitcoin.   receiver: Can I donate by check instead?   caller: Only Bitcoin accepted.   receiver: Not interested.
caller: You’ve been pre-approved for a zero-interest credit card.   receiver: I have enough credit cards.   caller: This is a special offer.   receiver: No thanks.
caller: Someone just tried logging into your account from Russia. Please share the code you received.   receiver: Why would you need that?   caller: To stop unauthorized access.   receiver: I’ll handle my security.
"caller: This is Instagram security. Your account will be deleted for policy violations.   receiver: I didn’t violate any policies.   caller: Still, verify by logging in through our link.   receiver: No."
caller: We have an urgent alert about your bank account.   receiver: What kind of alert?   caller: Security threat. Verify your account number to proceed.   receiver: I won’t share that.
caller: I’m a hiring manager; your resume stood out.   receiver: Thanks!   caller: Complete your application by paying $50 for a background check.   receiver: Jobs don’t require applicants to pay.
caller: This is your cable company. Service interruption pending unless you pay now.   receiver: I didn’t receive any bill.   caller: It’s urgent.   receiver: I’ll call the company.
"caller: Our hospital’s billing system failed. Send payment to this account or your insurance lapses.   receiver: I’ll call the billing department directly.   caller: Can’t wait, urgent.   receiver: I’m not paying."
caller: There’s a recall on your vehicle. Pay the service fee to fix.   receiver: Recalls should be free.   caller: This one isn’t.   receiver: I’ll check with the dealer.
caller: I’m your landlord’s agent. Rent must be paid early this month.   receiver: Why early?   caller: Owner requires it.   receiver: I’ll call my landlord.
caller: You qualify for a student loan forgiveness. Confirm your SSN.   receiver: I don’t think you’re legitimate.   caller: Act now or miss out.   receiver: No thanks.
caller: We’re from a survey company. You’ll get $100 for participating if you share your bank info.   receiver: I’ll skip it.
caller: Your PayPal payment didn’t go through. Provide details to resolve now.   receiver: I’ll look into it myself.
caller: You’ve won concert tickets. Pay delivery charges to claim.   receiver: I’ll pick up the tickets instead.   caller: Home delivery only.
caller: You’re in danger of legal action for unpaid taxes. Pay with Bitcoin now.   receiver: The IRS doesn’t take Bitcoin.
"caller: Hello, your Amazon Prime is expiring. Give me your card number to renew.   receiver: I renew through Amazon only."
caller: We recovered your lost wallet. Pay return fee to get it back.   receiver: I’ll go to the police.
caller: Important recall on your washing machine. Pay $50 for safety parts now.   receiver: I’ll call the manufacturer.
"caller: Hi, I’m an old friend—send me money, I’m stuck abroad.   receiver: Which friend?   caller: Don’t you remember me?   receiver: I’ll need more info."
caller: Your medical records are incomplete. Confirm your details to avoid insurance issues.   receiver: I’ll contact my clinic myself.
"caller: We’re offering cash for surveys. Deposit needed to start.   receiver: No thanks, I don’t pay to work."
caller: Your crypto wallet was hacked. Give us your seed phrase to restore it.   receiver: I know not to share that.   caller: Then your funds are lost.
caller: Our lawyer noticed issues with your mortgage. Pay us to resolve.   receiver: I’ll speak with my lender.
"caller: Hi, we’re the census bureau, update your info over the phone.   receiver: I’ll fill it online if required."
caller: Your email will be deactivated for inactivity—log in here now.   receiver: I check email daily.   caller: Not according to our records.
caller: Transfer your balance to our safe account—your bank account is compromised.   receiver: I’ll contact my bank first.
caller: You must pay a visa processing fee now to avoid deportation.   receiver: I’ll check with immigration.
caller: You won a car! Pay registration fees to claim.   receiver: I haven’t joined any raffles.   caller: It’s a surprise draw.
caller: Your pension payments are on hold. Update banking info now.   receiver: I’ll call the office myself.
"caller: Hi, you’ve reached the Prize Claims Center. Deposit $100 to begin processing.   receiver: I don’t pay for prizes."
caller: Your WhatsApp account will be deactivated. Confirm with the code sent to your phone.   receiver: No. I won’t share codes.
caller: The government is issuing a stimulus payment. Confirm your bank details.   receiver: Payments come automatically.
caller: Your online profile was flagged for suspicious activity. Reset your password via this link.   receiver: I’ll use the official website.
caller: We’re asking for your help with crowdfunding. Send money via Western Union.   receiver: I only use verified fundraising sites.
