dialogue
"caller: Good afternoon. This is Alan from the bank’s security team. We noticed unusual activity on your account. Could you verify your card number and PIN so we can secure your funds? receiver: Oh no, really? I’m worried. Here, let me get my card. But, um, why do you need my PIN? caller: It’s a routine security measure to ensure you’re the authorized account holder. Please provide the information so we can stop the unauthorized transaction."
"caller: Hello, you’ve won a $500 gift card in our online sweepstakes! I just need your address and a little fee to process the delivery. receiver: Wow, that’s amazing! But I don’t remember entering a sweepstakes. How do I know this is real? caller: Your email was selected at random. The small processing fee guarantees your win is delivered safely. Shall I guide you through the payment?"
"caller: Congratulations! This is Microsoft support, and we’ve detected a virus on your laptop. Please download this program so we can help you remove it. receiver: My computer seems fine. Are you sure? caller: Absolutely, the virus is hidden. Downloading our software is the only way to fix it before it damages your files."
"caller: Hi there, I’m calling from the IRS. You owe back taxes that must be paid immediately, or a warrant will be issued for your arrest. receiver: What? I wasn’t aware! How much do I owe? caller: The total is $2,047. You can settle it quickly with Apple gift cards. I’ll walk you through the payment steps."
"caller: This is Susan from your mobile carrier. Your account’s at risk due to a system upgrade. Can you confirm your account number so we don’t interrupt your service? receiver: Oh, I can’t have my phone cut off. Here’s my number: 2398482... caller: Thank you, now please just confirm your password for our records."
"caller: Hello, you were selected for a free vacation to Hawaii! All I need is a deposit to secure your spot. Ready to claim your reward? receiver: I’d love to, but how do I know you’re legitimate? caller: We only ask the deposit to ensure recipients are serious. You can read our terms and conditions after payment."
"caller: Your Amazon account has been locked due to suspicious activity. Click the link I just emailed and log in to verify your identity. receiver: Thanks for letting me know—will I be able to shop again after? caller: Yes, once you log in through the link, your account will be restored instantly."
"caller: Hello, I’m from the utility company. Your electricity will be shut off unless you pay the outstanding bill right now via PayPal. receiver: But I thought I was current on my bill! Do you have my last statement? caller: I’m unable to access your statement until the account is verified with payment. Please pay now to avoid disconnection."
"caller: This is officer Reynolds from the local police. Your social security number has been compromised. Please confirm it so we can secure your identity. receiver: I’m not sure I should give that out over the phone. caller: If you don’t, your bank accounts may be frozen. We’re here to help, not harm. Please cooperate for your safety."
caller: I’m contacting you about your vehicle’s extended warranty—it’s about to expire. Can you confirm your make and model so we can renew immediately? receiver: Is this from my dealership or a third party? caller: We work with all dealerships and need your info to check the records before your coverage lapses.
"caller: Hi, this is a message regarding your unpaid student loan. To avoid penalties, please provide your full name and social security number. receiver: I didn’t know I had a late payment. Can I check my balance online? caller: For verification, I need your info first, then I’ll send you a link to your account."
"caller: You’ve been randomly selected for a government grant. To process, please send a $120 admin fee through Western Union. receiver: What kind of grant is this? Why is there a fee? caller: The admin fee covers processing. Once paid, you’ll have the funds in your account within 24 hours."
caller: I’m with Apple support. There’s an issue with your iCloud. Please share your Apple ID and password so we can help. receiver: I haven’t noticed anything wrong. Can you tell me what happened? caller: Your account was accessed from a new device. Verifying your ID ensures your data is secure.
"caller: Greetings! You’re eligible for a loan up to $10,000 with no credit check. Send your bank details, and we’ll transfer funds today. receiver: That sounds good, but is there any catch? caller: None at all. Just a small processing fee deducted after disbursement."
"caller: It’s your lucky day! I’m calling from Facebook, and you’ve won a lottery. All we need is your login info to verify it’s you before sending you $5,000. receiver: Really? Is this official? caller: Yes, sir, it’s a special event. Just confirm your account and the money is yours."
"caller: We’ve detected fraud on your debit account. To protect your funds, provide your card number and PIN right now. receiver: What kind of fraud did you see? caller: We can’t disclose over the phone until confirmation. Please provide the info so we can secure your money."
"caller: Good morning, I’m calling about your tax refund. It’s waiting to be deposited. Please provide your bank details to proceed. receiver: Is there any other way to receive it? caller: Direct deposit is fastest. I’ll need your account number and routing number."
"caller: Your PayPal account has been limited due to suspicious activity. To restore access, click the link I texted and log in. receiver: I use PayPal for my business, so this is urgent. The link looks odd, though. caller: It’s a new security link. Please complete it so we can reactivate your transactions."
"caller: This is the shipping company. We have a parcel for you, but the delivery is on hold due to unpaid customs. Pay now to release it. receiver: What parcel? I haven’t ordered anything. caller: Sometimes senders put you as the recipient for gifts. Pay the fee to avoid return."
caller: Your health insurance will expire. Respond with your policy number and payment info to renew coverage. receiver: I don’t remember seeing a notice about this. Can you mail something? caller: Notices were sent by email for faster response. Please renew now to avoid losing coverage.
caller: I’m from the computer company. Your device reported critical errors. Download our app so we can fix it. receiver: Will this app cost me anything? caller: The app is free. We only need access to assist you securely.
"caller: Due to a data breach, your Netflix password must be reset. Share your login so we can assist you. receiver: I can reset it myself, can’t I? caller: That process is currently unavailable. Let us reset it to prevent disruptions."
"caller: Good evening, you’re eligible for a free credit report. Please provide your details so we can send your score. receiver: Is there a website instead? caller: Phone verification is required for this limited-time offer. It’s the quickest way."
caller: This is from the state lottery office. You’ve won! We just need your account to deposit your winnings. receiver: Which lottery did I win? I didn’t enter any. caller: It’s a promotional award. Winners are picked at random for customer appreciation.
"caller: Your Instagram account is about to be disabled for violating terms. Click my link to appeal or risk loss of your followers. receiver: I don’t think I broke any rules, are you legit? caller: This is an automated process. Immediate action is required to save your account."
"caller: Hi, we’re updating our records. Please confirm your birthdate and address for your rewards membership. receiver: Can’t I do this in-store or on the website? caller: Phone updates are currently the only option during system upgrades."
caller: You’ve qualified for a special home improvement grant. Send your banking info so we can start your application. receiver: Is there a form to fill out first? caller: The process starts by phone to ensure you meet all requirements.
"caller: This is FedEx. Your package cannot be delivered until you pay a redelivery charge. receiver: I was expecting a delivery, but didn’t know there was a fee. caller: It’s a new policy for out-of-area deliveries. We need payment before the driver can release it."
"caller: Your Google account is about to be deactivated. Click my link immediately or lose all your emails. receiver: Wow, that sounds bad. Is there no other way? caller: For urgent cases, the link is the only way. Please act now to keep your data."
"caller: I’m with your bank’s fraud team. Unusual charges detected. Please verify your account by confirming details on your last three transactions. receiver: Can’t you see that yourself on your end? caller: For your security, we can’t reveal info unless you verify your identity first."
"caller: Good news, you’re approved for a low-interest loan. Just send your income statements and ID over email. receiver: Don’t I need to fill out an application first? caller: We’ve pre-approved you and just need a few documents to finalize."
caller: This is eBay customer support. Your account needs verification. Please state your login and password. receiver: Can you email me so I know this is real? caller: Phone verification is more secure and faster. We’ll help restore your trades instantly.
caller: Your mortgage lender is offering a rate reduction. Provide your loan info and SSN to qualify. receiver: I didn’t see any notice about this. caller: Only select customers are offered this over the phone. Act now for the best rates.
caller: This is a lawyer’s office. A lawsuit’s been filed against you. Pay a fee or risk court proceedings. receiver: Can I call you back at your office number? caller: We’re only available to discuss settlements over this number for confidentiality.
"caller: Hello, I have a message from the Social Security office. We need to confirm your full SSN due to an error. receiver: I thought you always mailed official requests. caller: In urgent cases, we call to safeguard your benefits. Please confirm now."
caller: We’re calling about a charity donation. Can you give your credit card over the phone to support needy children? receiver: I’d love to help but can I do it online? caller: Our phone drive ensures 100% of proceeds go direct to the children. Ready to contribute?
"caller: This is your bank. Three login attempts failed today. To reset your password, we need your username and security answers. receiver: Is this the same as the normal reset process? caller: Yes, but this is a high-priority flag so we process it for you instantly."
"caller: Your tax return has been reviewed, and you’re due an extra refund. Provide your bank details for deposit. receiver: I just filed. Is this a follow-up? caller: Yes, this is an adjustment. With your info, funds will be available in 24 hours."
"caller: Hello, your PayPal account has been chosen for a cash back bonus. Provide your info to activate the offer. receiver: What details do you need? caller: Just your login email and password to verify you’re the account holder."
"caller: You’ve been exposed to a security breach on Facebook. Click this link to protect your profile. receiver: Whoa, is this from Facebook’s security team? caller: Yes, this is the only authorized page for profile protection."
caller: I represent a foreign prince who wishes to share an inheritance. We need your bank info to transfer millions. receiver: Are you for real? caller: This is a discreet deal. Act now if you want a share of the funds.
"caller: Your Amazon order is delayed. Confirm your account info to arrange redelivery. receiver: What item is delayed? caller: Due to security, we can’t disclose until we confirm your identity."
"caller: I’m a tech support agent. Your system is infected. Download and install our patch now. receiver: Is this service free? caller: Yes, just download quickly before your files are lost forever."
"caller: Hello, your mobile banking upgrade is pending. Please share your online credentials so we can update your app. receiver: Isn’t this something I do myself on my phone? caller: This is a one-time update. Do it now for uninterrupted mobile banking."
caller: You’re selected for prepaid Visa rewards. Share your address and credit card to ship your card. receiver: Will I be charged for this? caller: There’s a $5 shipping fee to be deducted after confirmation.
caller: Your car was involved in a traffic violation. Pay your fine using our payment portal link or face license suspension. receiver: I haven’t received any notice by mail. caller: Online payment prevents escalation. Click now to resolve.
caller: We’re offering you a free phone upgrade. All we need is your billing info to process shipment. receiver: A free phone? What’s the catch? caller: Just standard processing to verify your identity and address.
"caller: Hello, you’re qualified for a pre-approved credit card. Give your info and we’ll send it by mail. receiver: Can I apply in a branch? caller: This is a phone-only offer—faster and exclusive."
"caller: You’ve got a tax rebate, but I need your national insurance number to process. receiver: Can I see official proof? caller: Only after I verify your ID to protect your information."
caller: I’m with your antivirus provider. Your renewal failed. Share card details to maintain virus protection. receiver: I thought my subscription renewed automatically. caller: There was a payment error. Let’s resolve it now.
"caller: Due to increased fraud, confirm your account and password for account reactivation. receiver: Could I do this online instead? caller: This security check is only by phone for now for your safety."
"caller: You’re the lucky winner of a $10,000 sweepstakes! Just pay a small release fee to claim. receiver: Where was this sweepstakes advertised? caller: It was a random email draw. Just send your payment to collect."
caller: This is your HR department. We’re updating payroll details. Provide your bank info for direct deposit. receiver: I thought payroll was already set up. caller: There’s a new system upgrade requiring all employees to update on a call.
"caller: Hello, your Google Play subscription is ending. Please share payment info to renew and avoid interruption. receiver: Can I do this through the app? caller: The app is down. Phone is the only renewal option right now."
"caller: We have detected a login from Russia on your email. Confirm your password to secure your account. receiver: That’s strange. What email address was it? caller: For privacy, we can’t give details until you verify your identity."
"caller: Congratulations! You’re eligible for a $100 restaurant voucher. Confirm your details and pay a shipping fee to receive it. receiver: Which restaurants accept this voucher? caller: Major chains nationwide. Pay now, and I’ll email a list."
"caller: We found lost money owed to you. To claim, send your SSN and birthdate. receiver: How can I be sure this isn’t a scam? caller: We’re a licensed recovery agency. Act quickly so funds aren’t forfeited."
caller: Important: Your online store order couldn’t be delivered. Update your payment information now via my link. receiver: Can I call the store directly? caller: This special handling is only via phone for privacy and speed.
caller: Your kids are eligible for a free scholarship. Confirm their names and your bank account to guarantee funds. receiver: Can I get more information before giving details? caller: The scholarship is limited. Early confirmation secures a spot.
caller: There’s a warrant for your arrest due to unpaid fines. Pay now by prepaid card to stop legal action. receiver: Could I have that in writing? caller: The legal process moves quickly. Only a call can halt it now.
caller: I have a parcel for you. Pay the customs charge and confirm your details to receive it today. receiver: I’m not expecting anything. Who sent it? caller: The sender requested anonymity—it’s a surprise. Pay now to collect.
caller: We’re resetting your email password due to suspicious activity. Please tell me your current password for verification. receiver: Isn’t that private? caller: We need it to confirm your identity and reset securely.
"caller: This is a government COVID relief fund. You qualify for assistance. Share your banking info for payment. receiver: Is there any paperwork involved? caller: No, funds are issued after phone verification for speed."
"caller: Your Apple Store payment failed. Provide your card details to complete your recent purchase. receiver: What if I ignore this message? caller: Your purchase will be canceled, and your account may be flagged."
"caller: Your recent hotel booking can’t be confirmed. Share your card number again to secure your reservation. receiver: I booked through the hotel website. Is this a different process? caller: Yes, there was a system error. Please provide your card for rebooking."
"caller: I’m calling from a health study. Can you confirm your insurance and address to participate? receiver: Can I check your credentials? caller: Due to confidentiality, info can only be disclosed after registration."
"caller: You’ve won a free gas card! Send your billing address and pay just $2 to activate. receiver: Will I receive a confirmation email? caller: Yes, immediately after your payment is processed."
caller: This is your mobile provider. Your SIM will be deactivated unless you verify your account right now. receiver: That sounds urgent. What details do you need? caller: Your number and PIN will suffice for now. Let’s get started.
caller: Claim an unknown inheritance by confirming your identity and bank info today. receiver: Can I have a written offer first? caller: Only phone confirmations are allowed for this legal process.
caller: Your online password is about to expire. Share your current password to reset. receiver: I’m uncomfortable sharing that. caller: It’s just protocol to keep you protected.
caller: Get a special deal on airline tickets when you pay now via wire transfer. receiver: Can I book on your website? caller: This deal is only available by phone for select clients.
"caller: You’ve been selected as a secret shopper. To receive your assignment, send payment information for your initial task funds. receiver: Isn’t secret shopping usually free to join? caller: This fee guarantees we only select serious participants."
caller: Your bank account is in danger of being frozen. Provide your info now to keep access. receiver: Can I speak to my local branch about this? caller: This fraud alert is managed centrally. Only we can help.
"caller: You have been exposed to COVID-19. Click this link and share your health info for urgent updates. receiver: Is this from the health department? caller: Yes, the online form expedites your case and keeps you safe."
caller: We’re giving away free smartwatches for survey participants. Share your data to receive the offer. receiver: Is the survey anonymous? caller: We’ll need your full name and address to ship your device.
caller: Your pension account was flagged for review. Provide your SSN to prevent delays. receiver: Can I verify this with my pension provider? caller: Immediate phone action is required due to time sensitivity.
caller: I’m contacting you about job opportunities. Share your personal and work history for consideration. receiver: What company are you with? caller: We recruit for multiple firms and need your data to match you with openings.
caller: Win prizes by entering your payment info in our customer satisfaction poll. receiver: Can I opt for no payment entry? caller: Payment info is required for prize verification and delivery.
caller: We’re updating our student database. Confirm your student number and DOB for continued enrollment. receiver: Can’t I do this online? caller: System upgrades require temporary phone confirmation for all students.
caller: Congratulations! All you need for your free vacation is to cover insurance. Give your details to claim. receiver: Where can I read the insurance policy? caller: We handle all paperwork after you confirm and pay.
caller: You’re eligible for reduced utility rates. Provide your account and payment info now. receiver: What documentation will I receive? caller: Your confirmation will arrive after the update.
caller: Major security threat detected. Act now—share credentials or risk losing all your online services. receiver: Which services are affected? caller: All linked to your primary email. Provide info for a full security sweep.
caller: This is your college’s finance office. Your scholarship is pending. Share your bank details for automatic transfer. receiver: Could we meet in person? caller: Phone is faster and necessary due to new distancing policies.
"caller: I’m a delivery agent with a gift for you, cash on delivery. Please confirm address and pay the fee. receiver: Can I refuse the package? caller: Yes, but you’ll lose the gift for good. Confirm now to accept."
