dialogue
"caller: Hello! Congratulations! You've won a $500 gift card from MegaMart. May I have your full name and address so we can send it to you? receiver: Oh, really? That sounds great. My name is Janet Spencer, I live at 45 Main Street. Do you need anything else? caller: Wonderful! Now, for verification, could you please provide the card number and expiration date of your bank card? receiver: Wait, why do you need my bank details? caller: Just to confirm you are the rightful winner. No charges will be applied."
"caller: Good afternoon! I'm calling from Central Bank security. We've detected unusual activity on your account. Can you verify your account number for us? receiver: Unusual activity? What sort of activity? I’m a bit worried. caller: It appears there are multiple unauthorized transactions from overseas. To secure your funds, we need your account number and last transaction. receiver: Okay, let me get my card, hold on."
"caller: This is Officer Jennings from the IRS. You owe back taxes and there’s a warrant for your arrest. Pay immediately to avoid jail. receiver: Wait, what? I never received anything about that. Can you tell me more? caller: Certainly. If you provide your Social Security Number, I can access your file and help resolve this now. receiver: Hold on, let me find my paperwork..."
"caller: Hi! We're with the Microsoft technical team. We've detected a virus on your computer. Can you go to your PC and turn it on for us? receiver: Really? I haven’t noticed anything. Are you sure? caller: Yes, if you don't address this, your data may be lost forever. Just follow my instructions."
"caller: Your PayPal account is compromised. Confirm your login username and password so we can restore access. receiver: Oh no, can you please reset it without my password? caller: Unfortunately, due to policy, you have to verify your identity first."
caller: I’m calling about a prize you won in the lottery. All you need to do to claim is send a small processing fee via gift cards. receiver: Which lottery is this? I don’t remember entering. caller: It’s an automatic entry. Many people don’t realize they’re in it.
caller: This is Amazon. We noticed a suspicious transaction for an iPhone. Do you want to cancel this order? receiver: Yes! I didn’t buy an iPhone. What do I do? caller: I’ll need your Amazon username and password to cancel it for you.
"caller: We’re contacting you to renew your car’s extended warranty. Just give us your vehicle’s make, model, and VIN. receiver: How long will the extension last? caller: Up to five years, and it covers almost everything! Please provide those details now to avoid a lapse."
"caller: Your bank account is about to be suspended for suspicious activities. Help me verify your banking info to keep your account active. receiver: What kind of suspicious activities? caller: Unfortunately, I can’t disclose the details until you pass verification."
"caller: This is from Facebook technical support. Your account was reported for violation. To avoid suspension, verify your login info now. receiver: I didn’t do anything wrong. Which rule did I violate? caller: I can clarify once your identity is confirmed."
"caller: Hi, you’ve been selected for government grant money. We just need your bank info to transfer the funds today. receiver: That’s awesome. Do you need my account number? caller: Yes, and the routing number—please."
"caller: Hello, your phone line is being terminated for non-payment. To reconnect, confirm your billing info and pay immediately. receiver: But I paid this month. Do you see the payment? caller: Payments can sometimes fail. Please provide your card details so we can verify."
"caller: I’m from Apple Support. Someone tried resetting your Apple ID. Let’s secure your account by confirming your credentials. receiver: Really? I just changed my password last week. caller: Yes, hackers keep trying. Please share your Apple ID and password now."
"caller: You’ve qualified for a special health insurance plan. To enroll, we need your social security number and a deposit. receiver: Is this through my work? caller: No, it’s a government plan outside your work policy."
caller: We’re calling about the accident you had recently. You may be entitled to compensation. receiver: I haven’t had an accident. caller: It may have been minor and you didn’t realize. We can check if you qualify if you give your details.
"caller: This is the Social Security Administration. Your number was used in criminal activity. Verify your SSN to avoid legal action. receiver: Oh my! Okay, should I read out my whole number? caller: Yes, please do so now to clear your name."
caller: You missed jury duty. Pay the fine now with prepaid cards or be arrested. receiver: I never received a summons. Are you sure? caller: Sometimes mail is lost. Just make payment to avoid legal trouble.
"caller: This is FedEx. We have a package pending customs clearance for you. To release it, confirm your address and pay customs fee online. receiver: Who sent me a package? caller: It’s confidential, but we need the fee to proceed."
"caller: You’ve been pre-approved for a huge credit card. Give me your info to activate. receiver: What’s the limit? caller: Up to $10,000! Just confirm your details and you’re all set."
"caller: Hello, you visited our dating site recently. To unlock your matches, just verify your credit card by paying a small fee. receiver: I don’t recall that. Which matches? caller: We have several admirers waiting for you—just need the card info."
"caller: This is your electric company. To avoid shut-off, pay your overdue bill now. receiver: I don’t remember missing a payment. caller: Our records show it’s overdue—please pay or power will be cut soon."
caller: You’ve won an all-expense paid cruise! Just verify your identity and pay the booking fee. receiver: What’s the fee for? caller: It’s for taxes and registration; the cruise is still free—just need your info.
"caller: This is Google account recovery. Someone tried accessing your email. Please recite your code sent by text and password so we can secure your data. receiver: I just got a text—do I read it now? caller: Yes, share the code and password for immediate protection."
"caller: You’re eligible for COVID-19 relief benefits. To receive payment, share your direct deposit info. receiver: Is this the government? caller: Yes, it’s a special task force distributing funds—please provide your bank account number."
caller: You entered our dream home giveaway! You’re a finalist. Confirm your identity and pay a $50 processing fee so we can proceed. receiver: Will I get the home if I pay the fee? caller: You’ll enter the final draw and increase your chances!
caller: This is the US Embassy. Please confirm your personal details; your passport is about to be revoked. receiver: Revoked? Why? I haven’t done anything. caller: Possible fraud has been detected—confirm your info so we can help.
caller: Our records show you have unclaimed inheritance abroad. All you need is to pay the release fee and provide account details. receiver: Unclaimed inheritance? From whom? caller: A distant relative; the details are confidential until you confirm.
"caller: We noticed a large purchase from your Visa card. Did you authorize $700 to Electronics LLC? receiver: That’s not mine! caller: For a temporary block, confirm your card number and full info."
"caller: I’m with Medicare services. To secure continued coverage, please provide your Medicare number and date of birth. receiver: I thought my coverage was automatic? caller: Recent changes require verification."
"caller: This is WhatsApp support. Your account will be shut down for inactivity unless you verify your number and password now. receiver: That seems odd, I use WhatsApp every day! caller: It’s an auto-generated warning. Please cooperate to avoid closure."
"caller: This is your landlord. There’s been trouble with the rent transfer. Can you wire the payment to a different account? receiver: You’re not using the usual account anymore? caller: No, it’s urgent, please send now to avoid late fees."
"caller: Your Netflix subscription is expiring. To avoid interruption, confirm your billing info and renew your payment method. receiver: Can’t I just pay on the website? caller: Website is experiencing issues; let’s do it quickly by phone."
"caller: I see you’re looking for a job online. For priority status, pay a processing fee and submit your resume now. receiver: Is this really necessary? caller: Yes, it speeds up your job application with top employers."
"caller: I’m from your local health department. You missed your vaccination appointment. Please provide health insurance info to reschedule. receiver: I didn’t get an appointment notification. caller: System error, just confirm your details and we’ll fix it."
"caller: Hi, you left something in your last ride-share. We need a small fee and your address to return it. receiver: What did I leave? caller: Can’t disclose for security. Please pay and we’ll deliver."
"caller: There’s a legal petition against you. To see the complaint, pay the document release fee. receiver: What kind of petition? caller: Legal privacy rules stop me from telling you until fee is paid."
"caller: This is Department of Education. Your student loan will be forgiven. Just provide your loan info and pay a service fee. receiver: Is this legit? caller: Yes, full forgiveness after you send the info."
caller: We are running a special charity drive for children. Donate now with your debit card to help and get a tax deduction. receiver: Which charity are you with? caller: Global Help Foundation—please provide your card number.
"caller: There’s a package delivery attempt failure. To reschedule, pay a small fee and confirm your address. receiver: Was it from Amazon or another service? caller: Privacy policy means I can’t disclose, just pay and confirm for redelivery."
"caller: Your Gmail storage is full. Upgrade now by paying, or your account will be deleted in 24 hours. receiver: Isn’t there a free option? caller: No, upgrade is mandatory. Provide payment details to continue."
"caller: I’m calling from the phone company. Your SIM card needs an update. Send a code you receive by text to continue using your service. receiver: Will my service be interrupted if I don’t? caller: Yes, it’s automatic."
"caller: Your pension benefits are frozen due to irregular activity. Give us your SSN and bank details to restore them. receiver: Frozen? I rely on those funds! caller: Yes, verify now to unlock instantly."
"caller: I see you’ve been overcharged on your last utility bill. We can refund if you provide your bank card details. receiver: Are you from the utility company? caller: Yes, and your refund is ready—just need the details."
"caller: Your pet store delivery is delayed due to payment issues. Confirm your card details so we can process the order and ship today. receiver: Really? I did place an order for food. caller: Yes, confirm details and avoid delays."
caller: A family member listed you as an emergency contact. They need urgent funds. Can you send $200 by wire transfer? receiver: Who is it? caller: Confidentiality rules prevent me from saying—please send funds now.
"caller: You may qualify for disability benefits. To speed up the claim, provide your SSN and fill out a quick deposit form. receiver: How did you get my number? caller: Public records—let’s finish your claim now."
"caller: I’m with airline customer care. Your flight was overbooked, and you’re eligible for compensation. Just give your bank info for the refund. receiver: Which airline is this? caller: I can’t disclose until you confirm your identity."
caller: Your mobile app password will expire unless you confirm your login details. receiver: Which app are you referring to? caller: Security prevents me from naming the app—confirm credentials to proceed.
"caller: Your child is in trouble at school and you must pay a fee to resolve the case. receiver: What happened? caller: Details are confidential, but payment is required today."
"caller: Congratulations, you’ve been approved for a home loan at a low rate. Confirm income and bank info to proceed. receiver: Home loan? I never applied. caller: Pre-approval system selects profiles randomly."
"caller: I’m from online security. We detected your password on a leaked list. Change it now, just tell me your current and new passwords. receiver: Why do I need to tell them to you? caller: To verify and update your account securely."
"caller: Your eBay account has a dispute. Verify your login details to resolve. receiver: What’s the dispute about? caller: Due to privacy, I can’t share specifics until you verify your info."
"caller: Charity fundraising for storm victims. Donate now by giving your card info. receiver: Are you with a known charity? caller: We’re a new group, but every bit helps—please donate."
"caller: You entered a sweepstakes for $10,000. Just pay the processing fee to claim. receiver: I never enter those. caller: Sometimes people are entered automatically for promotions."
caller: I’m with mobile payment support. Your account is locked. Give your security PIN and we will unlock it. receiver: Isn’t there another way? caller: Only with your PIN can we verify you.
"caller: Your friend sent you a money transfer. Claim it by sharing your bank account and routing number. receiver: Can you tell me who sent it? caller: Confidentiality rules prevent disclosure, just provide your info."
caller: This is the Census Bureau. You missed an important census. Give personal data or face a fine. receiver: I thought census was last year. caller: You were randomly selected for a follow-up. Please comply.
"caller: We’re from your cable provider; your account is flagged. Update payment info to avoid service interruption. receiver: Can I see this notice online? caller: No, only by phone—please provide info now."
"caller: Due to a breach, your insurance policy is at risk. Please recite your policy number and bank details to secure your benefits. receiver: Are you my regular agent? caller: Your usual agent is unavailable; I am authorized to assist."
caller: Free smartphone offer! Pay for shipping only—just tell us your card info to get started. receiver: Is it any model? caller: The latest model—just pay $29.99 shipping.
"caller: We’re closing inactive bank accounts. If you wish to keep yours, verify with your full details. receiver: Why didn’t I get a notice from the bank? caller: Sometimes notices are delayed—please verify instantly."
"caller: I’m calling from pharmacy discounts. Activate your savings by confirming your insurance and card info. receiver: Do I need to give you my entire insurance number? caller: Yes, to activate your savings today."
"caller: You’ve been selected for a work-from-home survey. To get rewards, fill in your bank details on our site. receiver: Can’t I get paid by check? caller: Direct deposit is the only payment option."
"caller: Money is waiting for you in your online wallet. Log in now using this link and give your credentials to withdraw. receiver: Is that link official? caller: Yes, click now to claim before funds are lost."
"caller: This is Apple Pay support. There are unauthorized charges. Confirm your Apple ID, password, and card for reimbursement. receiver: Can I get an email from Apple instead? caller: Instant support is only by phone."
caller: You called tech support yesterday. We’re issuing a refund. Give your bank details so we can process. receiver: I didn’t call tech support. caller: Sometimes calls are logged by mistake—let’s secure your refund anyway.
"caller: Final warning: your domain will expire, and your site will go offline unless you pay today. receiver: Which domain are you talking about? caller: Security reasons prevent me from naming it out loud."
"caller: Customs has detained a parcel for you. Confirm ID and pay duty to release it. receiver: What country did it come from? caller: I can’t reveal, just pay or it’s returned."
caller: Your Instagram is flagged for suspicious content. Avoid deletion by confirming your username and password. receiver: What content? I post pictures of dogs. caller: The flag is automatic—just verify to restore.
"caller: I’m with electric meter rebates. Claim yours by filling your banking info on our form. receiver: Can I get a check instead? caller: No, only instant transfer via your bank account."
"caller: We offer school fee waivers. Provide your child’s DOB and school info to qualify. receiver: Is this from the school district? caller: No, it’s a separate foundation overseeing waivers."
caller: Your phone insurance is about to expire. Renew now with your payment details. receiver: Can I visit the store to renew? caller: Renewals only by phone for this special offer.
caller: Join our new crypto investment. Just send $100 in Bitcoin and double your money! receiver: Can you show your returns first? caller: Only investors gain access to portfolio data.
caller: I’m from parking enforcement. You have a ticket. Pay now by card or your vehicle will be towed. receiver: Where was the ticket issued? caller: System won’t display unless you pay.
"caller: Hello, you could win $1,000 with an immediate survey! Provide your email and credit card for the reward. receiver: Why do you need my card? caller: For secure processing—we won’t charge."
caller: We’re refunding utility overcharges. Give card info to process the refund. receiver: Can my money just be mailed? caller: Refund only via direct card deposit.
caller: You qualify for a new credit line. Apply now by providing your details. receiver: Where can I read the terms? caller: Over the phone only. Let’s start with your info.
"caller: Final reminder: Your online wallet will be frozen. Confirm your login and security questions. receiver: Which wallet? caller: For privacy, I can’t specify unless you verify."
caller: Your membership in our rewards club is expiring. Renew for only $9.99 if you call with your card details. receiver: Can I renew online? caller: Only phone renewals for this promotion.
"caller: We’re distributing relief supplies. Reserve your boxes by confirming your home address and paying shipping. receiver: Are supplies otherwise free? caller: Supplies are free, only small shipping fee."
caller: You won a laptop! Confirm your delivery address and pay small customs fee to receive. receiver: Is there a tracking number? caller: Will be shared after payment.
caller: Your Apple device is locked. Unlock by sharing your Apple ID and recent code. receiver: I can’t unlock from the device? caller: Device must be released on our end first.
caller: This is your utility provider. Confirm your payment method or we’ll disconnect service today. receiver: Is this the electric or water provider? caller: Covers both—please update now.
"caller: You requested a loan. To approve, send your ID and last three bank statements. receiver: Where will my information be used? caller: Strictly for loan processing—send now for approval."
caller: Special promotion: Get 75% off antivirus if you pay now with your card. receiver: Which antivirus? caller: Premier Security Plus—offer is by invitation only.
"caller: We’ve suspended your social account. To reinstate, verify your email and password by responding to this call. receiver: Can’t I do this online? caller: Currently, only by phone for faster response."
caller: We’re from your internet provider. Your connection is at risk—send your credentials for instant fix. receiver: How do I know you’re legit? caller: This call is direct from tech support. Comply to restore service.
"caller: You have a pending legal settlement. To process, fill your details at this link and pay filing fee. receiver: Can you mail paperwork? caller: Online-only to expedite your claim."
caller: This is admin from your alumni group. Renew your membership by paying fees over the phone. receiver: Can I pay at the next event? caller: Only phone payments ensure your spot.
caller: Charity sweepstakes ends today! Pay $10 by card now for your chance to win huge prizes. receiver: Which charity is running this? caller: Global Benevolence—we’re licensed for prize distribution.
caller: I’m with home security upgrades. Get a free camera—just pay for installation by card today. receiver: Can I pay after installation? caller: Policy requires payment an advance.
"caller: You’ve reached the tax refund hotline. For faster refunds, give account details now. receiver: Can I wait for the mailed check? caller: Direct deposit is the only fast-track option."
caller: Your phone number was used in a scam. Prove your identity by sending ID photos. receiver: Through which app? caller: Just by text to this number.
caller: Your investment profile was flagged. Retrieve your funds by confirming your username and password. receiver: Can I call the official number to confirm? caller: This is an exclusive recovery team—verify now.
