dialogue
"caller: Hello, this is Mark from your bank’s security department. We’ve detected unusual activity on your account. Could you please confirm your account number so we can secure it? receiver: Hi, I’m concerned. What kind of activity? caller: It looks like someone tried to access your account from another city. If you could just verify your debit card number, I can place a temporary lock."
caller: Good afternoon! You’ve won a free vacation to Hawaii! All I need is your address and credit card to reserve your spot. receiver: I never entered any contest. Is this a legitimate offer? caller: Absolutely. Our sweepstakes often select random phone numbers.
"caller: Congratulations! You’ve been selected for a free government grant. To process, I’ll need some identification details. receiver: Can I get some information about this grant first? caller: Of course! I just need your Social Security number to verify your eligibility."
"caller: Hi, this is the IRS. You owe back taxes. Pay now to avoid arrest. receiver: The IRS usually contacts by mail, not phone. caller: This is urgent. If you don’t pay immediately, legal action will be taken."
caller: Your computer has been infected! I can help clean your system right now if you give me remote access. receiver: How do you know my computer is infected? caller: Our monitoring shows suspicious activity from your IP.
"caller: Hello, is this Mrs. Davis? You’re entitled to a major medical insurance refund. receiver: I wasn't expecting any refund. caller: That’s why we’re calling to make sure you claim it before it expires."
caller: Your Amazon order can’t be delivered due to a payment issue. Please update your card details now. receiver: I didn’t order anything recently. caller: Maybe someone used your account. I can assist in securing it.
"caller: I’m calling about your car warranty. It’s about to expire. receiver: My car is brand new, it has warranty. caller: Sometimes new cars have limited coverage; let’s verify your info to be safe."
"caller: This is a notification about a $500 charge on your credit card. Please confirm your details to dispute. receiver: That’s not my charge, I need to fix this. caller: Absolutely, just provide your card number and we’ll cancel it."
"caller: Your PayPal account has been locked for suspicious activity. We need to verify your login information to restore access. receiver: How do I know this isn’t a scam? caller: We are from PayPal’s security team, and your safety is our top priority."
caller: We have a package waiting but couldn’t deliver. Please verify your address and payment for redelivery. receiver: Who is the package from? caller: The sender marked it as urgent; let’s confirm your details for release.
"caller: Dear customer, you just won $5,000 in our lottery. receiver: I never entered any lottery. caller: You were randomly picked—just provide your bank info for the transfer."
"caller: This is the Social Security office. There’s a problem with your number and you must verify it, or benefits will stop. receiver: Why didn’t I get a letter about this? caller: Calls are faster for urgent matters like this."
"caller: Important alert! Your electricity will be cut off in 30 minutes unless payment is made over the phone. receiver: I pay my bills on time. caller: Our system shows a missed payment, but I can fix it if you pay now."
"caller: Your child has been in an accident and needs emergency funds. Please transfer money immediately. receiver: Where is my child? Who are you? caller: I’m with the hospital’s billing department, acting on their behalf."
caller: You have been selected for a business investment opportunity. I just need your bank details to begin. receiver: I’d like more information first. caller: The opportunity is time-sensitive—trust is essential here.
caller: Our anti-virus detected malware on your machine. Please install our software after giving me access. receiver: What company is this? caller: We’re from Global Cyber Protection.
caller: You have unpaid tolls. Pay now to avoid court proceedings. receiver: Which tolls? I haven’t traveled recently. caller: They could be from several months ago; verify your car registration for more info.
"caller: There’s a problem with your insurance policy. It might be canceled if we don’t verify your information. receiver: Can I call the company myself to check? caller: No, only this line can help right now."
caller: We’re updating phone software nationwide. Please provide your phone’s IMEI for the update. receiver: Who do you work for? caller: I’m contracted by all major carriers for upgrades.
"caller: Your pension information needs immediate verification, or you could lose future payments. receiver: That seems sudden. caller: The government is tightening regulations, so I need your info right away."
"caller: This is the student loan office. Your payment exceeds $2,000, confirm your banking details to correct. receiver: My payments are much lower. caller: It may be a system error, and I’ll fix it right now."
"caller: Hi, I’m from Microsoft support. We’ve detected unusual logins from your device. receiver: What device? caller: Your Windows computer, based on the license key registered to your name."
"caller: We’re contacting you about a missing tax refund. Send your details to process the return. receiver: Which tax year is this about? caller: The last two years, according to our database."
caller: Amazon needs your account info to verify a large gift card purchase. receiver: I never bought a gift card. caller: Someone else might have; let's secure your profile immediately.
caller: You qualify for an interest-free credit card. Provide your details to apply. receiver: What’s the company name? caller: We’re working with a range of major banks and can match you instantly.
"caller: Facebook security here. Your account will be deactivated soon; verify your password now. receiver: Feels suspicious, I’ll log in directly. caller: That will take too long and your account may be lost."
"caller: You’ve been sued, a payment is required to avoid court date. receiver: Who is suing me? caller: We cannot disclose, but payment will resolve it instantly."
caller: I’m a government agent; you’re eligible for special benefits due to COVID-19. sender: What do I need to do? caller: Send your ID and bank details for immediate processing.
caller: Emergency! Your relative was arrested and needs bail. Transfer the money now. receiver: Who exactly? caller: They asked me to keep it private due to embarrassment.
"caller: Your Netflix account was hacked, give me login and payment details to restore. receiver: Can’t I fix it online? caller: Hackers may have changed recovery options; phone help is safer."
caller: There’s a problem with your citizenship papers; you need to verify your Social Security details. receiver: Who are you with? caller: Immigration office; act now to avoid paperwork delays.
caller: Your Apple ID is suspended. Respond with your credentials to unlock. receiver: How do I know you’re from Apple? caller: We have your device ID and can prove authenticity.
caller: You just won a free smartphone! Please pay a small delivery fee and it’s yours. receiver: Where did I win it? caller: In an online promo; thousands have already claimed theirs.
"caller: Our systems show a parking violation in your name. Pay the fine, or the fee will increase. receiver: Can you send me proof? caller: Only after you pay the security hold."
"caller: Your online subscription was renewed for $499. To cancel, please verify your payment info. receiver: What subscription is that? caller: Due to security, we need confirmation first."
caller: I noticed suspicious movement on your banking profile and can freeze your account to protect you if you give me the account number. receiver: Which bank are you calling from? caller: It’s linked to your phone; any major institution.
"caller: Hello, you have been chosen for a once-in-a-lifetime investment. receiver: What’s the investment? caller: It’s in digital assets. I need your routing number now to get started."
"caller: Your utility bill is overdue and service may be suspended. receiver: I paid already this month. caller: Our system wasn’t updated, but payment now avoids interruption."
caller: This is Apple Support. Your iCloud account is compromised. Confirm your password for assistance. receiver: Why can’t I secure it myself online? caller: Lockout risk is higher online; let’s fix it now.
"caller: A foreign login on your Gmail was detected, verify your credentials to block intrusions. receiver: Google never calls me by phone. caller: We are the special response team dealing with complex cases."
caller: You are owed a large class action lawsuit settlement. Confirm your bank account for payment. receiver: Which lawsuit is this? caller: Privacy violations; you don’t want to miss out.
"caller: Your health coverage will be canceled if you don’t confirm your information immediately. receiver: What information do you need? caller: Full name, SSN, and last payment date."
caller: Your social media account breached user rules and will be deleted unless you verify identity. receiver: Can’t I just appeal online? caller: This action is too urgent for online appeal.
caller: Your mortgage payment failed; reconfirm your details to avoid late fees. receiver: This hasn’t happened before. caller: We’re helping customers solve new processing issues today.
caller: There was fraudulent activity on your savings account. Help us by confirming your bank info. receiver: Can you give more details? caller: Information is private; only with verification can I proceed.
"caller: We’re hosting a random audit and selected your profile; compliance requires your private info. receiver: Is this required by law? caller: Yes, results could affect your service status."
"caller: You’ve entered the finals of our sweepstakes. To claim your spot, send ID and payment details. receiver: I've not entered any sweepstakes. caller: Entries are often automatic from other sites."
caller: We’ve suspended your driver’s license due to outstanding tickets; confirm your license and pay to clear. receiver: Who should I speak to about these tickets? caller: Only this line can resolve this case now.
"caller: Hello, there’s a high-value refund waiting for you at our finance department. receiver: I don’t recall a refund. caller: Sometimes these payments build up unnoticed."
caller: Government stimulus money available! Just confirm your details to get paid. receiver: I haven’t heard about new stimulus payments. caller: This is a special case for select individuals.
"caller: Lottery winner! To release the jackpot, pay a standard processing fee. receiver: Can you mail a check instead? caller: Regulations require a fee first to prove identity."
"caller: Your phone will be cut off due to invalid account info; tell me your details to fix it. receiver: Who is my service provider? caller: This number overlaps with multiple services, let’s check your info."
caller: A suspicious transfer was attempted; give your username and password to reverse it. receiver: This doesn’t sound right. caller: Minutes matter—otherwise your funds are gone.
caller: All credit card users are eligible for a bonus. Apply by giving your card number. receiver: Is this from my bank? caller: This is a third-party issuer working with banks.
"caller: I’m from the IT department, your email is being blocked unless you verify your credentials. receiver: I thought IT never asks for passwords. caller: This is an exception for urgent cases."
caller: Your identity was used in a crime. Confirm your SSN to clear your record. receiver: Can’t I do this at the police? caller: Police only act after an internal investigation.
caller: Free upgrade to premium service if you confirm payment details. receiver: What service is this for? caller: We handle upgrades for hundreds of companies.
"caller: Your online order is on hold; verify your payment to proceed. receiver: Where was this ordered? caller: Due to privacy, we can’t reveal more until you confirm your identity."
"caller: Congratulations, you qualify for a home loan. We need your income details to process now. receiver: Which bank is offering this? caller: We work with several, so your info routes to the best one."
"caller: Our records show you haven’t updated your voter registration. Give your details to avoid being removed. receiver: I thought registration never expires. caller: States change requirements, we handle the updates."
caller: Your relative named you the beneficiary of their life insurance. We need your bank to deposit the inheritance. receiver: Who is the relative? caller: Privacy law prevents disclosure until you claim.
caller: Earn $100 by participating in a feedback survey. I just need your account info to send payment. receiver: Will I receive payment before giving details? caller: Accounts must be confirmed first.
caller: There’s a problem with your recurring monthly payment. Could you confirm your card number? receiver: Which payment? caller: It could be any subscription; many clients are affected.
caller: We found lost funds in your name. Verify bank info to recover. receiver: How did you find these funds? caller: Through a federal recovery program.
caller: We are updating our database. Your records need verification to avoid suspension. receiver: Which records? caller: All related to your email and phone.
caller: Security breach detected; your account risks permanent lock unless you verify identity. receiver: I want to deal with this through official channels. caller: That could take weeks—act now to avoid loss.
caller: We need your help in an urgent wire transfer test. Provide your bank logins; this is authorized. receiver: Can I verify with my bank first? caller: Time constraints prevent outside verification.
"caller: We’ve selected you for free account monitoring, just confirm your details. receiver: Monitoring for what? caller: For fraud, identity theft, and more—you need quick protection."
"caller: Upgrade your debit card for free. Provide your old card number. receiver: Do I get a new card mailed? caller: Yes, instantly after verifying your details."
caller: A mysterious login was detected; confirm your security answers to block it. receiver: Which answers do you need? caller: Your mother’s maiden name and childhood city.
caller: Your health insurance policy is under review. Confirm identity and banking info for updates. receiver: What’s the policy number you have? caller: This is a bulk process covering lots of policies.
"caller: Hello, I’m from FedEx. Your package is stuck in customs; pay a fee to release it. receiver: I’m waiting for a parcel, is this about that? caller: Likely, but verify to be sure."
caller: Quick! Your friend is stranded abroad and needs money. receiver: Who is the friend? caller: He asked us to keep it discreet to avoid stress.
caller: Your account was logged in from a new device. Give me your OTP to secure it. receiver: OTP for what? caller: It’s for verifying your ownership and blocking outsiders.
caller: The charity you donated to needs further confirmation for your gift. receiver: Can’t I just check online? caller: This process is faster and avoids account holds.
"caller: I’m a recruiter; you just got a job offer, confirm FIN details to begin onboarding. receiver: I didn’t apply anywhere. caller: Some offers come through talent pools; don’t miss out."
caller: Please complete your background check for the new position. I need your social and address. receiver: Who are you recruiting for? caller: I handle verifications for multiple firms.
caller: This is the fraud department; a large purchase is pending. Confirm your account info to block it. receiver: What’s the purchase for? caller: High-end electronics; can you quickly confirm details?
"caller: You’re being overcharged today, call to claim your discount. receiver: Which bill? caller: If you give card info, I’ll process the discount."
"caller: Your online order for electronics is delayed. Update your payment info now. receiver: Where did I order from? caller: Our central system processes many stores, so we only see your details."
"caller: We’ve found a match for your lost pet, pay a locator fee to get more info. receiver: What kind of pet? caller: It’s a small dog, as per our database."
"caller: Your streaming account qualifies for an exclusive offer. Confirm card to activate. receiver: Which streaming service? caller: We partner with many, can activate the promo on your choice."
"caller: This is the regional health authority, we need your ID for vaccine verification. receiver: Is this standard? caller: New systems require direct confirmation now."
"caller: Click this link to update payment. It’s urgent. receiver: Can I check this with my provider? caller: The link expires soon, act before it’s gone."
"caller: Your bank account will be frozen for suspicious activity. Tell me your details to unfreeze. receiver: I need more information. caller: Details can’t be shared due to privacy policy, act quickly."
"caller: I’m with the local police; you have a fine outstanding. Provide card number to settle. receiver: I need an official citation. caller: All fines are now digital, instant payment preferred."
caller: You’ve been selected for free cable upgrades. Confirm your address and payment to qualify. receiver: Is there a website for this? caller: It’s available through this special phone offer only.
caller: Our system noticed a refund is due from your phone provider. Confirm banking details for direct deposit. receiver: What amount is the refund for? caller: The amount varies by account; need details to check.
"caller: You have new legal documents; verify SSN to access. receiver: What law firm is this? caller: Documents are confidential, so we use secure phone verification."
"caller: This is the travel desk; your flight was overbooked, and you’re due compensation. receiver: How do I claim it? caller: Send your bank info and I’ll process quickly."
caller: Upgrade your payment security with our new authentication program. Tell me your credentials. receiver: Is this from my bank? caller: It’s a bank-backed program managed by us for safety.
caller: There’s a recall on your recent electronics purchase—confirm purchase and payment to get refund. receiver: What product is recalled? caller: We process for many brands; details after verification.
"caller: Someone lodged a complaint in your name. To clear your record, confirm identity now. receiver: Where was the complaint filed? caller: For confidentiality, we only communicate by phone."
caller: Your retirement plan is compromised—verify SSN to restore access. receiver: Which plan is affected? caller: It’s linked to numerous plans; I’ll confirm after verifying identity.
caller: You’re overdue on property taxes. Confirm payment info or face penalties. receiver: Can I go online to pay? caller: Late fees apply online—phone payment avoids extras.
"caller: A new promotion from your bank is available, claim higher interest now by confirming your account number. receiver: What’s the catch? caller: No catch, but it’s for a limited time."
"caller: I’m from tech support, a virus infected your device. Can I have your access code to fix? receiver: Can you prove you’re from support? caller: We have records of your last login, showing it’s you."
caller: There’s a security camera footage issue at your house. Call us to discuss. receiver: What’s the problem? caller: I need your info to disclose sensitive details about your security.
caller: A mystery shopper job is yours. Just deposit a check and send money for your starter kit. receiver: Why do I need to send money? caller: It’s to cover your advance kit expenses.
caller: Your favorite charity needs urgent help. Can you share your credit card to donate? receiver: How do I know you’re from the charity? caller: We’re fundraising for them directly.
"caller: I’m your bank manager, calling about a suspicious transfer. Please verify your info to stop it. receiver: Which branch are you with? caller: I handle accounts remotely; can help multiple branches."
"caller: One of your passwords leaked online. Share your new password for account reset. receiver: Where did you find it? caller: On a dark web monitor, only we have the info."
caller: This is hospital billing; you owe a small balance. Can you pay now? receiver: Which procedure is this for? caller: Our system doesn’t specify unless you verify details.
"caller: You get paid for easy surveys. Please provide your account info for weekly transfers. receiver: Can I see proof of previous payouts? caller: Our privacy policy prevents that, but we pay promptly."
caller: Your parcel is under customs review. Confirm payment for release. receiver: How much is the payment? caller: It depends; I check after verifying your details.
caller: Your shopping account has suspicious activity. Give your card and login to reset. receiver: Can I visit the store to do this? caller: It’s faster and safer via phone.
"caller: Sign up today for pension enhancements. I’ll need your SSN now. receiver: Is there an application process? caller: This is the streamlined, instant way."
caller: Your gas bill is overdue. I’ll need your banking info to process payment. receiver: Why didn’t I get a written bill? caller: Our switch to e-billing has caused confusion.
"caller: I’m calling from your internet service provider. To maintain your service, confirm your password. receiver: Is there a secure line I can call back? caller: Only this direct line can process urgent requests."
caller: This is the financial aid office. An error with your student loan needs your bank account for correction. receiver: I already paid last month. caller: Processing delays sometimes require re-confirmation.
"caller: Your online payment failed; re-submit your bank info to avoid penalties. receiver: Which payment failed? caller: The system logs only transaction types, not companies."
"caller: We’re launching a new rewards program, you’ve qualified—verify card number to activate. receiver: What rewards do I get? caller: Points, discounts, and cashback after registration."
