dialogue
"caller: Hello, this is John from your bank’s security department. We’ve noticed suspicious activity on your account. Could you please confirm your account number to verify your identity? receiver: That sounds concerning! Which bank did you say you’re calling from? caller: Your bank. For security, I can't mention the name until you verify yourself with your account number. receiver: I'm not comfortable sharing that over the phone.  "
"caller: Congratulations! You’ve won a $500 gift card. To claim it, I just need your address and a small processing fee. receiver: Wow, I didn’t enter any contests. Can you tell me how I won? caller: You were selected through an online survey database. Just need your details to ship the prize. receiver: I’d rather not; sounds suspicious."
"caller: Hi, this is Microsoft support. We detected a virus on your computer. I need you to download a tool so I can remove it. receiver: I haven’t noticed anything strange on my computer. How did you get my number? caller: Our system logs showed your number when the alert was triggered. Please hurry or your files might be at risk. receiver: I’ll take my computer to a local store instead."
"caller: Good day! Your package is undelivered due to an address issue. Please confirm your full name and address for redelivery. receiver: I’m not expecting any deliveries. Which company are you from? caller: We process shipments for all major couriers. Address confirmation will help. receiver: Sorry, I’m not comfortable giving out my details."
caller: I’m calling from the IRS. You owe back taxes and need to pay right now or you’ll be arrested. receiver: The IRS doesn’t call people like this. Goodbye.  
caller: Your PayPal account has been locked. Please provide your login details to restore access. receiver: I’ll log in to PayPal directly to check. sender: You must act fast! Someone is trying to access your funds. receiver: Not giving you my details.
"caller: Hi, this is Anna with a student loan forgiveness program. Verify your SSN to see if you qualify. receiver: Where are you calling from? What’s the company name? caller: Student Loan Services, just need your info to proceed. receiver: I'll pass."
"caller: Your dear friend needs urgent help overseas. Please wire $1,500 to this account to save her. receiver: Which friend? caller: She asked us not to reveal her name for privacy. receiver: I need confirmation from her directly."
caller: Netflix account compromised! Please share your login info to secure it. receiver: I’ll handle security through the app. No thanks.
"caller: We’re running a government grant sweepstake, and you’ve been selected! Just send a processing payment to receive $10,000. receiver: Sounds too good to be true. Can you provide official documents? caller: The paperwork is sent after the payment. receiver: I’m not paying for something I haven’t seen."
caller: You were overcharged last month. Let’s process your refund. Kindly provide your debit card details. receiver: Can you explain what company overcharged me? caller: The refund is for your energy bill; need card details to complete. receiver: I’ll check with my provider directly.
"caller: Hi, it's Amazon delivery support. Your order couldn’t be delivered due to customs. Confirm your credit card info to release. receiver: I don't recall any international orders. Which order are you talking about? caller: Your most recent one. This is urgent to avoid extra fees. receiver: I’ll call Amazon myself."
"caller: Hello, your computer is infected. If you buy our antivirus now, we’ll stop the hackers. receiver: What’s the name of your antivirus? caller: It's the latest protection tool; I’ll need your card number. receiver: I’ll find a reputable one myself."
caller: This is the FBI. Your identity has been linked to a criminal case; you must wire money to clear your name. receiver: Give me your agent ID and office number. caller: That’s confidential; act now or face consequences. receiver: I’m calling the real FBI. Bye.
"caller: Hi, I found your lost pet and need a reward before returning it. receiver: My pet’s at home, are you sure? caller: Yes, it matches your details. Just send the reward for the address. receiver: Not going to send anything."
"caller: Facebook account violation detected. Verify your password to avoid being locked out. receiver: I never got any notifications from Facebook. caller: It could be in your spam folder, let's fix it now. receiver: I’ll ignore this."
caller: Apple support here. Someone tried to access your iCloud. What’s your Apple ID password? receiver: Why would Apple ask for my password? caller: It’s the fastest way to protect your data. receiver: Not happening.
"caller: Your house is eligible for free solar panels, but you must pay a small setup fee now. receiver: Can you send me brochures or a website? caller: Sure, but reserving your spot requires the fee first. receiver: Not interested."
"caller: Dear customer, your insurance policy is expiring. Renew now by providing your banking info. receiver: Which insurance company is this? caller: The one you’re registered with; we handle various providers. receiver: I’ll call my insurer directly."
"caller: You’re entitled to an unclaimed inheritance. I need your banking details for transfer. receiver: Who left me the inheritance? caller: A distant relative, but privacy laws stop me from naming them now. receiver: I’ll consult my lawyer first."
"caller: We noticed risky login attempts on your bank account. Please confirm your online banking credentials. receiver: I’ll call my bank, thanks."
caller: Your mobile number has won a luxury car! Pay the registration to claim it. receiver: Which company is giving away the car? caller: Our finance group partners with many dealerships; need the fee now. receiver: Not interested.
caller: Police department here. Your social security number is involved in fraud. Verify it now to avoid arrest. receiver: I’m hanging up and calling my local police.
"caller: You have been selected for a limited-time investment scheme with guaranteed returns! Transfer your funds and see your money double. receiver: If it sounds too good to be true, it usually is. No thanks."
"caller: Hello, Sir/Madam, upgrade your credit card now for higher limits. We need your current card number first. receiver: I’ll call my credit card company myself."
"caller: As a reward for being a loyal customer, you’re due a free vacation. All we need is your personal info. receiver: Which company is this? caller: An international travel agency. Details after confirming your identity. receiver: I’m not interested."
"caller: COVID emergency grant available for you. Send your bank details for the deposit. receiver: Where’s the grant from? caller: From a government relief program, just need your info. receiver: Not giving my bank details."
"caller: Your Amazon account will be deleted unless you update your billing info now. receiver: I’ll log in directly, not giving info on the phone."
"caller: Hello, this is Officer Lee. Unusual activity detected, confirm your SSN for verification. receiver: Can you provide your badge number? caller: That info is classified; please cooperate. receiver: I’ll contact police myself."
"caller: I’m with your IT department, need your password for urgent maintenance on your work computer. receiver: You should have access without my password. Not sharing it."
"caller: Good news! You’re a finalist for a home makeover. Pay a registration fee and we’ll schedule your consultation. receiver: I didn’t enter such a contest. No, thanks."
"caller: Greetings, we’re updating your health records. Please verify date of birth and insurance policy number. receiver: I’ll speak directly with my doctor’s office. Goodbye."
caller: Recent transaction flagged as suspicious. Provide your card number to restore account access. receiver: I’ll check with my bank instead of sharing over the phone.
"caller: Your social media account is about to be banned. Confirm your email and password for reactivation. receiver: No, I won’t be giving that information.  "
"caller: Hi, we’re offering free tech support for your Windows device. Download our remote tool now. receiver: I won’t download anything until I verify your company."
"caller: Visa rewards department here. You’re eligible for $100. I’ll need your credit card number to send it. receiver: No, I’ll call Visa myself; sounds like a scam."
caller: We’re calling about your unpaid parking tickets. Pay now or face extra penalties. receiver: I haven’t received any notice in the mail. Will check with city hall.
"caller: Hello, as part of annual maintenance, your gas bill needs to be settled immediately to avoid disconnection. Verify account details. receiver: I’ll call the gas company to confirm."
"caller: You’ve won a mystery box! To reveal your prize, provide your payment info. receiver: No thanks, not giving payment info for an unknown prize."
caller: We recently upgraded our telecom system. Please confirm your SSN to activate your account. receiver: Why would I need to share my SSN for this? I’ll contact the company directly.
"caller: Congratulations, you’re eligible for a low-interest loan. I’ll need your bank statements to process. receiver: No, I’ll find a reputable lender myself."
"caller: Good morning, I noticed your resume online. We have a job offer but require an upfront processing fee. receiver: I won’t pay for a job application."
caller: Attention! Your subscription is ending. Please share your payment details to renew and avoid interruption. receiver: I’ll handle renewals through the official website.
caller: Your friend sent you a message through our platform. Verify your email and password to access it. receiver: My friends don’t use services I haven’t heard of.
"caller: As part of our loyalty program, you need to verify your identity with your bank account number. receiver: Which program is this? caller: Our system randomly selects users from various companies; just provide your details. receiver: No thanks."
"caller: This is technical support, we detected illegal downloads from your IP. We need remote access to your device. receiver: I know what’s on my computer, and you’re not getting access."
caller: Medicare upgrade! Update your policy by confirming your SSN and address. receiver: I’ll call Medicare myself about upgrades.
"caller: Hello, your Uber account is locked. Reply with your login information to reactivate. receiver: I'll use the official app to resolve this."
"caller: Charity fundraiser here, helping children in need. Please donate by sharing your credit card information. receiver: I prefer giving to official charities only."
caller: Student loan interest rates have dropped! Provide your loan account and SSN to qualify. receiver: I’ll check with my loan provider directly.
caller: Your home warranty is about to expire. Renew by giving your payment information. receiver: I’ll call my warranty company if needed.
"caller: Congratulations on being pre-approved for a personal loan! Please send your financial details to get started. receiver: Not interested, thank you."
caller: Your internet will be disconnected in 30 minutes for non-payment. Confirm your billing information now. receiver: My bills are paid; I’ll call the company if needed.
"caller: Hello, your Etsy account is at risk. Share your password to secure your shop. receiver: I’ll reset my password through Etsy."
caller: Your winnings from an online lottery are waiting! We just need your bank account details. receiver: I haven’t played any lottery; goodbye.
"caller: I'm a recruiter for a prestigious firm. Pay a background check fee to proceed with your application. receiver: Sorry, not going to pay for that."
caller: You’ve got an urgent legal case pending. Settle now by wiring money. receiver: I’ll speak to my attorney first.
caller: Your mortgage is flagged for audit. Update your banking information with us now. receiver: I’ll handle mortgage questions directly with my lender.
"caller: Exclusive time-limited NFT offer! Invest now by transferring crypto to this wallet address. receiver: I don't invest in NFTs, but thanks."
"caller: Good afternoon, we’ve detected fraudulent investment activity. I’ll need your trading account and PIN for verification. receiver: I’ll contact my trading platform on my own."
caller: Social security administration here. Your number is compromised; confirm your identity or benefits stop. receiver: Not sharing over the phone. I’ll visit my SSA office.
caller: Your airline reservation is incomplete. Pay a small fee now to avoid ticket cancellation. receiver: I’ll add payments through the airline’s site only.
"caller: You were due a refund, but our transfer failed. Please provide your account number. receiver: I only handle refunds directly, not over the phone."
caller: Your bank card was used in another country. We need your PIN to secure your card. receiver: My bank would never ask this.
"caller: Health department here, update your info to remain insured. receiver: I’ll reach out to the health department myself."
caller: This is the lottery commission. You won big! Just pay the tax up front. receiver: Real lotteries never ask for money first.
caller: Your cable service faces disruption unless you update billing. Please share card info. receiver: I’ll check my account online.
"caller: Hello, our investigation found your records in our security breach. Download a “cleaner” to remove threats. receiver: This sounds like a scam. I won’t download anything."
"caller: Your pet insurance requires immediate renewal. Confirm your policy and payment details. receiver: I’ll call my pet insurer, thanks."
caller: Federal benefits adjustment: Confirm your SSN or risk losing monthly payments. receiver: No – this isn’t how the government contacts people.
caller: Your phone plan qualifies for a free upgrade. Confirm SSN and ID for eligibility. receiver: I’ll contact my provider to verify directly.
"caller: Your Apple Store order was cancelled due to payment failure. Confirm credit info to reorder. receiver: If I ordered, I’ll check through Apple."
"caller: Hi, you’re eligible for a senior assistance grant, just send your banking info. receiver: I don’t want to share those details over the phone."
caller: Real estate investment opportunity with high returns. Send your info for a presentation slot. receiver: I’ll research first.
caller: We’ve received your resume. You’re a top candidate – just pay for your background check. receiver: Not interested in paid applications.
caller: Online banking reward contest; you’re a winner. Log in using this link to receive your prize. receiver: I’ll use the bank’s official website.
caller: Your recurring subscription payment failed. Share your card details to avoid cancellation. receiver: I’ll update payment only through the provider.
caller: You’ve been selected for a cash prize from your utility company. We just need your account info. receiver: I’ll speak to someone directly from my utility.
"caller: This is the immigration office, urgent issue with your status. Confirm your case number and bank info. receiver: I’ll only deal with immigration directly."
caller: Your grandchild is in trouble abroad and needs money. Send it now for help. receiver: I’ll contact my grandchild directly to verify.
"caller: Upgrade your PayPal account security by confirming your password now. receiver: I’ll handle all upgrades through PayPal, not by phone."
"caller: You qualify for upgraded internet speeds! Enter your account info and SSN. receiver: I’ll call my provider myself, thanks."
"caller: Your online wallet is suspended. Provide login to restore access. receiver: I’ll check directly, not via an unknown caller."
caller: Local police here – you must pay a bond to avoid arrest. receiver: I’m calling my local police to check.
"caller: Hello, your phone number was used in a crime. Cooperate by sharing your personal info. receiver: This is nonsense. Goodbye."
caller: Unpaid medical bill recorded – share your card information to settle now. receiver: I’ll talk to my doctor first.
caller: Your pet microchip info is outdated. Update by providing payment info. receiver: I’ll contact my vet about this.
"caller: You have just received a compliment from a secret admirer. Click this link to view it. receiver: Nope, I don’t trust unknown links."
