dialogue
"caller: Hi, is this Mrs. Henderson? receiver: Yes, speaking. caller: This is Emily from the community library. Your reserved book, ""The Night Garden,"" is ready for pickup. Would you like us to hold it for a few more days? receiver: Oh, wonderful! Yes, please hold it until Friday if possible—I can come by then. Thank you!"
"caller: Hello, is this John? receiver: Yes, who’s calling? caller: Hi John, it’s Mike from the gym. Just calling to remind you your membership expires next week. Would you like to renew over the phone? receiver: Oh thanks, Mike! I completely forgot about that. Let me check my account and call back tomorrow."
"caller: Good afternoon! This is Officer Ramirez with Animal Services. We received a report about a stray dog matching your description. Have you lost a pet recently? receiver: Oh my, yes! My beagle Max went missing yesterday. Where was he found? caller: He was picked up near Main Street. You can retrieve him from the shelter until 6 PM tonight."
"caller: Hey, it’s Matt from the hardware store. Your order for paint and brushes is ready. Do you want it delivered or will you pick it up? receiver: I’ll come by and pick it up this afternoon. Thanks for letting me know!"
"caller: Hi, I’m calling from Dr. Chen’s office. Your appointment for your dental cleaning is tomorrow at 11 AM. Just checking that you can still make it. receiver: Yep, I’ll be there. Thank you for the reminder!"
"caller: Hello, is this Sarah? receiver: Speaking. caller: This is Jake, your neighbor across the hall. Just wanted to let you know I accidentally received a package addressed to you. I can drop it by later tonight. receiver: Oh great, Jake, thank you so much! I was waiting on that. What time works for you? caller: How about 7 pm? receiver: That works!"
"caller: Hi, I'm calling from Sun Valley Pharmacy. Your prescription is ready to be picked up. Would you prefer curbside pickup or to come inside? receiver: Thank you! I’ll come inside to get it after work."
"caller: Hello! This is Mrs. Patel from Downing School. We just wanted to let you know your son, Aiden, stayed after school today for extra math help. He’ll be ready for pickup at 4:00. receiver: That’s great news. I’ll be there at 4. Thank you for letting me know."
"caller: Good evening, this is Mark from Willow Gardens. We noticed you requested a leaky faucet repair in apartment 3B. Is 10 am tomorrow a good time for our technician to come by? receiver: Yes, that works for me, thank you. I’ll be here in the morning."
"caller: Hi Debra, this is Lucas from the book club. Just wanted to remind you our meeting is tomorrow at 6pm at the usual spot. Are you still bringing the snacks? receiver: Yes, I’ve got everything ready! See you tomorrow."
"caller: Hi, this is Jessica from Happy Paws Groomers. Just wanted to confirm Charlie’s grooming appointment for Friday at 2pm. receiver: That’s right, thank you, Jessica. Looking forward to it."
"caller: Hello, this is your cousin, Will. I got your message about the birthday party next week. Do you need me to bring anything? receiver: Hey Will! Could you bring a dessert? Maybe your famous brownies? caller: Absolutely, you got it!"
"caller: Good morning! This is Angela from the florist. The bouquet for your anniversary will be ready for delivery at 4pm. Will someone be home to receive it? receiver: Yes, I’ll be home all afternoon. Thank you so much."
"caller: Hi Mr. Tran, this is Lisa from the city council. There’s a community meeting next Thursday about the park renovations. Would you like to attend or receive meeting minutes? receiver: I’d like to attend. Where will it be held? caller: At the community center, room 3."
"caller: Hello, I’m calling from KeyBank regarding your new debit card. It’s available for pickup at the branch. receiver: Thank you, I’ll pick it up during my lunch break."
"caller: Hi, this is Molly from the pet shelter. I wanted to update you on your application to adopt Luna. When can you come in for a meet-and-greet? receiver: Oh, I’m so excited! Tomorrow at noon works for me if that’s okay. caller: Perfect, we’ll see you then."
"caller: Good afternoon Mr. Wilson, this is Dr. Parker’s office. Just following up on your blood test results—everything looks good. receiver: That’s a relief, thanks for letting me know!"
"caller: Hello, this is your local UPS driver. I wanted to let you know your package will be delivered between 2 and 4 pm today. receiver: Thank you! I’ll be home during that window."
"caller: Hi, this is the reception at Harmony Spa. Just confirming your massage appointment for Saturday at 1pm. receiver: Yes, I’m looking forward to it, thank you for confirming."
"caller: Hi Eric, it’s Sharon from work. I just wanted to see if you could cover my shift next Wednesday. receiver: Let me check my schedule and get back to you this afternoon."
"caller: Hi, this is the registrar's office from Maple University. We noticed a missing signature on your course registration form. Can you come in tomorrow to complete it? receiver: Yes, I can stop by in the morning. Thank you for letting me know."
"caller: Hello, this is Brian from the IT helpdesk. You submitted a request about your laptop battery. Can we schedule a time to look at it tomorrow? receiver: Tomorrow after lunch would be great. caller: See you then!"
"caller: Good morning! This is Sarah from your neighborhood HOA. We’ve organized a cleanup event this Saturday at 9am. Would you be able to join us? receiver: Yes, I’d love to help! See you Saturday."
"caller: Hi Mrs. Lopez, this is Tom from the furniture store. Your sofa is scheduled for delivery tomorrow between 8 and 10 am. receiver: Thank you for the update, Tom. We’ll be ready to receive it."
"caller: Hello, this is Anna from the polling station. You recently registered to vote, and your card is ready. Would you like it mailed or will you pick it up? receiver: If you could mail it, that would be great. Thank you!"
"caller: Hey dude, it’s Tyler. Are you still coming over to watch the game tonight? receiver: Yeah, I’ll bring chips and soda. See you at 7?"
"caller: Good afternoon! This is Jordan from city utilities. Just a reminder we’ll be conducting meter readings in your building tomorrow. No action needed, just letting you know. receiver: Thanks for the heads-up."
"caller: Hi there, this is Carla from the charity committee. We’re sorting donations Friday at 5 p.m. Are you still able to volunteer? receiver: Yes, I’ll be there for sure!"
"caller: Hello, is this Sam? receiver: Yes, who’s this? caller: This is your mechanic at AutoPro. Your car is ready for pick-up after the oil change. receiver: Great, I’ll be in before close."
"caller: Good morning, this is Ellen from Grove Bank. I have an update regarding your loan application. Could you call us back at your earliest convenience? receiver: Absolutely, I’ll call this afternoon."
"caller: Hello, this is your daughter’s school nurse. Maya’s feeling better and is ready to come home. Can you pick her up at the front office? receiver: Of course! I’ll be there in 15 minutes."
"caller: Hi, this is Adrian from Corner Café. Just letting you know your catering order for Friday is confirmed. Do you have any last-minute changes? receiver: Nope, everything looks good, thank you!"
"caller: Good evening, Mr. Barnes. This is Mrs. Riley from the Homeowners Association. Will you be attending the annual meeting on Saturday? receiver: Yes, I’ll be there. Thank you for following up."
"caller: Hello, this is Candace from Better Living Insurance. Your annual renewal is due next week. Do you have any questions about your coverage? receiver: No questions right now, thanks for checking."
"caller: Hey, it’s Olivia. Did you want me to pick you up for yoga or will you meet me there? receiver: I’ll meet you at the studio at 6."
"caller: Hi, this is Jeff from the car rental agency. Your vehicle is available for pick-up at the airport rental desk. receiver: Thanks, Jeff. I’ll stop by as soon as I land."
"caller: Good morning! This is Samira from the bakery. Your birthday cake order will be ready for pick-up at 10am tomorrow. receiver: Wonderful, thank you. I’ll see you then."
"caller: Hello, I’m calling from the cinema regarding your tickets to Friday’s premiere. Would you prefer printed tickets or mobile tickets? receiver: Mobile tickets, please. Thank you!"
"caller: Hi, this is Pete from Handy Repairs. You scheduled a window replacement this week. Does Wednesday morning work for you? receiver: Yes, Wednesday morning is perfect."
"caller: Hello, it’s Julia, your piano teacher. Just a reminder your lesson is tomorrow at 5pm. receiver: Thanks for the reminder, Julia. I’ll be there."
"caller: Good morning, is this Melissa Parker? receiver: Yes, this is she. caller: My name is Rachel from Travel Experts. Your passport is ready for pickup. When is a good time for you to come by our office? receiver: I can come this afternoon. Thank you so much!"
"caller: Hi, this is Greg from the landscaping company. Just confirming your yard service for Thursday at noon. receiver: That works, thank you!"
"caller: Hello, is this Mr. Gomez? receiver: Yes, it is. caller: This is Ellie calling from the hospital’s radiology department. Are you still available for your MRI on Monday at 2 PM? receiver: Yes, I’ll be there. Thank you for confirming."
"caller: Good afternoon! This is Alice from Green Studios. We received your artwork submission, and you’re invited to the exhibit opening Saturday at 3pm. receiver: Thank you so much, I’ll be there!"
"caller: Hi, this is Tom from the moving company. We’re just checking what size truck you’ll need for your move next week. receiver: I think the 16-foot truck you recommended will be enough. caller: Great, we’ll reserve it for you."
"caller: Hello, this is Carol from the university admissions team. Your documents are all in order. We’ll email you further instructions soon. receiver: Perfect, thank you for the update!"
"caller: Hi Mr. Wells, it’s Peter from the fire department. Our crew will be inspecting the building’s fire alarms on Friday. receiver: Thanks for letting me know. I’ll inform the tenants."
"caller: Hi! This is Casey from your local bakery. We have extra sourdough loaves today if you were still interested. receiver: Oh, fantastic! I’ll come pick one up after lunch."
"caller: Good morning, this is Henry from City Pediatrics. Just confirming Aaron’s appointment tomorrow at 9am. receiver: Yes, we’ll be there. Thank you."
"caller: Hello, this is Reggie from the grocery store. You left your wallet at checkout earlier today. It’s safe with us whenever you want to pick it up. receiver: Oh wow, thank you so much. I’ll come by right away."
"caller: Hi, Carol, it’s Linda from your book club. I have those novels you wanted to borrow. receiver: That’s great, Linda! Should I come pick them up tonight? caller: Yes, come by whenever is good for you."
"caller: Hello, this is Tony from the appliance repair shop. We have your washing machine ready for pickup. receiver: Thank you, Tony. I’ll stop by after work."
caller: Good afternoon! It’s Melanie at the vet’s office. Your cat Luna recovered from her dental cleaning and is ready to go home. receiver: I’ll be there in an hour. Thank you for calling!
"caller: Hey Mark, it’s Nina from the office. You left your notebook in the conference room. Want me to drop it off at your desk? receiver: Yes, please. Thank you, Nina!"
"caller: Hi, this is Dr. Singh’s office. We needed to reschedule your appointment. Would next Tuesday work? receiver: Yes, that’s fine. Thank you for letting me know."
"caller: Hello, this is Tracy from the physical therapy clinic. Just checking if you can confirm your visit for Friday at 8am. receiver: Yes, I’ll be there. Thank you."
"caller: Good afternoon, this is Simon from City Auditors. Just confirming the maintenance window in your office for this Friday. All services will be restored by 2 PM. receiver: That’s good to know. Thank you."
"caller: Hi, this is Marla from your dentist’s office. Just checking if you’re still coming in for your check-up Monday at 10. receiver: Yes, I’ll be there. Thanks for the reminder."
"caller: Hello, this is Brenda at Willow Veterinary. Bailey’s medication refill is ready. Would you prefer curbside pickup or come inside? receiver: I’ll come inside, thank you!"
"caller: Hi, I’m calling from Green Thumb Nursery. The flower seeds you ordered arrived. Would you like them delivered? receiver: I’ll pick them up on Saturday, thanks."
"caller: Hello, is this Alex? receiver: Yes. caller: This is Janet from Water Solutions. We scheduled a plumber to check your pipes tomorrow at 9am. receiver: That’s perfect. Thank you."
"caller: Hi, this is Bob from the bakery. Did you want to add anything else to your cake order for Saturday? receiver: No, the original order is perfect. Thank you!"
"caller: Good morning! This is Diane from the wellness clinic. Your lab results are ready. Do you want to pick them up or have them emailed? receiver: Please email them, thank you."
"caller: Hello, I’m calling from Green Cab. Your driver will arrive in 5 minutes at your location. receiver: Thank you, I’ll be outside."
"caller: Hey, this is Serena from the conference. Just confirming your workshop starts at 11am in Room 4. receiver: Thanks, Serena. I’ll be there early."
"caller: Hi, this is Mike from the local theater. There’s been a time change for your play’s rehearsal tomorrow. It’s now at 3 instead of 2. receiver: Thanks for the update, Mike."
"caller: Hello, this is Stacie at the flower shop. Your Mother’s Day bouquet is ready for delivery. Should we include a note? receiver: Yes, please add “Love you, Mom.” Thank you!"
"caller: Good morning! This is Rick from Student Services. I noticed your ID card was left behind at orientation. It’s ready for you to pick up. receiver: Thanks, Rick! I’ll swing by after class."
"caller: Hi, I’m calling from Country Cleaners. Your dry cleaning is ready. Will you pick up today or tomorrow? receiver: I’ll come by this evening."
"caller: Hello, is this Emily? receiver: Yes, it is. caller: This is Sara from the dance studio. Just confirming your lesson on Thursday at 4pm. receiver: Yes, see you then!"
"caller: Hi Alan, it’s Jeff from the choir. We’re moving the rehearsal tonight to the community center. Will you be able to make it? receiver: Yes, I’ll be there, thanks for letting me know."
"caller: Good afternoon, this is Brianna from Corner Café. You left your umbrella here this morning. Want us to hold it for you? receiver: Oh, thank you! I’ll come by to pick it up after work."
"caller: Hello, this is Chris from Tech Solutions. Your request for a printer repair was received. Is someone available tomorrow morning? receiver: Yes, you can send someone around 10 AM."
"caller: Hi! This is Millie from the animal rescue. We have puppies available for adoption this Saturday. Would you like to come meet them? receiver: Yes, that sounds wonderful!"
caller: Good morning! This is Walt from the appliance store. Your refrigerator is scheduled for delivery Friday between 10 am and noon. receiver: Perfect. I’ll be home during that time.
"caller: Hey, it’s Sam from music class. Are you still interested in forming a practice group this semester? receiver: Yes, I am! Let’s talk after class."
"caller: Hi, this is Amy from the allergy clinic. Your allergy shots are due next week. Do you want to schedule now? receiver: Sure, Thursday morning if possible."
caller: This is Kevin from the garden center. The mulch you ordered arrived. We can deliver anytime this week. receiver: Please deliver on Wednesday afternoon. Thank you!
"caller: Good morning, this is Randy from the car dealership. Just a reminder your service appointment is Saturday at 2pm. receiver: Got it, thank you Randy."
caller: Hello! This is Carla from the payroll department. We’re missing your direct deposit details. Could you stop by to provide them? receiver: I’ll come by after lunch.
"caller: Hi, this is Grace from the local shelter. The donation bags you requested are ready for pickup. receiver: Thank you! I’ll get them this afternoon."
"caller: Good afternoon, Mr. Black. This is Janice from the optometrist’s office. Your glasses are ready. receiver: Great, I’ll come by tomorrow."
"caller: Hi, this is Joe from Super Fast Delivery. Your food order will arrive in 10 minutes. receiver: Thank you for the update."
"caller: Hello, it’s Cassie from Willow Elementary. School is ending early today due to inclement weather. Please arrange for pickup at 1pm. receiver: Thank you for notifying me. I’ll be there."
"caller: Hi, I’m calling from the city library. You have an overdue book, “Hidden Valleys.” Would you like to renew it? receiver: Yes, please renew it for me. Thank you!"
"caller: Good morning! This is Pam from Riverside Realty. We need to reschedule your apartment viewing. Would Saturday work instead? receiver: Saturday is perfect, thank you."
"caller: Hey Alex, it’s your brother Tim. Just wanted to check if you got home safely last night. receiver: Hey, Tim! Yes, all good—thanks for asking!"
"caller: Hi, this is Lisa from the pet store. The fish tank filter you wanted is back in stock. receiver: Awesome! I’ll swing by on my lunch break."
"caller: Hello, this is Mick from Pacific Insurance. We’ve received your claim and it’s being processed. Expect an update in 3 business days. receiver: Thank you for the quick turnaround!"
"caller: Hi there, this is Dan from the recycling center. Are you still interested in volunteering next week? receiver: Yes, I’ll be there as planned."
"caller: Good afternoon! This is Julia from City Parks. Your permit for Saturday’s picnic has been approved and will be emailed today. receiver: Excellent, thank you so much!"
"caller: Hi, this is Tom from the bike shop. Your repairs are complete. You can pick up your bike anytime. receiver: Great, thanks for calling."
"caller: Hello, this is Rita from your bank. We noticed a duplicate transaction on your account and corrected it. No action required. receiver: Thank you for taking care of it."
"caller: Hi Mr. Li, this is Wendy at the music store. Your order for sheet music is ready for pickup. receiver: Thank you! I’ll get it after work."
"caller: Good morning, this is the Harris County Tax Office. Your vehicle registration is ready. Pay online or in person at your convenience. receiver: Thank you for letting me know."
"caller: Hello! This is Natalie from the university. Your scholarship application has been received. We’ll notify you within two weeks about the decision. receiver: Thank you, Natalie!"
"caller: Hi, this is Pete from Main Street Deli. Your catering order is ready to be delivered. Should we come to the front entrance? receiver: Yes, front entrance is perfect. Thank you!"
"caller: Good evening, this is Carol from the alumni office. We’re hosting a reunion dinner next month. Would you like to RSVP? receiver: Yes, please add me to the list."
"caller: Hi there, this is Gina from the holiday gift drive. Your donation box is ready for pickup. receiver: That’s wonderful, thank you so much!"
"caller: Hello, this is Tony at the courier office. Your package was delivered to your neighbor since you weren’t home. receiver: Thank you for the update, I’ll collect it from them."
"caller: Hi, this is Angela at the car wash. Your service is complete, and your vehicle is ready to go. receiver: Thank you, I’ll pick it up now."
