dialogue
"caller: Hi, this is David from the city library. I'm calling to let you know one of your reserved books just came in. Would you like us to hold it for you? receiver: Oh, wonderful! Yes, please hold it. Which book was it? caller: It's ""The Art of Baking."" receiver: Perfect, I'll stop by later today. Thank you so much!"
"caller: Hello, this is Michelle from your dentist's office. I'm calling to remind you about your appointment tomorrow at 9:30 AM. Will you be able to make it? receiver: Yes, I’ll be there. Thanks for the reminder! caller: Great, we’ll see you tomorrow."
"caller: Hi, this is Ben from All Seasons Lawn Care. We’re offering a mid-summer tune-up. Would you be interested in an estimate? receiver: That sounds good. Could someone stop by next week? caller: Absolutely. How about Tuesday morning? receiver: That works. Thank you."
"caller: Good afternoon, this is your pharmacy. We're calling to let you know your prescription is ready for pickup. receiver: Thank you! I’ll try to pick it up after work today. caller: Sounds good, have a nice day."
"caller: Hi there, it’s Jane from the community center. We noticed your membership is expiring soon. Would you like to renew? receiver: Oh, yes please. Can I do it over the phone? caller: Absolutely, I’ll walk you through the process."
"caller: Hello, this is Mike from Fresh Grocers. We wanted feedback on your last delivery. Were you happy with it? receiver: Yes, everything arrived fresh and on time. caller: Wonderful! Thank you for your feedback."
"caller: Hey, it's Alex. Did you want to meet at 5 still or push it back? receiver: Let’s do 5:30 if that’s okay. caller: Works for me. See you then!"
"caller: Hi, Mrs. Bennett, this is the school nurse. I wanted to let you know that Sarah is feeling unwell and resting in my office. receiver: Oh no, poor thing! Can I pick her up now? caller: Of course."
"caller: Good morning, this is Tom from Quick Cleaners about your laundry delivery. Can we drop it off before noon today? receiver: Before noon works perfectly. Thank you! caller: You’re welcome."
"caller: Hello, it's Heather with your online order. Wanted to confirm your shipping address: 123 Maple St? receiver: Yes, that's correct. Thanks for checking. caller: Thanks! Your package will go out today."
"caller: Hi, Beth, it’s your neighbor Mark. Your package was on my porch by mistake. Should I leave it by your door? receiver: Thanks for letting me know! If you could, that would be great. caller: No problem, I’ll bring it right over."
"caller: Good afternoon, this is Amy from Riverwood Pet Clinic. Buddy’s annual check-up is due. Would you like to schedule an appointment? receiver: Yes, can we do Friday afternoon? caller: Friday’s open. See you then!"
"caller: Hello! I’m calling from EverGreen Utilities. There’s scheduled maintenance tomorrow, so your water might be briefly shut off. receiver: Thank you for letting me know. How long will it last? caller: Just a couple hours in the afternoon."
"caller: Hi, it's Carlos from the gym. We noticed you haven’t been in lately—anything we can do to help you get motivated? receiver: That’s thoughtful. Actually, do you have new group classes? caller: Yes, would you like the schedule? receiver: Email would be great."
"caller: Hey, this is Paul. Just checking if you’re free to help me move some furniture this weekend. receiver: Sure, let me know what time. caller: Saturday morning? receiver: Works for me."
"caller: Hi, this is Rachel from your optometrist’s office. Your new glasses are ready for pickup. receiver: Great, I’ll come by after lunch. Thanks! caller: See you then."
"caller: Good afternoon, this is Sally from the flower shop. Just confirming your delivery for tomorrow. receiver: Yes, that’s right. Thanks for checking. caller: It’ll arrive between 10 and noon."
"caller: Hello, this is Daniel from TechFixers. We're following up on your service request for your laptop. receiver: Oh, great. Did you find the problem? caller: Yes, it was a loose connection. It’s fixed and ready."
"caller: Hi, this is Nina from your bank. We noticed unusual activity and just wanted to confirm a transaction you made for $150 at SuperMart. receiver: Yes, that was me. Thank you for checking. caller: Glad to help."
"caller: Hey, Sam! Want to carpool to work tomorrow? receiver: Sure, what time should I be ready? caller: I’ll swing by at 8:00. receiver: Sounds good!"
"caller: Good evening, this is Erin from the animal shelter. We’re updating our volunteer list—are you still interested in helping out? receiver: Definitely. When do you need volunteers most? caller: Saturdays are busiest. receiver: Count me in."
"caller: Hello, it’s Peter from Mountain Movers. Just confirming your moving day this Friday at 10 AM. receiver: Yes, everything’s set. Thanks for confirming. caller: See you then."
"caller: Hi, Kate, this is your mechanic. The car’s ready for pickup; oil and brakes are all good now. receiver: Fantastic, thanks for the update. I’ll be by at 4. caller: See you soon."
"caller: Hi, this is Julie from the local food bank. Thank you for your recent donation. Would you be interested in volunteering at our next event? receiver: I’d love to help—just let me know the date! caller: I’ll send the info."
"caller: Good afternoon, this is Sheila at Green Thumb Nursery. Your seed order arrived. Can you pick it up this week? receiver: Absolutely, I’ll come by tomorrow. caller: Great. See you then."
"caller: Hello, this is the school office. Just letting you know school will be closed tomorrow due to weather. receiver: Thank you for the update. We’ll make arrangements."
"caller: Hi, this is Mark from your insurance company. We received your claim and everything looks good. Expect the reimbursement next week. receiver: Thank you for processing it so quickly."
"caller: Good morning, this is Alice from the art center. You have a painting class this Saturday. Need us to send any reminders? receiver: No, that’s okay. I have it on my calendar. caller: Great, we’ll see you Saturday!"
"caller: Hey, it’s your cousin Jamie. Are you coming to the family BBQ this weekend? receiver: Yep, I’ll bring dessert! caller: Awesome, see you there."
"caller: Hi, I’m calling from Tech Solutions to let you know your service ticket is complete. Ready for you to pick up your device. receiver: Perfect; I’ll come by after work. Thank you! caller: You’re welcome."
"caller: Good afternoon, this is Olivia from the music school. Would you like to reschedule your piano lesson since you missed today? receiver: Yes, that would be great. What’s available? caller: We have Thursday at 6. receiver: That works."
"caller: Hi, it’s the vet. Max’s test results are back and everything looks normal. receiver: Thank goodness! Thanks for letting me know. caller: Of course. Call if you have questions."
"caller: Hello, this is Glen from Neighborhood Watch. There will be a community meeting next Wednesday. receiver: Thanks, Glen! I’ll try to make it. caller: Hope to see you there."
"caller: Hi, Mrs. Gomez, this is Sara from daycare. Ben’s pickup is at 4 today instead of 5. receiver: Thank you for letting me know. I’ll adjust my schedule. caller: Thank you for understanding."
"caller: Hello, I’m Mark from the cable company. There’s a scheduled outage tonight from midnight to 3 AM for upgrades. receiver: Thanks for the heads up."
"caller: Good evening, this is Nancy from your HOA board. Just confirming your RSVP for the community picnic. receiver: Yes, I’ll be there with my family. caller: Wonderful, see you soon."
"caller: Hi, this is Jake from the running club. We’re changing our meeting spot to the river trail this week. receiver: Thanks for the update, Jake. See you there."
"caller: Hey, it’s Lucy. Are we still on for coffee tomorrow? receiver: Definitely! Looking forward to it. caller: Me too."
"caller: Good morning, it’s the public works department. Your road will be closed for repairs, so please park elsewhere tomorrow. receiver: Will do. Thanks for the notice."
"caller: Hi, this is Danny from the bike shop. Your order’s ready for pickup. receiver: Great, I’ll come by this afternoon. Thanks, Danny."
"caller: Hello, I’m Jenny from your polling place. Just confirming you received your mail-in ballot. receiver: Yes, thanks for checking. I’ll mail it back soon. caller: Thank you for voting!"
"caller: Good morning, it’s your dry cleaner. Your clothes will be ready this afternoon. receiver: Perfect, thanks for the call."
"caller: Hi, this is the principal’s office. Parent-teacher conferences are next week. Would you like to schedule a time? receiver: Yes, Thursday works. caller: Noted, thank you."
"caller: Hey, this is your friend Ryan. Do you want me to pick up lunch on my way over? receiver: That’d be awesome! I’ll text you my order. caller: Cool, see you soon."
"caller: Hello, this is Janet from the doctor's office. We’ve moved your appointment to Friday. Can you make it? receiver: Yes, Friday’s good. caller: Wonderful."
"caller: Hi, it’s Diane from the animal rescue. Are you still able to foster puppies next month? receiver: Yes, I’m ready for them! caller: We’ll reach out with details soon."
"caller: Hello, this is the local volunteer hub. We’re hosting a park cleanup on Saturday. Would you like to help? receiver: Yes, put me down as a volunteer. caller: Much appreciated."
"caller: Hey, it’s Brooklyn. I found your water bottle at the gym. Want me to bring it over? receiver: Oh thank you, that would be great! caller: I’ll stop by tonight."
"caller: Hi, Benjamin from roof services here. Calling to confirm your appointment on Thursday. receiver: Thursday still works. Thanks for confirming. caller: We’ll see you then."
"caller: Good evening, this is the event coordinator at your church. Can you volunteer for the bake sale next week? receiver: Yes, I can help. I’ll bake cookies. caller: Thank you so much!"
"caller: Hello, it’s your coworker Sarah. Can you cover my shift next week? receiver: Sure, just tell me which day. caller: Thursday, please. receiver: No problem."
"caller: Hi, this is the courier. I have a package for you, but no one was home. Should I leave it at the front door? receiver: Yes, that’s fine. Thank you for calling."
"caller: Hey, it’s Lisa from book club. Meeting is at my house this month—just wanted to check if you’re coming. receiver: Yes, I’ll be there. Looking forward to it."
"caller: Good morning, Tom from the window company here. We’re set to install your new windows Friday. receiver: Friday works for me. Thanks for confirming, Tom."
"caller: Hi, it’s Nathan at the movie theater. You left your wallet here. receiver: Thank you for calling! I’ll pick it up tonight. caller: We’ll keep it safe."
"caller: Hello, this is the recreation office. There’s a spot open in the yoga class you waitlisted. Would you like to join? receiver: Yes, please sign me up! Thanks for letting me know."
"caller: Hi, it’s Frank from the Historical Society. Are you still interested in our walking tours? receiver: Yes, I’d love to join the next one. caller: We’ll email the details."
"caller: Good afternoon, it’s Helena from the bakery. We have an extra loaf of your favorite bread, want us to save it? receiver: Oh, that’s great! Please do. I’ll come by after work."
"caller: Hello, this is Rob from True North IT. Your computer’s virus scan is clear. receiver: Awesome, thanks for the update."
"caller: Hi, it's Marty from the garden club. We’re moving the meeting to next Saturday. receiver: Thanks for letting me know. I’ll mark my calendar."
"caller: Hey, I'm calling about the apartment you listed for rent. Is it still available? receiver: Yes, it is. Would you like to schedule a tour? caller: That would be great, does tomorrow at 3 work? receiver: Yes, see you then."
"caller: Good morning, this is Pam from the cafe. We found your sunglasses here. Would you like to pick them up? receiver: Oh, thanks for holding them! I’ll stop by today."
"caller: Hi, Councilman Reed's office here. He’s holding a Q&A for residents next week. Would you like to attend? receiver: Yes, please put me on the list. caller: You’re all set."
"caller: Hello, I’m from Metro Plumbing. We’re confirming your repair service on Monday at 2. receiver: That’s right. Looking forward to it."
"caller: Hey, it’s your neighbor June. Lawn service moved my trash cans to your driveway. Mind if I come get them? receiver: Of course not, come right over."
"caller: Hi, it’s Liv at the music shop. Your guitar is restrung and ready. receiver: Sweet, I’ll pick it up after I finish work."
"caller: Hello, this is Miranda from your university’s alumni office. Are you coming to this Friday’s reunion? receiver: I am, thanks for the invite!"
"caller: Good evening, this is Peter from Movie Rentals. Your DVD is overdue—can you return it soon? receiver: Sorry, I’ll bring it tomorrow! caller: Thanks for letting us know."
"caller: Hi, this is Tara from PAC Furniture. Just confirming delivery for your new table on Thursday. receiver: Thursday is perfect. caller: We’ll arrive between 1 and 3."
"caller: Hey, it’s Krista. Can you feed my cat while I’m away this weekend? receiver: Sure, just leave out instructions. caller: Will do, thank you!"
"caller: Hello, this is the sports club office. We’d love your feedback about last Saturday’s tennis tournament. receiver: It was fantastic! The new courts are great."
"caller: Hi, this is Jamie from the travel agency. Did you receive your itinerary for your Rome trip? receiver: Yes, thank you! Everything looks in order."
"caller: Good afternoon, this is the town library. Your interlibrary loan arrived. receiver: Awesome, I’ll collect it today. caller: Great."
"caller: Hi, I'm your Uber driver. I'm outside your house now. receiver: Thanks! I’ll be out in a minute."
"caller: Good morning, this is the local florist. We have a special on lilies today. Interested? receiver: Yes, I’d like to order a bouquet for delivery."
"caller: Hello, Susan from the pet store. Your special order is in. receiver: Thanks! I’ll come by to get it."
"caller: Hi, Alan here from River Insurance. Just wanted to confirm your policy details are correct after your recent move. receiver: Yes, everything’s the same except my address. caller: Got it, I’ll update your file."
"caller: Hello, it’s the city sanitation department. We’ll be picking up large items next Monday. Any items to collect? receiver: Yes, an old mattress. caller: Thank you, it’ll be picked up then."
"caller: Hi, I’m calling from the local Red Cross. Would you be available to donate blood next week? receiver: Sure, what day are you open? caller: We have slots Thursday or Friday. receiver: Thursday works."
"caller: Good evening, Tina from Sunrise Optics here. Your contact lenses are ready for pickup. receiver: Thanks, Tina! I’ll collect them this week."
"caller: Hey, this is Ben from trivia night. We’re starting a new league—interested in joining? receiver: I’d love to! Let me know the details."
"caller: Hello, this is Maureen at the animal hospital. Lucy’s ready to be picked up after her procedure. receiver: Thank you for calling. I’ll come right away."
"caller: Hi, this is the energy company. We need to check your meter. Can you be home Wednesday? receiver: Yes, I’ll be here."
"caller: Hey, it’s Alex at work. Forgot my laptop cord at your desk—can you drop it off? receiver: Sure, I can run it over after lunch."
"caller: Good morning, this is Amanda from the post office. We tried to deliver a package today. When are you home? receiver: After 4 p.m. works best. caller: We’ll try again then."
"caller: Hi, I’m from the high school counseling office. Is your student attending the field trip next week? receiver: Yes, she is. Thanks for confirming."
"caller: Hello, this is Daniel at the marina. Your slip rental is due for renewal. receiver: Thanks for the reminder, Daniel. I’ll take care of it."
"caller: Hi, this is Jackie from Homeworks Repairs. We’d like to confirm your appointment for Friday at 10. receiver: Friday at 10 is perfect."
"caller: Good afternoon, the dentist’s office calling. Your son left his retainer here. receiver: Oh, thank you! We’ll pick it up today."
"caller: Hello, it’s Kelly at the university bookstore. A textbook you ordered just arrived. receiver: Excellent. What time do you close today? caller: 6 PM. receiver: I’ll be by before then."
"caller: Good morning, this is Chris from the art gallery. Would you like two tickets to next week’s opening? receiver: Yes, I’d love to. Thank you! caller: I’ll put them aside for you."
"caller: Hey, it’s Sam from Marketing. The meeting’s been rescheduled to 3. receiver: Thanks, Sam. I’ll update my calendar."
"caller: Hi, this is your pharmacy speaking. Your flu shot is available. receiver: Great, can I walk in this afternoon? caller: Absolutely."
"caller: Hello, this is Susan at River Cafe. Did you leave sunglasses here yesterday? receiver: Yes, those are mine! Thank you for calling."
"caller: Hi, it’s Dave at the repair shop. Your lawnmower’s ready for pickup. receiver: Excellent, I’ll be there soon."
"caller: Good afternoon, Janet from the bird sanctuary here. We have an opening for a bird-watching tour Saturday. Would you like it? receiver: Yes! Please sign me up."
"caller: Hello, this is Eric from Family Gym. Are you using your free trial this month? receiver: Not yet, but I’m planning on it. caller: Let us know if you need help getting started."
