dialogue
"caller: Hi, is this Jenna? receiver: Yes, this is Jenna. Who’s calling? caller: Hi Jenna, this is Kyle from your vet’s office. I’m calling to confirm Max’s appointment for tomorrow at 10am. receiver: Oh, perfect! I’ll be there. Thank you for reminding me."
"caller: Hello, may I speak with Mr. Thompson? receiver: This is he. caller: Hi, this is Greg from Main Street Hardware. Your lawnmower servicing is complete and ready for pickup. receiver: Oh, awesome! I’ll stop by this afternoon. Thank you."
"caller: Hey Anna, it’s Rachel from the library. receiver: Oh, hi Rachel! Is this about my books? caller: Yes, your requested titles have arrived. They’ll be held for you until Friday. receiver: Fantastic! I’ll come by tomorrow. Thank you."
caller: Good morning! I’m calling from Dr. Patel’s office to remind you of your dentist appointment this Thursday at 2pm. receiver: Thank you! I had it on my calendar but appreciate the reminder. caller: No problem. Please call if you need to reschedule. receiver: Will do. Have a great day.
"caller: Hi Kevin, this is Elena from GreenGrocer. I wanted to let you know your special order of organic peaches just arrived. receiver: Oh, great! I’ll pick them up today. Thanks for the heads up."
"caller: Hello, this is United Parcel Service. Is this Mrs. Lee? receiver: Yes, speaking. caller: We have a package to deliver requiring a signature. Will you be home tomorrow between 9 and 12? receiver: Yes, I will. Thank you for letting me know."
"caller: Hi, it’s Emily from the apartment management office. Just reminding you our maintenance team will come tomorrow to check your heater. receiver: Thank you, Emily. I’ll be home. caller: Great, let us know if you have any concerns. receiver: Will do, thanks!"
"caller: Good afternoon, is Mr. Sanders there? receiver: This is he. caller: Hi, this is Amanda with your prescription refill reminder. Your medication is ready for pickup any time. receiver: Thank you, Amanda. I’ll stop by the pharmacy after work today."
"caller: Hello, this is Tyler from QuickCar. Your car service is done and ready for pickup. receiver: Excellent, thank you. I’ll be there in about 30 minutes. caller: That’s perfect. See you soon."
"caller: Hi, I’m calling from the neighborhood watch. receiver: Hello! What’s up? caller: We wanted to inform you about a community meeting this Friday at 8pm in the park. receiver: Thanks for letting me know. I’ll try to be there."
"caller: Hi, may I please speak with Laura? receiver: Speaking. caller: Hi Laura, it’s Ben from Riverside Spa. Just confirming your massage appointment for Saturday at 11am. receiver: Thanks, Ben. I’m looking forward to it. "
"caller: Hi, I’m from the swim school. We’re calling all parents to let them know classes are canceled tomorrow due to maintenance. receiver: Thanks for letting me know. We’ll see you next week, then."
"caller: Good morning, is this Mr. Bryant? receiver: Yes, who’s calling? caller: This is Sophia from the city council. Just reminding you about the public hearing tonight at City Hall. receiver: Thank you. I appreciate the reminder."
"caller: Hey Chris, it’s Sam. Want to grab lunch? receiver: Hey Sam! Sure, when? caller: How about noon at Joe’s Deli? receiver: Sounds perfect, see you then."
"caller: Hello, is this Ms. Walker? receiver: Yes, it is. caller: This is Chelsea from Bloom Florists. Your arrangement is ready. Would you like delivery or will you pick it up? receiver: I’ll pick it up, thanks so much!"
"caller: Hi, I’m calling from Pine Hill Elementary. Your child left a jacket on the playground. receiver: Oh! I’ll swing by after school to pick it up, thank you."
"caller: Hello, Mr. Cooper? caller: It’s Janet from the polling station. Are you available to volunteer next Tuesday as discussed? receiver: Yes, I’m available. What time should I arrive? caller: Please be here at 6:30 am for setup. receiver: Got it, thanks!"
"caller: Morning, this is the library calling to let you know your books are overdue. receiver: Oh, sorry! I’ll return them tomorrow."
"caller: Hi, is this the Robinson residence? receiver: Yes. caller: This is Kevin from FreshFeed. Your grocery delivery will arrive in about 15 minutes. receiver: Great, thank you for the heads up."
"caller: Hi, is Lisa there? receiver: Speaking! caller: Lisa, your order at SweetCake Bakery’s ready for pickup any time today. receiver: Awesome, I’ll stop by before closing."
"caller: Good afternoon, Taylor? receiver: Yes, hi. caller: I’m calling from FitZone Gym. Just a heads up, we’ll be closed for equipment maintenance on Monday. receiver: Good to know. Thanks for informing me."
"caller: Hello, this is Olivia from Music Masters. Your guitar lesson is rescheduled to Thursday at 5pm. receiver: Okay, thanks for letting me know!"
"caller: Is this Mr. Hargrove? receiver: Yes, it is. caller: Hi, I’m Jeff from Metro Power. We’ll be shutting off your power briefly tomorrow for maintenance. receiver: Thanks for notifying me."
"caller: Hi, Sarah? receiver: Yes? caller: This is Jane with the animal shelter. The cat you inquired about is ready to meet you. receiver: Wonderful, I’ll come by this afternoon."
"caller: Good evening, Mr. Lane? receiver: Speaking. caller: It’s Olivia from City Books. Your pre-ordered novel is ready for pickup. receiver: Thank you! I’ll stop by tomorrow."
"caller: Hi, is Mrs. Willis available? receiver: Yes, this is she. caller: This is Dave from the travel agency. Just confirming your flight has changed to 5pm Monday. receiver: Thank you for updating me."
"caller: Hello, this is the water department. Your payment was received successfully. receiver: Great, thanks a lot."
"caller: Hi, is this Noah? receiver: Yes, it is. caller: Your prescription refill is ready at Green Pharmacy. receiver: Great, appreciate the call. I’ll pick it up."
"caller: Hello, this is Karen from the Homeowners Association. Could you please move your car tomorrow for street cleaning? receiver: Sure, I’ll do that first thing. Thanks for informing me."
"caller: Good morning, Mrs. Smith. Just confirming your package will be delivered today by noon. receiver: Thank you, I’ll be home."
"caller: Hello, is Katie there? receiver: Yes, this is Katie. caller: Your passport is ready for collection at the post office. receiver: Wonderful news, thank you so much!"
"caller: Hi, this is the pet groomer. Your dog, Buddy, will be ready for pick up at 3 today. receiver: Thank you, I’ll be there!"
"caller: Good afternoon, this is John from Bright Cleaners. Your order is ready for pick up. receiver: Excellent. I’ll come by after work."
"caller: Hello, is this Emma? receiver: Yes. caller: Your prescription glasses are ready at Vision World. receiver: Thank you. I’ve been waiting for that update!"
"caller: Hi, Mr. Greene? receiver: Yes, who’s speaking? caller: This is the cable company. There’s a temporary service interruption scheduled tomorrow at 1pm. receiver: Thanks for the notice."
"caller: Hi, David from BookEnds bookstore. Your special order arrived today. receiver: That’s fantastic! I’ll come by soon."
"caller: Hello, I’m calling from School Transport. There may be a bus delay tomorrow due to roadworks. receiver: Thanks for the heads up."
"caller: Hi, Morgan? This is Eva from the dental office. Just confirming your cleaning appointment for Friday at 10am. receiver: Thanks for calling, Eva. I’ll be there."
"caller: Hello, is Mrs. Carter in? receiver: Speaking. caller: Award Trophies here—your order is ready for pick up. receiver: Oh, great! I’ll get it this afternoon."
"caller: Hi, this is Celeste from SweetFrost Bakery. Your cake is ready for pick up before 5 today. receiver: Thank you, I’ll stop by soon."
"caller: Hello, is this the property management office? caller: Yes, how can I help? receiver: I would like to schedule a maintenance visit for my leaky faucet. caller: Absolutely, let’s arrange that for you."
"caller: Hi, City Pool calling. The pool will close at 4pm for cleaning. receiver: Thanks, I’ll make sure to finish early."
"caller: Hello, this is Ella from WonderPets. Just letting you know your supplies order is ready. receiver: Thank you, Ella. I’ll collect it today."
"caller: Hi, Mr. Ramirez, it’s Matt from LawnPro. We’ll be mowing your lawn Thursday afternoon as requested. receiver: Okay, thanks for confirming."
"caller: Hi, I’m calling to schedule your annual HVAC maintenance. What day works for you next week? receiver: Wednesday morning would be great."
"caller: Good morning, it’s Claire from AutoCare. We found your lost keys at the shop receiver: Oh wonderful! I was looking everywhere. I’ll pick them up."
"caller: Hi, this is the dry cleaner. Your order is ready for pickup. receiver: Excellent, thank you!"
"caller: Hello, Dr. Lin’s office here. Your test results are in. Please call us back to discuss. receiver: Thank you, I will."
"caller: Hi, it’s Molly from Greenroots. Just confirming your flower delivery for Friday between 1 and 3. receiver: Thanks, Molly. I’ll make sure someone is home."
"caller: Hey Mike, it’s Anna. You left your jacket at the cafe yesterday. I have it with me. receiver: Oh thanks so much, Anna! I’ll swing by and grab it."
"caller: Hello, is Mr. Jonas there? receiver: Yes, speaking. caller: Your bicycle repair is complete and ready for pickup. receiver: That’s great. I’ll come after lunch."
"caller: Hi, it’s your hair salon. Just confirming your appointment with Lucy for 11am tomorrow. receiver: Thanks! See you then."
"caller: This is the animal clinic calling. Your dog’s vaccine records are ready to pick up. receiver: Great, thank you very much."
"caller: Hi, Rachel, this is FoodExpress. Your takeout order will arrive in 20 minutes. receiver: Thank you for the update!"
"caller: Hello, it’s Jane from the school office. Your son’s field trip permission slip is needed by Friday. receiver: Thank you for reminding me."
"caller: Hi, I’m from Friendly Movers. Confirming your move for Saturday at 9am. receiver: Thanks, I’ll be ready."
"caller: Hello, this is PetCare. Your cat’s medication is ready for collection. receiver: Thank you so much."
"caller: Good afternoon, is Sam available? receiver: Yes, this is Sam. caller: This is Lily from the yoga studio. We found your mat after class. receiver: Oh, thanks! I’ll pick it up."
"caller: Hi, it’s City Parking. Please move your car tomorrow for resurfacing. receiver: Thanks for the update."
"caller: Good morning, Dr. Walsh’s office here. Your annual checkup is scheduled for August 11th at 9am. receiver: Got it, I’ll be there."
"caller: Hello, calling from River Bank. Your checkbook order is ready for pickup. receiver: Thank you, I’ll swing by today."
"caller: Hi, Ms. Parker. This is the school nurse calling to let you know your daughter is feeling better after lunch. Just wanted to keep you updated. receiver: Thank you for calling, I appreciate it."
"caller: Hi, your lunch reservation for 2 people at The Willow is confirmed for 12:30pm tomorrow. receiver: Thanks for confirming."
"caller: Hello, this is the eye clinic. Your contact lenses are ready to collect. receiver: Thank you so much!"
"caller: Good morning, this is Sarah from Maple Cleaners. Your clothes will be ready by 5pm. receiver: Thank you, Sarah."
"caller: Hi, Mr. Patel here from the car dealership. Your test drive is confirmed for Friday at 2pm. receiver: Perfect. Thanks, Mr. Patel."
"caller: Hello, this is Lily from the bakery. Your bread subscription is ready for pickup today. receiver: Thanks, I’ll get it soon."
"caller: Hi, this is HomeFix. Your technician will arrive at 2pm today. receiver: Awesome, thank you."
"caller: Hi, Jess. It’s Greg from the study group. Are we meeting in the library or online? receiver: In the library at 3pm. See you there!"
"caller: Hello, this is the ping pong club. Reminder: practice is tomorrow at 7pm. receiver: Thanks, coach."
"caller: Good afternoon, Mrs. Morton. This is from Sun Travel Agency. Just confirming your tour booking for the 12th. receiver: Thank you for checking in."
"caller: Hi, Emma from PetPaws. Your dog’s grooming is finished and ready for pickup. receiver: Thanks, I’m on my way."
"caller: Hello, this is TechSupport. Is your internet connection working after yesterday’s fix? receiver: Yes, it’s all good now. Thank you."
"caller: Hi, this is City Events. Don’t forget the family fun fair is this Saturday at the park. receiver: Thanks for letting me know!"
caller: Good morning! I’m calling from River Pools to confirm your swim lesson on Tuesday. receiver: Thanks for the reminder. I’ll be there.
"caller: Hey Jake, your soccer shoes were left in the school gym. Want me to bring them home? receiver: Yes please, thanks for grabbing them!"
"caller: Hello, I’m calling from Caring Vets. Your pet’s dental cleaning is complete. You can pick him up now. receiver: Thank you, I’ll head over soon."
"caller: Hi, is Emily there? receiver: Yes, this is she. caller: This is Cindy from BookWorld. Just letting you know your reserved book has arrived. receiver: Thank you! I’ve been waiting for it."
"caller: Good afternoon, this is the bike shop. Your new seat is installed and bike ready. receiver: Thank you, I appreciate it."
"caller: Hi, Grace from the studio. Would you like to confirm your yoga class this Thursday at 6? receiver: Yes, please add me to the list."
"caller: Hello, it’s the gas company. Your service check is complete and everything’s good. receiver: Thanks for the update."
"caller: Hi, Travel Express here. Your car rental is booked for Friday 10am. receiver: Great, thanks for confirming."
"caller: Hi, this is the music school. Just reminding you about your violin lesson at 4pm. receiver: Thanks, I’ll be there."
"caller: Hello, doctor’s office calling. We’re changing your appointment to Tuesday at 10am, if that works. receiver: Yes, that’s fine."
"caller: Hey Mark, it’s Lisa from the dog park group. Would you like to join us for a walk at Riverside tonight? receiver: That sounds fun, I’ll be there."
caller: This is the property manager calling. Your package is in the office for pickup. receiver: Thank you for letting me know.
"caller: Hi, this is Clean Wheels. Your bike will be ready at 5. receiver: Thank you!"
"caller: Good morning! This is Karen from your bank. You have a new debit card ready for collection. receiver: Thanks, I’ll visit today."
"caller: Hi, calling from Lakeside Cinema. Your movie tickets for 7pm are confirmed. receiver: Thank you!"
"caller: Hello, it’s Matt from the tennis club. The court is open for your reserved time at 3pm. receiver: Thanks for confirming."
"caller: Hi, is this Claire? receiver: Yes, who’s calling? caller: Your reserved table at Olive Bistro is confirmed for 8pm tonight. receiver: Lovely, thank you."
"caller: Hello, is Jane available? receiver: This is Jane. caller: City Medical Lab here—your test results are available online. receiver: Thank you very much."
"caller: Hi, this is TechPro. Your computer repair is finished and ready for pickup. receiver: Thanks for letting me know."
"caller: Good afternoon, is Tom home? receiver: Yes, this is Tom. caller: Your furniture delivery is scheduled for Saturday between 9 and 11am. receiver: Perfect, I’ll be home."
"caller: Hi, Hartford Pharmacy. Your refill is approved and ready. receiver: Thank you so much."
"caller: Hello, I’m from the city library. Your library card is ready and can be picked up any time. receiver: Thank you for calling."
"caller: Hey, Kate. It’s your dentist office reminding you of your cleaning Wednesday at 9am. receiver: Thanks for the reminder."
"caller: Hello, it’s the tailor. Your clothes are ready ahead of schedule. receiver: That’s great! I’ll be there today."
"caller: Hi, this is the garden center. Your plant order is ready. receiver: Thank you, I’ll collect it today."
"caller: Good afternoon, Mrs. Harris. The doctor had to move your appointment to next Thursday at 2. receiver: Thank you for keeping me informed."
"caller: Hello, it’s Steve from the bakery. Your donut order is ready for pickup. receiver: Thanks, Steve."
