dialogue
"caller: Hi, Emily! Are you still coming to the book club tonight?   receiver: Hi! Yes, I’ll be there around 7. Is there anything I should bring?   caller: Just bring your copy of the book and your amazing insights. Snacks are covered!  "
"caller: Hey, did you see my email about the project deadline?   receiver: Hi! Yes, I did. I just wanted to double-check, it’s next Wednesday, right?   caller: That’s right. Let me know if you need any help or additional info.  "
"caller: Morning, is this the maintenance office?   receiver: Yes, it is. How can I help you?   caller: There’s a leaky faucet in apartment 312. Could someone come check it?   receiver: Absolutely. We’ll send someone over before noon.  "
"caller: Hey Mom, I landed safely!   receiver: That’s wonderful! How was the flight?   caller: It was smooth. The weather here is beautiful. I’ll call you again after I check in at the hotel.  "
"caller: Hello, this is James from the city library. Your reserved books have arrived.   receiver: Great! Thank you for letting me know. How long will you hold them for me?   caller: We’ll keep them until next Friday. Let us know if you need more time.  "
"caller: Dr. Patel’s office, how may I help you?   receiver: Hello, I’d like to schedule a check-up for next week, if possible.   caller: Sure! What day works best for you?  "
"caller: Hi, Sara, I wanted to see if you can babysit for us this Friday?   receiver: Hey! I’d love to. What time should I come over?   caller: Around 6:00 pm, if that’s okay.  "
"caller: Hello, may I speak with Jeff, please?   receiver: This is Jeff speaking.   caller: Hi Jeff, I’m calling to confirm your dental appointment for tomorrow at 3 PM.  "
"caller: Hi Ben, this is the pharmacy. Your prescription is ready to be picked up.   receiver: Thanks for letting me know! I’ll be there this afternoon.  "
"caller: Good evening, it’s Linda from the PTA.   receiver: Hi Linda! How can I help you?   caller: Just a reminder about the meeting tomorrow at 7 pm in the school library.  "
"caller: Hey, are you up for a movie marathon this weekend?   receiver: That sounds awesome! Should I bring popcorn or drinks?   caller: Bring yourself! I’ve got the snacks covered.  "
"caller: Hello, is this Greenway Gardens?   receiver: Yes, how can I assist you?   caller: I wanted to ask about renting a plot for community gardening.  "
"caller: Hi, I’m calling about the job advert for the marketing role.   receiver: Of course! Do you have any specific questions about the position?   caller: Yes, I wanted to ask about the remote work policy.  "
"caller: Is this Cindy?   receiver: Speaking!   caller: Hey, it’s Matt. Just wanted to check if you’re coming to hiking on Saturday.  "
"caller: Good morning, this is Lisa from Sunrise Cleaning.   receiver: Hello!   caller: I was just confirming tomorrow’s appointment at 9 AM for your living room and kitchen.  "
"caller: Sarah! Are we still on for coffee this afternoon?   receiver: Yes! How about that new cafe on Main Street at 2 pm?   caller: Perfect, see you there.  "
"caller: Hello, I’m calling regarding your online order with us.   receiver: Hi, yes, I wanted to track its status.   caller: Your package should arrive tomorrow. Is there anything else I can help with?  "
"caller: Good afternoon, it’s Jasmine from Lakeside Animal Clinic.   receiver: Hi there!   caller: Just checking to see how Bella is doing after her vaccinations last week.  "
"caller: Hi there, do you still have tickets available for Friday’s concert?   receiver: Yes, we do. How many would you like to reserve?   caller: Just two, please.  "
"caller: Morning, this is Kevin from Valley Bank.   receiver: Hi Kevin!   caller: I noticed some unusual activity on your account. Would you like to review your latest transactions?  "
"caller: Hi Anna, are you ready for the meeting today?   receiver: I think so! Do I need to bring anything specific?   caller: Just your notes from last week. See you at 2.  "
"caller: Hi, this is the front desk.   receiver: Hello, how can I help you?   caller: We just wanted to remind you that room service will be unavailable after 10 PM tonight due to maintenance.  "
"caller: Hey, is Stacey around?   receiver: This is Stacey.   caller: Hi! It’s Tom from the gym. Your yoga class for tomorrow is confirmed.  "
"caller: Hello, this is Customer Care at Techwise.   receiver: Hi!   caller: I’m following up to see if your computer issue has been resolved.  "
"caller: Hey, are you almost here?   receiver: I’m five minutes away. Parking was tough!   caller: No worries. I’m waiting inside by the entrance.  "
"caller: Good afternoon, I’d like to renew my gym membership.   receiver: Great! Would you like to do a six-month or a yearly renewal?   caller: Let’s do a year.  "
"caller: Hi, this is the school nurse.   receiver: Hi, is everything okay?   caller: Yes, just calling to inform you that your son wasn’t feeling well after lunch, but he’s alright now.  "
"caller: Hello, thank you for applying to Oakridge Apartments.   receiver: Thank you! Do you need any more documents from me?   caller: Just your proof of income when you get a chance.  "
"caller: Hi, is your office pet-friendly?   receiver: Yes, we love pets!   caller: Great, I’ll bring my small dog to my appointment tomorrow.  "
caller: Hey! Did you remember to pick up the dry cleaning?   receiver: I’m on my way right now. Anything else we need for dinner?   caller: Maybe just grab some milk.  
"caller: Good evening. Are you the owner of the black Honda?   receiver: Yes, that’s mine.   caller: You left your headlights on.  "
"caller: Hi, this is the deli.   receiver: Hello!   caller: Your catering order will be ready at 3:00 pm. Would you like us to deliver, or will you pick it up?  "
"caller: Hello, I’m a volunteer for the local food drive.   receiver: Hi! How can I help?   caller: We could use some extra hands sorting donations this Saturday if you’re interested.  "
"caller: Hi Morgan, I noticed you haven’t submitted your insurance forms yet.   receiver: Sorry about that! I’ll scan and send them this afternoon.   caller: Thanks, let me know if you have any trouble.  "
"caller: Is this Central Library?   receiver: Yes, how can I help?   caller: I was wondering if my inter-library loan has arrived yet.  "
"caller: Hi, I’m calling to update my address.   receiver: No problem, I can do that for you. What’s your new address?  "
"caller: Good morning, Walter’s Flowers.   receiver: Hi, I’d like to send a bouquet for my sister’s birthday.   caller: Of course! Would you like to choose the flowers, or should we create a custom arrangement?  "
"caller: Hello, this is Chase Bank.   receiver: Hi there!   caller: We’re just calling to verify you completed an online transfer earlier today.  "
"caller: Hey Jamie, are we still on for dinner tomorrow?   receiver: Absolutely! Where should we meet?   caller: How about Paco’s on Main at 6:00 pm?  "
"caller: Hi, did you get a chance to review our lease agreement?   receiver: Yes, I did. I had a couple of questions about the pet policy.   caller: Sure, feel free to ask!  "
"caller: Hello, is this the art supply store?   receiver: It is!   caller: I wanted to ask if you had acrylic paints in larger sets.  "
"caller: Hi, my flight got delayed, and I’ll be checking in late tonight.   receiver: No problem, we’ll make sure your room is ready when you arrive.   caller: Thanks for letting me know!  "
"caller: Jessica, did you want to carpool to the conference next week?   receiver: That would be great! What time should we leave?   caller: Maybe around 7:30 am so we can avoid traffic.  "
"caller: Hey, I have a question about the math homework.   receiver: Sure, what's giving you trouble?   caller: It's problem 8. I can't figure out the last step.  "
"caller: Good morning, could I request a late checkout for my room?   receiver: Certainly, we can extend your checkout until 1 p.m. Would that work?   caller: Yes, thank you!  "
"caller: Is this Dr. Kim’s office?   receiver: Yes, it is.   caller: I need to cancel my appointment for Thursday and reschedule.  "
"caller: Hello, Greg’s Garage.   receiver: Hi, my car started making a strange noise this morning.   caller: Can you describe the sound or bring it by for us to check out?  "
"caller: Hi, I’m calling about your ad for the bicycle. Is it still available?   receiver: Yes, it is!   caller: Can I come by this evening to take a look at it?  "
"caller: Good afternoon! Are we still on for the parent-teacher meeting tonight?   receiver: Yes, I’ll be there at 6 pm.   caller: Great, see you then.  "
"caller: Hi, I left my umbrella at your restaurant last night.   receiver: Can you describe it?   caller: It’s blue with white stripes.   receiver: We have it here at the front desk!  "
"caller: Hey, quick question—are you bringing anyone to the holiday party?   receiver: I haven’t decided yet. Are you?   caller: Yeah, I think I’ll bring my sister.  "
"caller: Hello, is this Three Beans Coffee?   receiver: Yes!   caller: I’ll be picking up a large latte for Sam in about 20 minutes.  "
"caller: Hey, I heard you’re collecting books for charity.   receiver: Yes! We’re accepting donations all week.   caller: I’ll bring some by tomorrow afternoon.  "
"caller: Hi, is this Amy’s phone?   receiver: Yes, it is!   caller: You left your notebook in study hall—should I bring it to school tomorrow for you?  "
"caller: Hello, is Layla available to tutor my daughter next week?   receiver: Let me check her schedule and get back to you.   caller: Thank you so much!  "
"caller: Good morning, your car service is scheduled for 10 AM tomorrow.   receiver: Thanks for the reminder! Will you call when it’s ready for pickup?   caller: Yes, we’ll give you an update.  "
"caller: Hi, I missed a call from this number?   receiver: Yes, this is City Clinic, confirming your appointment for next Monday.   caller: Thanks, I’ll be there.  "
"caller: Hi, I’d like to renew my magazine subscription.   receiver: Wonderful! May I have your customer number?   caller: Sure, it’s 716304.  "
"caller: Hi, is this Sam?   receiver: Yes, who’s this?   caller: It’s Rachel—we met at the reunion last week.   receiver: Oh, hi Rachel!   caller: Want to grab lunch sometime?  "
"caller: Hello, do you still need volunteers for the fun run?   receiver: Yes, absolutely, we could use your help at the registration desk.   caller: Count me in!  "
"caller: Hi, this is the vet's office following up on Max’s surgery yesterday.   receiver: Thank you! He seems to be doing well, just a little sleepy.   caller: That’s perfectly normal—call us if anything changes.  "
"caller: Hey, quick reminder, you promised to send me the recipe for your cookies!   receiver: Oh right—will do tonight. Watch your inbox!  "
"caller: Hi, this is Dr. Ibrahim’s office.   receiver: Hello!   caller: Just calling to let you know your test results are ready. Would you like to schedule a follow-up?  "
"caller: Good morning, just wanted to let you know the plumber is running late.   receiver: Thanks for the update, I’ll be home all afternoon.  "
"caller: Hello, I want to confirm my reservation for this Saturday.   receiver: What name is it under?   caller: Johnson, for 7 PM.   receiver: You’re all set!  "
"caller: Hi, can I get a copy of my transcript sent to another school?   receiver: Of course! Can you provide the address or email?   caller: Sure, I’ll email it over right away.  "
"caller: Hello, is the playground open today?   receiver: Yes, but the swings are being repaired this morning—everything else is open.   caller: Thanks!  "
"caller: Hey, just checking in to see how your presentation went.   receiver: It went great, thanks! Appreciate you asking.  "
"caller: Hi, can someone pick up my recycling this week?   receiver: Of course, what’s your address?   caller: 481 Park Avenue.  "
"caller: Good morning, I’d like to update my payment information.   receiver: No problem! Can you confirm your account number for me?  "
"caller: Hey Alex, can I borrow your notes from last Friday’s class?   receiver: Definitely. I’ll copy them for you and bring them tomorrow.  "
"caller: Hello, is your lost and found open today?   receiver: Yes, until 4:00 pm. Are you missing something?   caller: A set of house keys.  "
"caller: Hi, is Nicole available for a haircut this afternoon?   receiver: She has a 3 pm slot—would that work?   caller: Yes, please!  "
"caller: Good afternoon, are pets allowed in your apartment complex?   receiver: Yes, small dogs and cats are welcome. There’s a $200 pet deposit.   caller: Thanks for the info!  "
"caller: Hey! Can I get a ride to the train station tomorrow morning?   receiver: Sure, what time do you need to be there?   caller: By 8:30, if possible.  "
"caller: Hello, just following up on my recent job application.   receiver: Yes, we received it and will be in touch soon to arrange an interview.  "
"caller: Hi, I’m looking for gluten-free menu options for my order.   receiver: Absolutely! I can walk you through what we have available.  "
"caller: Hello, your prescription is due for refill.   receiver: Thank you—is it ready for pickup?   caller: It will be by 2 pm today.  "
"caller: Hi, are guests allowed to use the gym with residents?   receiver: Yes, up to two guests per resident. They’ll need to sign in at the front desk.  "
"caller: Hi, I’m checking if you have parking available for tonight’s event.   receiver: We have limited spaces, but there’s street parking nearby.  "
caller: Is Mr. Carter available?   receiver: Speaking.   caller: This is the post office. We have a package requiring a signature. When would you like it delivered?  
"caller: Good morning, Veterinary Clinic.   receiver: Hi, I need to schedule a checkup for my cat.   caller: Absolutely, what’s your preferred date and time?  "
"caller: Hello, is my order ready for pickup?   receiver: May I have your order number?   caller: It’s 4578.   receiver: Yes, it’s ready whenever you are!  "
"caller: Hi, can you water my plants next week while I’m away?   receiver: Sure! Just let me know how often and when.  "
"caller: Hey, any idea where my red scarf went after the party?   receiver: I found it under a chair! I can bring it to work tomorrow.  "
"caller: Is the yoga class still happening this evening?   receiver: Yes, it starts at 6:30 as usual.   caller: Great, see you then!  "
"caller: Hello, is this the IT helpdesk?   receiver: Yes, how can I help you?   caller: I’m locked out of my work email again.  "
"caller: Hi, I’m calling to confirm my catering order for tomorrow.   receiver: Can I have the name or order number, please?   caller: It’s under Thompson.   receiver: Got it—everything is on schedule.  "
"caller: Hi, is your moving company available next Saturday?   receiver: Yes, we have a few morning slots open.   caller: I’ll take an 8 a.m. slot, please.  "
"caller: Hello, is Mr. Evans available to speak about the landscaping project?   receiver: Yes, let me transfer your call.  "
"caller: Hey, do you want to join the trivia team for next week?   receiver: That sounds fun! Count me in.  "
"caller: Hello, I’d like to request a copy of my medical records.   receiver: Certainly. Can I get your full name and date of birth?  "
"caller: Hi, are you still selling the concert tickets?   receiver: Yes, I have two left.   caller: How much are they?   receiver: $60 each.  "
"caller: Hi, this is Community Outreach—just confirming you’re attending Saturday’s cleanup event.   receiver: Yes, I’ll be there. What time should we arrive?   caller: 9 a.m. at the community center.  "
"caller: Hello, I wanted to check if you have any rooms available for July 4th weekend.   receiver: We have a few left—how many nights will you be staying?  "
"caller: Hi, I just wanted to thank you for the lovely gift.   receiver: You’re welcome! I’m glad you liked it.  "
"caller: Is this the city hall?   receiver: Yes, how can I assist you?   caller: I need to apply for a new parking permit.  "
"caller: Good evening, can I reserve a table for two for tomorrow night?   receiver: What time would you like?   caller: 7 pm, please.  "
"caller: Hi, did you find a phone charger near the main entrance yesterday?   receiver: Yes, we have one at lost and found. Describe it to make sure it’s yours?   caller: It’s black, with the brand name “Anker” on it.   receiver: That matches the one we found!  "
"caller: Hey, just checking on the plans for brunch Sunday morning.   receiver: Still good—I’ll meet you at Lily’s Cafe at 10.  "
"caller: Hi, this is customer support following up on your open ticket.   receiver: Thanks—I reset my password, and everything’s working!   caller: Glad to hear it. Let us know if you need more help."
