dialogue
"caller: Hello, is this Mr. Andrews? receiver: Yes, this is he. Who’s calling? caller: Hi, my name’s Dana from Lakewood Library. I'm calling to inform you that the books you reserved are now available for pickup. receiver: Oh, that’s great! Thank you so much for letting me know. I’ll come by later today.  "
"caller: Good afternoon, Mrs. Collins. This is Fred from Uptown Florists. I'm confirming your flower order for tomorrow. receiver: Thank you, Fred! Yes, that’s right. Will they arrive before noon? caller: Absolutely, we have delivery scheduled between 10:30 and 11:30 am. receiver: Perfect. I appreciate the confirmation."
"caller: Hi, this is Mike from Friendly Garage. Just checking if your car is ready for pickup today. receiver: Oh, great! Was it just the oil change or did you find anything else? caller: Just the oil change as requested, no additional issues. receiver: Thanks for the update. I’ll stop by after work."
"caller: Hello, I’m with Great Eats Restaurant. Is this Emily? receiver: Yes, speaking. caller: Just confirming your reservation for two at 7:00 pm tonight. receiver: That’s correct, thank you so much."
"caller: Hey Tom, it’s Jesse from next door. Do you happen to have a spare ladder I could borrow for an hour? receiver: Sure, Jesse, I’ll leave it by the garage for you. caller: Thanks, I’ll bring it back this evening."
"caller: Hi, this is Tina from Dr. Mayer’s office. I'm calling to remind you of your dental appointment tomorrow at 9 am. receiver: Thank you, Tina. That’s still good for me."
"caller: Hello, this is Brenda from the animal clinic. Is Molly’s owner available? receiver: Yes, I’m here. Is everything okay? caller: Yes, just letting you know her vaccinations are due next week. receiver: Thanks for the reminder, I’ll schedule a visit."
"caller: Good morning, Mark. This is Lily from your insurance provider, Maple Coverage. I'm calling with your annual policy review. receiver: Hi Lily, right. I can spare a few minutes. caller: Great, thank you!"
"caller: Hi Sarah, it’s Hannah from the PTA. We’re wondering if you could help at the bake sale next month? receiver: I’d be happy to! Just send me the details."
"caller: Hello, this is Foods 2 Go confirming your delivery for 6:15 pm. receiver: Perfect, thank you for the update."
"caller: Hi, this is Kevin from the City Water Department. We’re fixing a main line in your area and water will be off from 10 am to 2 pm tomorrow. receiver: Thanks, Kevin, I appreciate the heads up."
"caller: Hello, is this the McCarthy residence? receiver: Yes, it is. caller: I’m John from the local youth sports league—we’re calling to thank you for registering Ethan for soccer this season. receiver: That’s great, he’s very excited!"
"caller: Hi Mrs. Stone, this is June from Bright Future Tutoring. Just wanted to check if Jamie will be attending her session at 4 pm. receiver: Hi June, yes, she’ll be there."
"caller: Hi, Dennis here from Uptown Pharmacy. Your prescription is ready for pickup. receiver: Oh, thank you for letting me know."
"caller: Hello, Mrs. Linton. I’m Simon with Dream House Realty, following up about your interest in the Maple Street property. receiver: Yes, Simon. We’re still interested. Any new updates? caller: Yes, actually – there’s an open house this Saturday."
"caller: Hey Patrick, this is Lisa from the running club. You left your water bottle after practice. receiver: Oh, thank you Lisa! I’ll grab it next time."
"caller: Hi, I’m calling from Soothing Paws Groomers. Is this Max’s owner? receiver: Yes. caller: Just confirming his grooming appointment at 2 pm Friday. receiver: That’s correct, thank you."
"caller: Good evening, I’m the manager at Green Leaf Grocers. You left your reusable bag here yesterday. receiver: Oh, thanks! I’ll collect it tomorrow."
"caller: Hi Jen, it’s Mark from your apartment building. I wanted to make sure you got the notice about the upcoming fire drill. receiver: Yes, thanks for checking."
"caller: Hello, I’m with the Neighborhood Watch Program. We’re organizing a meeting next Thursday at 7 pm. receiver: Thanks for letting me know, I’ll be there."
"caller: Hi, I’m Matt from Cozy Cleaners. Is this Lauren? receiver: Speaking. caller: Your dress is ready for collection. receiver: Wonderful, I’ll be by soon."
"caller: Good morning, this is the school nurse calling about David. He’s here with a mild fever. receiver: Thank you for calling. I’ll come pick him up."
"caller: Hi, is Mr. Kapoor available? This is Paul from Sunlight Solar. receiver: This is he, how can I help you? caller: Just confirming our technician will arrive at 8:30 am tomorrow."
"caller: Hello, this is your neighbor on Birch Lane. I found your dog, Oscar. receiver: Oh, thank you! I’ve been looking everywhere."
"caller: Hi, I’m Ann from Family Dental. Just checking if you’d like to reschedule your cleaning appointment. receiver: Yes, please. Can I do next week?"
"caller: Hi, this is Colleen from Oakwood Library. Your requested book is available for pickup. receiver: Thanks so much! I’ll be by this afternoon."
"caller: Good afternoon, Mrs. Reed. This is Simon from the hardware store. Your paint order has arrived. receiver: Oh, thank you for notifying me."
"caller: Hi, I’m from your local post office. We have a parcel that needs your signature. receiver: Thanks, when can I collect it?"
"caller: Hello, is this the Foster family? I’m Steve from Riverbend Pet Clinic, just confirming Zoe’s appointment for Saturday. receiver: Thank you for the reminder!"
"caller: Hi Mrs. Rule, this is Greg from Willow Gym. Your membership renewal is due. receiver: Thank you for letting me know, Greg."
"caller: Hello, this is Estelle from City Hall. We’re reminding residents about Saturday’s recycling event. receiver: I appreciate that, thanks!"
"caller: Hi John, it’s Rachel from your alma mater. We’re inviting you to the alumni event next month. receiver: I’d love to come, thank you Rachel."
"caller: Hello, this is Sam from Home Repairs Pro. We’re confirming your plumbing appointment on Thursday. receiver: Excellent, thank you for the call."
"caller: Hi, this is Rachel from Kid’s Corner Daycare. Lisa is feeling a bit unwell. receiver: Thank you for informing me. I’ll come get her."
"caller: Hello, this is the pharmacy. Is this Mrs. Patel? receiver: Speaking. caller: Your medication is ready for pickup. receiver: Thank you very much."
"caller: Hi, this is your apartment manager. The maintenance team will be inspecting heating systems tomorrow. receiver: Thanks for letting me know."
"caller: Hello, I’m Alex from the electronics store. Your laptop repair is complete. receiver: That’s perfect, thank you Alex."
"caller: Hi, I’m Laura from the city’s parks department. We want to thank you for volunteering at the recent clean-up event. receiver: It was my pleasure, thank you."
"caller: Hello, this is Dave from Pizza Platter. Your order is on its way and should arrive in 30 minutes. receiver: Great, thank you for the update!"
"caller: Hi, this is Jessica, your son’s math teacher. Can we schedule a time to discuss his progress? receiver: Absolutely. When would be convenient?"
"caller: Hello, is this the Turner residence? This is Jenna from the landscaping company. Your service is scheduled for Tuesday. receiver: Thank you for the reminder."
"caller: Hi, this is Michael from Willow Bank. We need to verify a recent request for a new debit card. receiver: Yes, I did request a new card. caller: Thank you, that’s all we needed."
"caller: Good afternoon, this is Stacey from Unique Frames. Your pictures are ready for pickup. receiver: Thank you, I’ll be there soon."
"caller: Hello, this is Derek from Bookworm’s Paradise. Your special order arrived today. receiver: Oh, that’s quick—thanks for letting me know."
"caller: Hi Lisa, this is Marsha from the community center. We’d love for you to lead the yoga class again this Saturday morning. receiver: I’d be happy to! I’ll see you then."
"caller: Hello, I’m from the local animal shelter. Your application to adopt Bella has been approved. receiver: That’s wonderful news, thank you!"
"caller: Hi, this is your dentist’s office. Is this Emily? receiver: Yes, speaking. caller: We wanted to confirm your appointment next Monday at 3 pm. receiver: Thank you, that still works for me."
"caller: Good evening, this is Roger with Neighborhood Pizza, is this Maria? receiver: Yes, this is Maria. caller: Your order’s ready for pickup. receiver: Thank you, I’ll head over now."
"caller: Hi, Mrs. Evans, this is Leo from the after-school program. Charlie forgot his lunchbox today. receiver: Oh, thank you Leo! I’ll bring him one."
"caller: Hi, this is Elena from the optical store. Your glasses are ready and you can pick them up anytime. receiver: Wonderful, I’ll come tomorrow."
"caller: Hello, is this the Harper residence? This is Anne from Fresh Blooms. Your flower delivery will arrive by noon Friday. receiver: Thank you for letting me know."
"caller: Hi, this is Lucas from the conference planning team. We wanted to clarify your dietary restrictions for next week’s event. receiver: Thanks for checking, I don’t have any restrictions."
"caller: Hello, this is Megan from Blue Sky Travel. I’m confirming your airport transfer for Saturday morning at 6 am. receiver: Perfect, I appreciate the update."
"caller: Good morning, Mr. Smith, this is Patricia from Starlight Medical. Your lab results are ready. receiver: Thank you for letting me know."
"caller: Hi, this is the town library. Your reserved audiobook can be collected any time before Friday. receiver: Great, thank you for the call."
"caller: Hello Mrs. Kim, this is Eric from EverClean Laundry. Your order will be ready at 4 pm today. receiver: Thank you, Eric. I’ll stop by after work."
"caller: Hi, is this Rebecca? I’m calling from the gardening club to confirm your spot at Saturday’s workshop. receiver: Yes, I’ll be there—thank you."
"caller: Hello, this is Thomas from Quick Mart. You left your wallet at the counter today. receiver: Oh, thanks so much! I’ll be right there to get it."
"caller: Hi, this is your vet clinic. We’re reminding you about Bruno’s annual check-up next Thursday. receiver: Thank you for the reminder."
"caller: Hello, I’m Tara with Creekside Apartments. Your maintenance request has been completed. receiver: Thank you for letting me know."
"caller: Good morning, this is Nathan at Sunny Movers. We’re confirming your move-in date for next week. receiver: Yes, looking forward to it. Thanks, Nathan."
"caller: Hello, I’m with the cable company. We’re scheduling your service upgrade on Friday between 1 and 3 pm. receiver: Thank you, I’ll make sure someone is home."
"caller: Hi, this is Sara from Wilderness Outfitters. The tent you ordered has arrived. receiver: That’s great, I’ll pick it up today."
"caller: Hi, this is John from Eastside Pharmacy. I’m calling to remind you about your medication refill. receiver: Thanks, John. I’ll come by tomorrow."
"caller: Hello Mrs. Nguyen, this is Lila from Garden View School. Reminder that tomorrow is picture day for the students. receiver: Thanks for the update!"
"caller: Hi, I’m with Bike Repair Pro. Your tune-up is finished and your bike is ready to collect. receiver: Thank you, what are your hours today?"
"caller: Hello Simone, this is Bea from The Chef’s Table. Your catering menu for Friday has been finalized. receiver: Wonderful, thank you for confirming."
"caller: Hi, this is Bill from the fire department. We’re conducting safety inspections in your area next week. receiver: Thanks for notifying me, Bill."
"caller: Hello Mrs. Blake, this is Henry at New Leaf Nursery. Your tree delivery will be arriving Monday. receiver: Thank you! I’ll make arrangements."
"caller: Hi, I’m David from the post office. Your forwarded mail has arrived and is ready for collection. receiver: Thank you so much!"
"caller: Hello, this is Rachel from Music Masters. Your violin lesson is scheduled for Thursday at 5 pm. receiver: Perfect, I’ll see you then."
"caller: Good afternoon, this is Wayne from your auto dealer. Your service appointment is set for 9 am Saturday. receiver: Thank you for reminding me, I’ll be there then."
"caller: Hi, this is Carla at Bakehouse. Your cake will be ready for pick-up tomorrow by noon. receiver: Thanks, Carla! I’ll see you then."
"caller: Hello Mrs. Martinez, this is Tom from Lively Landscapes. We’ll be starting your garden project on Wednesday. receiver: That’s great news, thank you!"
"caller: Hi, I’m calling from Green Path Yoga. Your class package is ready for you. receiver: Thank you, I’ll drop by after work."
"caller: Hello, this is Lucy from Animal Rescue. Your foster volunteer training is tomorrow at 6 pm. receiver: Thanks for the reminder!"
"caller: Hi, I’m from Appliance Pros. Your washing machine repair is scheduled for 2 pm Thursday. receiver: Thank you for the call."
"caller: Hello, this is Mark at River Café. Just confirming your reservation for Sunday brunch. receiver: Yes, we’ll see you then!"
"caller: Hi, Mrs. Henderson, this is the school office reminding you that parent-teacher conferences are next week. receiver: Thank you. I’ll check the email for the time."
"caller: Hello, I’m from Friendly Movers. We’re calling to confirm your move on August 10th. receiver: Yes, that’s correct. Thank you."
"caller: Good morning, Mr. Daniels. This is Carol from Valley Doctors. Your referral letter is now ready for pickup. receiver: Thank you Carol, I’ll pick it up today."
"caller: Hi, it’s Grace from the music store. The sheet music you ordered just came in. receiver: Awesome, thanks for letting me know."
"caller: Hello, this is Nina from Northside Fitness. Just calling to confirm your orientation appointment on Friday. receiver: Yes, thanks, see you then."
"caller: Hi, this is Linda from Town Hall. There’s a community meeting tomorrow at 6 pm. receiver: Thank you, Linda, I’ll be there."
"caller: Hello, I’m calling from Love & Light Florist. Your bouquet will be delivered at 3 pm today. receiver: Wonderful, thank you very much."
"caller: Hi Ms. Cooper, this is Melissa from Modern Tailors. Your alterations are completed. receiver: That’s great news, thanks!"
"caller: Hello, this is Darren at Bright Smiles Dental. Your cleaning is scheduled for next Tuesday at 10 am. receiver: Thank you for the reminder."
"caller: Hi, this is Tara with Bliss Spa. Just confirming your massage appointment at 1 pm on Thursday. receiver: Yes, that time still works for me."
"caller: Hello, I’m calling from Lake City Library. Your interlibrary loan has arrived. receiver: Thank you, I’ll pick it up after work."
"caller: Good afternoon, this is Mason at Fresh Bites. Your catering order will be ready for pickup at 5 pm. receiver: Excellent, I’ll be there on time."
"caller: Hi, it’s Ruby from Maple Grove Apartments. We have a package for you at the front office. receiver: Thank you Ruby, I’ll stop by today."
"caller: Hello, this is Paul from the community association. We’re having a street cleanup event on Saturday. receiver: Thank you for letting me know, I’ll join in."
"caller: Hi, I’m Claire from the dentist’s office. We’re due to see you for your cleaning next Monday at 2 pm. receiver: Yes, I have it in my calendar."
"caller: Hello, this is Jessie with the car dealership. We wanted to remind you about the upcoming test drive appointment. receiver: Thank you—I’ll be there on time."
"caller: Hi Mr. Logan, this is Rita from Riverside Elementary. Just confirming your volunteer shift this Friday. receiver: Thank you for the reminder, Rita."
"caller: Hello, I’m Penny from the animal shelter. The pet food donation drive is this Sunday. receiver: Thanks, Penny, I’ll bring some supplies."
"caller: Hi, this is Victor from Clean Sweep Chimney Service. Your appointment is set for Wednesday at 8 am. receiver: Thanks for letting me know."
"caller: Good morning, this is Gabby with Express Pharmacy. Your prescription is available for delivery today. receiver: Thank you, I’d like it delivered."
"caller: Hello, it’s Abbie from The Local Café. You left your laptop here. receiver: Oh no, thank you so much! I’ll come get it."
"caller: Hi, I’m calling from Horizon Cinema to confirm your ticket reservation for Friday’s 7 pm show. receiver: Perfect, I’ll be there—thanks!"
"caller: Hello, this is Eric from Pine Halls Assisted Living. We’re calling about your upcoming visit with Mrs. Walker. receiver: Yes, I’ll be there as scheduled. Thank you for confirming."
"caller: Hi, it’s your daughter’s piano teacher, Mrs. Blake. Just reminding you about today’s lesson at 4 pm. receiver: Thank you for the reminder, we’ll be there."
"caller: Hello, this is Matt with Superior Plumbers. We’ve scheduled your appointment for Tuesday at 11 am. receiver: That’s great, thank you for confirming."
"caller: Hi, I’m with Cozy Carpets. Your order is ready for installation on Saturday. receiver: Thanks for the update, I’ll be home."
"caller: Hello, this is Steve from Fresh Grocers. Your curbside order is ready for pick up anytime today. receiver: Thank you, Steve, I’ll come by shortly."
