dialogue
"caller: Hi, is this Mrs. Turner? receiver: Yes, speaking. How can I help you? caller: This is Julie from Greenway Florists. We wanted to confirm the delivery time for your order tomorrow. receiver: Oh, thank you! Can you deliver between 2 and 4 PM? caller: Absolutely, we’ll see you between 2 and 4."
"caller: Hello, may I speak to Mr. Evans? receiver: This is he. Who is calling? caller: I’m Grace from City Library. Just a reminder, your book reservation is ready for pickup. receiver: Great! I’ll stop by this afternoon. Thanks for letting me know. caller: You’re welcome, have a nice day!"
"caller: Hey Sarah, it’s Tom. Did you remember to grab my charger from the office? receiver: Hey Tom! Yes, I have it in my bag. I’ll drop it off at your desk tomorrow morning. caller: Perfect, I need it for my meeting. Thanks so much!"
"caller: Hello, this is Jamie from Dr. Martin’s office. I’m calling to remind you of your appointment tomorrow at 10 AM. receiver: Thank you for calling. I’ll be there. caller: Great, see you tomorrow."
"caller: Good evening! This is Natalie from Pinecrest Apartments. I wanted to check if you received the maintenance notice for the water shutoff on Friday. receiver: Yes, I did get it. Thanks for following up. Will the water be out all day? caller: It should be restored by 3 PM. Let us know if you need anything else. receiver: Will do. Appreciate the heads-up!"
"caller: Hi, this is Emma from Oakridge Pet Clinic. Just calling to confirm Bella’s appointment for this Saturday. receiver: Yes, we’ll be there! Thanks for reminding me. caller: Our pleasure, see you then!"
"caller: Hello, Mr. Davis. This is Susan from Northern Lights High School. I’m calling to discuss Tina’s progress report. receiver: Hi Susan, sure, I’d love to hear how she’s doing. caller: She’s doing great in math, but could use some extra help in English. receiver: Thank you for letting me know. I’ll talk to her tonight."
"caller: Good morning, Mr. Ikeda. This is June from Quick Solutions IT, following up on your support ticket. receiver: Hi June. Yes, my printer is still having paper jam problems. caller: I can help walk you through a few troubleshooting steps now if you have a moment. receiver: Sure, let's do it."
"caller: Hi, Michael. This is Laura from FitClub Gym. Are you still coming for your introductory session at 6 PM? receiver: Hi, yes, I’ll be there at 6. Looking forward to it! caller: Awesome! See you soon."
"caller: Good afternoon, this is Erin from Greenfield Bank. I just wanted to verify your mailing address before we send your new debit card. receiver: Sure, it’s 413 Maple Street, Unit 4C. caller: Got it. The card will arrive in 5-7 business days. receiver: Thank you very much."
"caller: Hello, is this Jack’s Pizza? receiver: Hi, yes indeed! caller: I’d like to place an order for pickup, please. receiver: Of course. What can we make for you today?"
"caller: Hi, Aunt Helen? It’s Sam. How’s your day been? receiver: Hi Sam! My day’s been good, just got back from the store. caller: I just wanted to check in and see if you needed help with anything this weekend. receiver: That’s sweet of you, but I’m all set for now. Thank you!"
"caller: Hi, Ms. Hernandez, this is Karen from the dental office. You’re scheduled for a cleaning on the 12th at 11 AM. receiver: Thank you, Karen. Could I reschedule to the following week? caller: Let me check... Yes, the 19th at 10:30 is available. receiver: That works!"
"caller: Hello, this is the Smith household. receiver: Hi, this is Maria from Bluewave Landscaping. Just confirming your lawn service for Thursday. caller: Thursday is perfect, thank you Maria."
"caller: Hi Dad, just checking if you got the photos I sent. receiver: Hey! Yes, we loved them. The kids look so happy. caller: Glad you liked them. We’ll visit next weekend! receiver: Looking forward to it."
"caller: Good morning, this is Kevin from Bike Barn. Your bike repair is complete and ready for pickup. receiver: Fantastic, thank you for letting me know. I’ll come by this afternoon."
"caller: Hi, is this John? receiver: Yes, who’s this? caller: This is Melissa, Anna’s sister. She asked me to pass along the message that the dinner tonight’s moved to 7. receiver: Thanks for letting me know, Melissa. I’ll be there at 7."
"caller: Hi Carol, it’s Mike from next door. We noticed a package was delivered for you by mistake. receiver: Oh, thank you! I was wondering where it went. caller: I can bring it over now if you’re home. receiver: I appreciate it, I’m here."
"caller: Hi, this is the City Electric office. We’re conducting scheduled maintenance in your area tomorrow. Power will be out from 1 PM to 3 PM. receiver: Thanks for informing me. I’ll plan accordingly."
"caller: Hello, is Mrs. Lee available? receiver: Speaking. caller: This is Ben from Model Cleaners. We wanted to confirm that your washing machine will be serviced at 2 PM tomorrow. receiver: That’s perfect, thank you."
"caller: Hi, just calling to see if you’re free for lunch tomorrow. receiver: Who’s this? caller: Sorry, it’s Lisa from the office! receiver: Oh, Lisa! Lunch sounds great. Where do you want to go? caller: How about that new cafe on Main? receiver: Perfect, see you at noon."
"caller: Good morning, Emily. This is Tom from the Science Department. Could you send me the slides for Thursday’s lecture? receiver: Sure, I’ll send them over this afternoon. caller: Thanks a lot!"
"caller: Hey Josh, it’s Leo. You left your jacket in my car last night. receiver: Oh, thanks, I didn’t realize. Can I grab it from you today? caller: Sure, I’ll drop it by on my way home."
"caller: Hello, is this the Miller residence? receiver: It is. caller: This is Evan from the pharmacy. Your prescription is ready for pickup. receiver: Thank you, I’ll be there after work today."
"caller: Hi Melanie, this is Rachel. I wanted to check if you’re still interested in the yoga class this weekend. receiver: Yes, thanks for reminding me. What time does it start? caller: 10 AM on Saturday at the rec center. receiver: I’ll be there!"
"caller: Hello, Mr. Johnson. This is Jen from the art studio. Your painting is ready for collection. receiver: That’s wonderful news, thank you so much."
"caller: Hey Dad, just wanted to let you know I made it home safe. receiver: Thanks for checking in, son. Get some rest."
"caller: Hi, is this the Banfield household? receiver: Yes, who’s calling? caller: This is Alyssa from the polling station. Just confirming you received your ballot for the upcoming election. receiver: Yes, I got it in the mail yesterday. Thank you for checking."
"caller: Good afternoon, is Martha there? receiver: This is Martha. caller: Hi, this is Peter from Sunny Movers, confirming your move on Friday at 9 AM. receiver: Thank you, Peter. See you then."
"caller: Hi, this is Andy from Adventure Travel. I’m confirming your tour booking for next week. receiver: That’s great! What should I bring for the trip? caller: Please bring comfortable shoes, sunscreen, and your ID. receiver: Got it."
"caller: Hello, this is Karen from Modern Dry Cleaners. Your items are ready for pickup. receiver: Thank you, I’ll come by after work."
"caller: Hi, this is the Cherry Lane Veterinary Clinic. We’re calling to check on Luna after her surgery. How is she doing? receiver: She’s doing much better today, thank you for following up. caller: That’s wonderful to hear."
"caller: Hello, is this Jamie? receiver: Yes, speaking. caller: This is Amanda from the dog walking service. Bella loved her walk today! receiver: I’m so glad to hear that. Thank you, Amanda."
"caller: Hi, Tom. This is Liz from your insurance company. We need an updated address for your profile. receiver: Of course, it’s 577 Willow Ave, Apt 10. caller: Thank you, I’ve updated it."
"caller: Hey, this is Matt from the climbing gym. We noticed your membership is expiring soon. receiver: Oh, I didn’t realize! How do I renew? caller: You can renew online or at the front desk next time you’re in. receiver: Thanks!"
"caller: Hello, this is Innovate Consulting. Is Dr. Priya available? receiver: Speaking. caller: We’d like to confirm your meeting appointment for Wednesday at 1:30 PM. receiver: Thank you for confirming. See you then."
"caller: Hi, this is Stephanie from Sunshine Pre-K. Just wanted to let you know Max had a great first day! receiver: Thank you so much for the update. caller: You’re very welcome."
"caller: Hi, I’m calling from Bluebird Restaurant. You made a reservation for 4 at 7 PM tonight; is that correct? receiver: Yes, that’s right. Thank you for checking."
"caller: Good morning, this is Ruth from the pool maintenance company. Our technician will be by at noon to clean your pool. receiver: Thank you for letting me know."
"caller: Hello, is this Sonia? receiver: Yes, this is Sonia. caller: I’m Roger from FastTrack Couriers. I have a package for you; are you available for delivery now? receiver: Yes, I’m home."
"caller: Hey Mom, it’s Chloe. Just wanted to wish you a happy birthday! receiver: Thank you, sweetheart!"
"caller: Hi Miranda, it’s Art from the community garden. We’re organizing a cleanup this Sunday at 10 AM. receiver: That sounds good. I’ll try to make it."
"caller: Good afternoon, this is Alex from Wellness Pharmacy. Your refill is ready for pickup. receiver: Thank you very much."
"caller: Hello, Mrs. Thomson. This is Georgia at Oak Elementary. Anna left her lunchbox at school. receiver: Thank you for letting me know. I’ll pick it up tomorrow morning."
"caller: Hi, is Michael there? receiver: Speaking. caller: This is Tara from Home Appliance Service. Your fridge part is in; can we schedule an installation? receiver: Yes, Thursday morning would be great."
"caller: Hello, this is the office of Dr. Patel. We’re calling to remind you of your appointment on Friday at 11 AM. receiver: Thank you for the reminder."
"caller: Hi, is this Adam? receiver: Yes, who’s this? caller: This is Jared from GroceryLand. You left your wallet at the checkout today. receiver: Oh, thank you! I’ll come pick it up right away."
"caller: Hi Mom, are you going to Grandma’s on Sunday? receiver: Yes, I am. caller: Can you give her my love and say I’ll call her tomorrow? receiver: I will, sweetheart."
"caller: Hello, this is Melissa from Evening Sun Salon. Just confirming your haircut on Saturday at 2 PM. receiver: Thanks, Melissa. I’ll see you then."
"caller: Hi Lisa, it’s Greg from the soccer league. We’re moving Saturday’s game to the North Park field. receiver: Thanks for the heads-up, Greg. See you there."
"caller: Hi, you reached Tara. receiver: Hello Tara, this is Dave from the hardware store. Your special order has arrived. caller: Great! I’ll come by this afternoon."
"caller: Good morning, this is Sarah at Midtown Dental. Your check-up is scheduled for Friday at 9 AM. receiver: Thanks for the reminder, Sarah."
"caller: Hello, Susan. This is Kevin from the neighborhood association. The meeting is at 6 PM tonight at the clubhouse. receiver: Thank you, Kevin. I’ll see you there."
"caller: Hi, is this the Rice residence? receiver: Yes, this is Dave. caller: This is Monica from Comet Waste Services. Collection will be delayed by one day due to the holiday. receiver: Thanks for letting us know."
"caller: Hey, Jack. It’s Olivia from work. Can you cover my shift on Friday? receiver: Let me check my schedule and I’ll text you back."
"caller: Hello, this is Emma from Maple Hill Bakery. Just confirming your cake pick-up for Saturday. receiver: Thank you, Emma."
"caller: Hi, this is Lance from Tidy Home. Your cleaning is set for Thursday at 9 AM. receiver: That works, thank you."
"caller: Hey, is Mark around? receiver: Hi, this is Mark. caller: It’s Sandra from the book club. What book did you want to suggest for next month? receiver: “The Night Circus” by Erin Morgenstern. caller: Wonderful choice!"
"caller: Hi Grandma, it’s Lily. Are you free for a call this evening? receiver: Hi Lily! Yes, I’d love to talk."
"caller: Hello, this is Family Care Pharmacy. Your prescription is ready for pickup. receiver: Thank you for letting me know!"
"caller: Hi, is this Brian? receiver: Yes, who’s this? caller: This is Penny from Quick Ship. We’re confirming your delivery date for tomorrow. receiver: That’s perfect, thank you."
"caller: Hi, it’s Matt from the dog park group. Are you joining us for the walk this Sunday? receiver: Yes, I’ll be there with Ruby."
"caller: Hello, is Mrs. White there? receiver: Speaking. caller: This is Angela from the city council. There will be a street closure Saturday for the festival. receiver: Thank you for informing me."
"caller: Hi Dad, do you have a minute to chat? receiver: Sure, what’s up? caller: Just wanted some advice about my car—making a weird noise. receiver: Tell me more about it."
"caller: Hello, this is Thelma from Town Library. Your reserved copy of “Hidden Valley Road” is in. receiver: Wonderful! I’ll come by this afternoon."
"caller: Hi, this is Hannah from Sunny Vet. Is Jasper healing well? receiver: Yes, he’s back to his old self. Thank you for checking."
"caller: Hello, is this Paul? receiver: Yes, who’s this? caller: This is Jenny from Sunrise Landscaping. We wanted to reschedule your service to Friday. receiver: That’s fine."
"caller: Good morning, Mr. Bauer. This is Rachel at River Run Realty. Your application has been approved. receiver: That’s great news! Thank you."
"caller: Hi, this is Allison at Market Street Coffee. Is this Sophia? receiver: Yes, this is Sophia. caller: Your order will be ready in 10 minutes for pickup. receiver: Thank you, Allison."
"caller: Hello, this is Robert from Citizens Bank. I wanted to notify you of upcoming system maintenance this weekend. receiver: Thanks for letting me know."
"caller: Hi, this is Ben from the community pool. Are you still interested in adult swim lessons? receiver: Yes, I am. When do they start? caller: Next Wednesday at 7 PM."
"caller: Hey Mom, are you free for dinner tomorrow? receiver: Yes, I’d love to do dinner! caller: Wonderful, see you at 6."
"caller: Hi, is this Jenny? receiver: Yes, who’s calling? caller: This is Kevin from Power Sports. Your bike tune-up is complete. receiver: Excellent, I’ll be there soon."
"caller: Hello, this is Nina from Popcorn Paradise. Just wanted to remind you of your popcorn pickup Friday. receiver: Thanks for calling! I’ll be there Friday."
"caller: Hi, is this the Parker residence? receiver: Yes, who’s calling? caller: This is Jess from the tree service. We’ll be by Monday morning for trimming. receiver: Thank you for confirming."
"caller: Good evening, this is Paul from Lakeside Theatre. Your tickets for tonight’s performance are ready at will-call. receiver: Thank you, I’ll pick them up before the show."
"caller: Hello, is Daniel home? receiver: Speaking. caller: This is Laura from the dance academy. Your class is moved to 5 PM tomorrow. receiver: Thank you for letting me know."
"caller: Hi Mom, it’s Alex. Just checking in to see how you’re feeling. receiver: Hi Alex, I’m doing better, thanks for calling."
"caller: Good morning, you’ve reached Silver Lining Cleaners. receiver: Hi, I wanted to check on my dress order. caller: Your dress is ready for pickup anytime after noon."
"caller: Hello, is this Mr. Nash? receiver: Yes, it is. caller: This is Katie from Fresh Market. Your order will be delivered by 4 PM today. receiver: Thank you for the update."
"caller: Hi Grandma, this is Emma. I just wanted to hear your voice and make sure you’re having a good week. receiver: That’s sweet of you, Emma. I’m doing well!"
"caller: Hi, this is Sam from Music Masters. Your guitar is ready for collection. receiver: Great, I’ll be by after 3 today."
"caller: Hello, this is Sunrise Clinic. Julie has an appointment tomorrow at 10 AM. receiver: Thank you for the reminder."
"caller: Hi, is this the Foster residence? receiver: Yes, this is Linda. caller: This is Greg from Neighborly Pet Care. Can you confirm Fluffy’s drop-off time? receiver: 8 AM works for me."
"caller: Good afternoon, Sharon. This is Dave from River Fitness. Your membership renewal is due next week. receiver: Thanks for letting me know. I’ll take care of it."
"caller: Hello, is this Jasmine? receiver: Yes. caller: It’s Colin from the chess club. The tournament is at 4 PM Saturday. receiver: Thanks, I’ll be there!"
"caller: Hi Dad, could you send me your chili recipe? receiver: Of course, I’ll text it to you this evening."
"caller: Hello, you’ve reached Allison’s phone. receiver: Hi, Allison. This is Mr. Graham at Crestwood School. Ben forgot his lunch; can you bring it by? caller: Absolutely, I’ll drop it off soon."
"caller: Hi, Mrs. Murphy. This is Jonathan from the city bus service. We’re conducting a customer survey about your experience. receiver: Sure, I’d be happy to help."
"caller: Good morning, it’s Mike from the appliance repair shop. Your dishwasher is fixed and ready for delivery. receiver: Thank you so much!"
"caller: Hey Anna, it’s Gus. Are you still up for hiking this weekend? receiver: Yes, just let me know what time."
"caller: Hello, this is Sharon from Book Nook. Your order is ready for pickup. receiver: Thank you for the call. I’ll pick it up this afternoon."
"caller: Hi, this is Paul at Riverbank Inn. We’re confirming your reservation for Friday, April 12th. receiver: Yes, that’s correct. Thank you for confirming."
