dialogue
"caller: Hi, is this Sarah? receiver: Yes, who’s this? caller: This is Dr. Matthews’ office. Just confirming your dental appointment for Friday at 2 PM. receiver: Thanks for the reminder! I’ll be there."
"caller: Good morning! This is Jake from Miller’s Hardware. Your order of paint is ready for pickup. receiver: Oh, wonderful! I’ll stop by after work, thank you so much! caller: You’re welcome, see you later."
"caller: Hey, it’s Alex from down the hall. I found a package addressed to you outside my door. receiver: Oh, thanks for letting me know! I’ll swing by to pick it up tonight. caller: Sounds good."
"caller: Hello, is this the parent of Mason Wilson? receiver: Yes, this is his mom. caller: I’m calling from his school to let you know he left his lunchbox. receiver: Oh, thank you! I’ll bring him something at lunchtime."
"caller: Hi, this is the city library, just a friendly notice your reserved books are available for pickup. receiver: Oh, that’s great news! I’ll stop by tomorrow to get them."
"caller: Good afternoon, your prescription is ready for collection at Lakeside Pharmacy. receiver: Perfect, thank you for letting me know. I’ll be there after work. caller: We’re open until 7 PM today."
"caller: Hello Mr. Johnson, this is Heather from Green Lawn Services. Can we reschedule tomorrow’s appointment due to rain? receiver: Sure, let’s move it to Thursday. caller: Thursday at noon works for us."
"caller: Hey mom, just landed safely! Just wanted to let you know. receiver: That’s wonderful, honey. Text me when you get to your hotel. caller: Will do, love you!"
"caller: Good evening, this is your neighbor Mark. There’s water pooling near your garage, just wanted to let you know. receiver: Oh, thanks Mark! I’ll go check it out right now."
"caller: Hi, this is David from your local gym. We have a new yoga class starting this week. Interested? receiver: That sounds fun, what days? caller: Wednesdays at 6 PM."
"caller: Hello, it’s Susan from the animal clinic. Max’s annual shot is due next week. receiver: Thanks for reminding me! I’ll set up an appointment."
"caller: Hi Mrs. Patel, just calling to confirm your catering order for Saturday. receiver: Yes, everything is set. Thank you so much for checking in! caller: Our pleasure, see you then."
"caller: Good morning Mr. Lee, this is Haley from Hometown Bank. I wanted to let you know your new checks are ready for pickup. receiver: Thank you so much, Haley. I’ll swing by this afternoon."
"caller: Hello, it’s Jamie from the campus bookstore. The book you ordered has arrived. receiver: That’s great! I’ll pick it up today. caller: Perfect, see you soon."
"caller: Hey Mike, did you leave your phone charger at my place last night? receiver: Oh, probably! Mind if I pick it up tomorrow? caller: Not at all, just stop by anytime."
"caller: Hi, this is Jen from the bakery. Your birthday cake order will be ready for pickup at 10 AM. receiver: Awesome, Jen! Thanks for the update."
"caller: Hello, just an update, your dry cleaning will be delayed until Friday due to equipment repairs. receiver: Thanks for informing me. Friday is fine."
"caller: Hey, is this Lauren? caller: Hey! receiver: Hey, this is Rachel. I found your wallet at the cafe! receiver: Oh my gosh! Thank you so much!"
"caller: Hi, it’s Dylan from the bike repair shop. Your bicycle is ready to be picked up. receiver: Great, thanks! I’ll come by on my lunch break."
"caller: Hello, this is the community center. We’re holding a lost-and-found event on Saturday, and you might find your missing jacket. receiver: Perfect! I’ll be there."
"caller: Hi, this is Paul from the apartment office. Maintenance will need to access your unit tomorrow for routine checks. receiver: That’s fine, thank you for letting me know."
"caller: Hello, just calling to let you know your glasses are ready at the optometrist’s office. receiver: Thanks for the update! I can collect them this afternoon."
"caller: Hi, this is Kelly from NextDoor Pharmacy. We received your refill request and it will be ready in an hour. receiver: Thanks, I’ll be by soon."
"caller: Hey, you left your umbrella at my place after the get-together. Want me to drop it by? receiver: Sure, thanks! I’ll be home around 6."
"caller: Good morning, your cleaning appointment is confirmed for 2 PM tomorrow. receiver: Thank you for confirming!"
"caller: This is Tom from the mailroom. We received a package addressed to you by mistake. receiver: Oh, thank you, Tom. I’ll drop by to pick it up."
"caller: Hi, it’s Grace from the travel agency. I wanted to confirm your tour details for next week’s trip. receiver: Yes, please! Any last-minute tips? caller: Dress in layers and bring a power adapter."
"caller: Hello! I wanted to let you know the neighborhood meeting has been rescheduled to Tuesday at 7 PM. receiver: Thank you, I’ll update my calendar."
"caller: This is Dr. Evans’ office. Please remember to fast before your blood test tomorrow morning. receiver: Got it, thanks for reminding me."
"caller: Hi, you have a reservation for two at Bella’s Bistro tonight at 7 PM. Just confirming. receiver: Yes, looking forward to it! Thank you."
"caller: Hey, just letting you know traffic is heavy on Main Street, might want to take another route home. receiver: Thanks for the heads up!"
"caller: Hello, the shoes you ordered are ready for collection at our downtown store. receiver: Great, I’ll come by after lunch."
"caller: This is Jenny from PetZone. Your dog’s grooming is complete and ready for pickup. receiver: Wonderful, I’ll be there in 20 minutes."
"caller: Good evening, your prescription for allergy medication is ready to be collected. receiver: Thank you, I’ll get it tomorrow morning."
"caller: Hi, the power will be temporarily shut off on your street for repairs tomorrow from 10 AM to noon. receiver: Thanks for the notice."
"caller: It’s Ben from the library. You left your notebook here this morning. receiver: Oh wow, thank you! I’ll come back before closing."
"caller: Hello, it’s Emily from the eye clinic. Your contact lenses have arrived. receiver: Thanks for letting me know!"
"caller: Hi, a reminder that your parent-teacher conference is scheduled for Thursday at 4 PM. receiver: Thanks, I’ll be there."
caller: This is Karen from the tennis club. Tomorrow’s lesson is moved to 10 AM due to rain. receiver: Thanks for letting me know!
"caller: Hello, it’s Oscar from your mechanic. Your car is ready earlier than expected. receiver: Great! I’ll pick it up now."
"caller: Hi, just reminding you to bring your insurance documents for your appointment tomorrow. receiver: Thank you, I’ll have them with me."
"caller: Good morning, this is the Homeowner’s Association. Street parking is not allowed tomorrow due to maintenance. receiver: Thank you for letting me know."
"caller: Hey! Are you still selling that guitar on Marketplace? receiver: Yes, I am! Want to come see it this weekend?"
"caller: Hi, this is Lisa from the art gallery. Your painting is ready for pickup. receiver: Thanks! I’ll be in this afternoon."
"caller: Hello, this is your vet’s office. Luna is ready to go after her check-up. receiver: Thank you, I’ll come get her."
"caller: Good afternoon, this is Brian from the moving company. Our team will arrive at 9 AM tomorrow as scheduled. receiver: Thank you, looking forward to it."
"caller: Hi, it’s Ava from the daycare. Your child left their favorite toy here. receiver: Thank you so much for calling, I’ll pick it up."
"caller: Hello, your order from Charlie’s Deli is on its way and should arrive in 15 minutes. receiver: Perfect, thanks for the update!"
"caller: Hi, is this Mr. Chen? This is Maria from the animal shelter. Just an update on the dog you inquired about—it’s still available. receiver: Thank you, can I come meet him tomorrow?"
"caller: This is Rachel from your dentist’s office. Your cleaning appointment is at 9 AM Friday. receiver: Thank you, I’ll be there."
"caller: Hey John, I found your keys under the desk in the conference room. receiver: Thanks, I was looking everywhere!"
"caller: Good morning, your laundry is ready for pickup at FreshFold Cleaners. receiver: Thank you for letting me know."
"caller: This is Emily from your pharmacy, just a reminder that your prescription will expire soon if not picked up. receiver: Thank you for letting me know, I’ll be there today."
"caller: Hi, it’s Anthony calling from the car dealership. Your test drive is scheduled for Saturday at 11 AM. receiver: Thank you, see you then."
"caller: Hello, we’d like to remind you of your scheduled interview on Wednesday at 10 AM. receiver: Thank you, I’ll be there on time."
"caller: Hi, this is the school nurse. We wanted to let you know your child is feeling unwell. receiver: I’ll come pick her up right away, thank you."
"caller: Good afternoon, your furniture delivery is scheduled between 12 and 3 PM tomorrow. receiver: Thanks for confirming."
"caller: It’s Julie from the alumni office at State University, checking in about your RSVP to the reunion. receiver: Thank you, Julie. I’ll be attending."
"caller: Hi, this is the municipal pool. The swimming class you signed up for starts next Monday at 5 PM. receiver: Thanks for letting me know!"
"caller: Good evening, your mail will be held during your vacation as requested. receiver: Thank you for the confirmation."
"caller: Hello, this is Kevin from the window company. We’ll be arriving to begin installation at 8 AM tomorrow. receiver: Thanks, I’ll be ready."
"caller: Hi, it’s your library. The book you put on hold is now available for pickup. receiver: Fantastic! I’ll pick it up after work."
"caller: Hey, I wanted to check if you needed a ride to the airport on Friday. receiver: That would be amazing, thank you!"
"caller: Good morning, this is the hospital confirming your appointment with Dr. Wong for Monday at 3 PM. receiver: Thank you for confirming."
"caller: Hi, the plumber will be arriving between 10 and 12 tomorrow. receiver: Thanks for keeping me updated."
"caller: Hey, just reminding you about our dinner plans tonight at 7. receiver: Thanks! Looking forward to it."
"caller: Hello, your bike repair is complete and can be picked up anytime. receiver: Thank you, I’ll swing by after work."
"caller: Hi, it’s Mary from escrow. Can you send over the signed documents when you have a moment? receiver: Sure, I’ll email them this afternoon."
"caller: This is Hannah from the school office. There’s an early dismissal on Friday. receiver: Thanks, I’ll plan accordingly."
"caller: Hello, we wanted to confirm your appointment for the eye exam at 11 AM Thursday. receiver: Thank you, see you then."
"caller: Hi, your print job is ready to be collected at the copy center. receiver: Thank you, I’ll be over today."
"caller: This is Mateo from doggy daycare. Peanut is ready for pickup and had a great day! receiver: That’s wonderful, I’ll be there soon."
"caller: Hi, this is your building manager. There will be a fire drill tomorrow at 3 PM. receiver: Thank you for letting me know."
"caller: Hello, your oil change is done and your car is ready. receiver: Thanks, I’ll come get it now."
"caller: Good morning, a quick reminder of your scheduled court date on Tuesday at 9 AM. receiver: Thank you for the reminder."
"caller: Hi, just letting you know your pizza order is en route, about 10 minutes away. receiver: Great, thank you for the update!"
caller: This is Leah from the recruitment agency. The interview with Widget Corp is next Wednesday at 2 PM. receiver: Thanks for confirming.
"caller: Good afternoon, your monthly security system check is scheduled for Friday at 1 PM. receiver: Thank you, I’ll be home."
"caller: Hi, it’s Susan from the flower shop. Your arrangement is ready for delivery today. receiver: Thank you, can I change the delivery address? caller: Of course, just let us know the new one."
"caller: Hello, it’s Ethan from the tech store. Your repaired laptop is ready for pickup. receiver: That’s great news, thank you!"
"caller: Hey, it’s your neighbor, Tom. Do you need someone to water your plants while you’re away? receiver: That would be amazing, thank you Tom!"
"caller: This is Linda from City Hall. Just reminding you to bring ID for your passport appointment. receiver: Thank you, Linda."
"caller: Hi, the glasses you ordered are ready for collection at Bright Vision Optics. receiver: Thank you, I’ll pick them up after work."
"caller: Good morning, this is the train station lost and found. We have your missing backpack. receiver: Really? Thank you, I’ll come by today."
"caller: Hello, it’s Chris at the front desk. You have a visitor waiting in the lobby. receiver: Thanks for letting me know, I’ll be right down."
"caller: Hi, your child’s after-school program registration is confirmed. receiver: Thank you, I appreciate the call."
"caller: Hey, just a heads up: trash collection is delayed by one day this week due to the holiday. receiver: Thanks for letting me know."
caller: This is Donna from the salon. We’re confirming your hair appointment for Saturday at noon. receiver: Thank you! I’ll be there.
"caller: Hi, your tax documents are ready to be picked up from our office. receiver: Thanks, I’ll swing by after work."
"caller: Hello, this is Peter from IT. We need to perform a quick update on your computer. Can we do it now? receiver: Sure, go ahead!"
"caller: Good morning, this is the court clerk. Your jury duty is confirmed for Monday. receiver: Thank you for the update."
"caller: Hi, just confirming your dog walking appointment for tomorrow at 8 AM. receiver: Thanks, see you then."
caller: This is the school library. Your books are overdue and need to be returned. receiver: Thank you for letting me know; I’ll bring them tomorrow.
"caller: Hey, found your notebook at the coffee shop. Do you want to pick it up? receiver: That’s great! Thank you so much."
"caller: Hello, your coffee order is ready at the counter. receiver: Awesome, I’m just outside, thank you."
"caller: Hi, this is Cathy from housing. We need to schedule a time for your annual apartment inspection. receiver: Sure, what days are available?"
"caller: Good afternoon, you have a prescription ready at City Pharmacy. receiver: Thanks, I’ll stop by after work."
"caller: Hello, your cleaning and pressing order is completed at Sparkle Cleaners. receiver: Thank you, I appreciate the call."
"caller: Hi, your online grocery order will be ready for curbside pickup at 3 PM. receiver: Perfect, thank you!"
"caller: This is Maria from the student center. You left your ID here yesterday. receiver: Thank you, I was looking for it."
"caller: Hi, this is Terry from the car rental agency. Your car is ready for pickup. receiver: Thanks! I’ll be there soon."
"caller: Hello, your dog walking session is scheduled for 10 AM tomorrow. receiver: Thank you, I’ll leave her leash on the porch."
"caller: Hey, it’s your neighbor Dan. Did you get my package by mistake? receiver: I did! I’ll drop it by this evening."
"caller: Hi, it’s the lawn care service. We’re confirming your appointment for Friday at 8 AM. receiver: That’s perfect, thank you!"
"caller: Good morning, your reserved laptop is ready for pickup at the IT desk. receiver: Thank you for letting me know."
"caller: Hello, this is Andrea from Gourmet Catering. Your event menu has been finalized. receiver: Thanks so much, Andrea! "
"caller: Hi, this is the registrar’s office. Your transcripts are ready for collection. receiver: Thank you, I’ll pick them up this afternoon."
