dialogue
"caller: Hi, is this Sarah? receiver: Yes, who’s this? caller: It's Emily from the dentist's office. Just calling to confirm your appointment for Wednesday at 3 PM. receiver: Oh, thank you, Emily. I’ll be there!"
"caller: Good morning, Mr. Wilson. This is Jake from the library. Your reserved book has arrived. receiver: Wonderful, thank you! What are your hours today? caller: We’re open until 6 PM. receiver: Great, I’ll drop by after work."
"caller: Hi Mom, just calling to let you know I landed safely. receiver: That’s such a relief, honey! How was the flight? caller: A little bumpy, but I made it. I’ll send you pictures soon. receiver: Please do! Have fun."
"caller: Hello, this is Brian from Accounts Payable. I’m following up on the invoice dated June 2nd. receiver: Oh yes, I received it this morning. I’ll process the payment by tomorrow. caller: Thank you for the quick response! receiver: You’re welcome."
"caller: Hey Mark, it’s Jenny. Are we still on for tennis this evening? receiver: Absolutely, I just finished reserving the court for 7 PM. caller: Perfect. See you then! receiver: See you!"
"caller: Hi, this is Anna from your vet’s office. Just checking on Max after his procedure. receiver: Oh, thank you for calling! He seems to be doing well but a bit sleepy. caller: That’s normal. Let us know if anything changes. receiver: Will do."
"caller: Hello, is this Mrs. Chen? receiver: Yes, this is she. caller: I’m Alex from the City Water Department. We’ll be working in your area tomorrow, so your water may be off from 10 to 2. receiver: Thank you for the heads up."
"caller: Hey Dad, I found your missing screwdriver in the garage. receiver: Ha! Knew it would turn up eventually. Thanks, buddy! caller: No problem. See you at dinner! receiver: Sounds good."
"caller: Hello, this is Linda from Green Eats Restaurant. You forgot your umbrella at our table last night. receiver: Thank you so much for calling! I was worried I’d lost it for good. I’ll swing by soon to get it. caller: We’ll hold it at reception."
"caller: Hi, I’m calling from Oakdale Pharmacy. Your prescription refill is ready. receiver: That’s great, thank you. What time do you close today? caller: We’re open until 8 PM. receiver: I’ll pick it up after work."
"caller: Good afternoon, Mr. Blackwell, this is Sophie from your insurance office. Could I verify your address for your upcoming renewal? receiver: Sure, it’s 1917 Elm Lane, Westbrook, 95340. caller: Thank you, that matches our records. "
"caller: Hey, just wanted to check in and see how you’re feeling today. receiver: That’s sweet of you, I’m feeling much better, thank you. caller: Glad to hear it! Let me know if you need anything. receiver: Will do."
"caller: Hi, is this Julian? receiver: Yes, who’s calling? caller: It’s Ash from the bike repair shop. Your bike is ready for pick-up. receiver: Awesome! Thanks so much. What was the total? caller: It came to $45.97."
"caller: Good evening, I’m calling from Small Paws Adoption Center. You applied to foster a kitten? receiver: Yes, that’s right! caller: Wonderful, we have a kitten ready for fostering. When would you like to meet her? receiver: Tomorrow would be perfect."
"caller: Hi, this is Neil from Tech Help. I saw your ticket about email trouble. receiver: Yes, my inbox won’t load. caller: Can I remote into your computer and check? receiver: Sure, I trust you—let me start the app."
"caller: Hello, is this Dr. Elliot? receiver: Yes, it is. caller: I’m Mary from the conference team, confirming your lecture for Saturday at 11. receiver: Perfect, thanks for the reminder. I’ll see you then."
"caller: Hi Lisa, this is your neighbor Carol. Did you by any chance find a blue hat in your backyard? receiver: Yes, I did! I wasn’t sure whose it was. caller: That’s my son’s, thank you! I’ll come by later to pick it up."
"caller: Morning, I’m calling from Meadow Lane Office Park. Your parking permit renewal is due next week. receiver: Thanks for the heads up. Where do I pay the fee? caller: You can renew online or at our office."
"caller: Hi, it’s Kate from the B&B. Just confirming your check-in this Friday at 4 PM. receiver: That’s right, thank you for the confirmation. caller: We look forward to welcoming you! receiver: See you Friday."
"caller: Hello, this is Tampa Hardware. Your order for paint has arrived. receiver: Great! What time should I come to pick it up? caller: We’re open until 5:30 today. receiver: I’ll be there before then."
"caller: Hi Mr. Rivera, it’s Janine at your dry cleaners. Your suit is ready for pick-up. receiver: Oh, thanks for calling! I’ll come by this afternoon. caller: See you soon."
"caller: Hey, it’s Mike from the carpool group. Traffic on Main is backed up. Try the side roads if you can. receiver: Thanks for the tip, Mike! See you at the usual spot. caller: No problem, see you soon."
"caller: Hello, I’m calling from Sunny Days Camp. Your child’s registration is complete. receiver: That’s wonderful! What time should we arrive on the first day? caller: Please arrive by 8:30 AM for orientation. receiver: Thank you."
"caller: Good evening, I’m the building manager. We’re inspecting fire alarms this Friday between 9 and 11 AM. receiver: Thanks for letting me know. I’ll make sure someone is home. caller: Appreciate your cooperation."
"caller: Hi Jeremy, it’s Taylor. Could you send me the file for the project by 5 PM? receiver: Sure, I’ll get that over to you shortly. caller: Thanks! Let me know if you need anything else. receiver: Will do."
"caller: Hi, this is Holly from Riverside Gym. You left your headphones in the locker room. receiver: Oh, thank you! When can I pick them up? caller: Anytime before 9 PM tonight. receiver: I’ll be there."
"caller: Hello, it’s George from Maple Delivery. I’m downstairs with your grocery order. receiver: Great, I’ll come down now. Thanks for the call! caller: See you in a minute."
"caller: Good morning, Nina. This is Carol from the garden club. The meeting has been moved to Thursday. receiver: Thanks, Carol. I’ll change it on my calendar. caller: Looking forward to seeing you."
"caller: Hi Dave, your prescription glasses are ready for pick-up at Vision One. receiver: Wonderful, I’ll stop by after lunch. caller: They’ll be at the front desk under your name."
"caller: Hello, this is Beth from the book club. We're reading “The Giver” for our next meeting. receiver: Thanks for letting me know, Beth! caller: The meeting is next Friday, same time."
"caller: Hi, it’s Sean at Tech Stop. Just wanted to let you know your laptop repair is complete. receiver: Fantastic—what was the issue? caller: Loose connection, but it’s fixed now. receiver: Thanks, I’ll pick it up today."
"caller: Hey Lucas, the soccer game time got moved to 4:00 PM. receiver: Thanks for the update! I’ll let everyone else know. caller: Appreciate it."
"caller: Good morning, is this Mrs. Patel? receiver: Yes. caller: This is Anna from the post office. We’re holding a package for you. receiver: Oh, great. What do I need to bring to collect it? caller: Just a photo ID."
"caller: Hello, it’s Gluten Free Bakery. You left your phone charger here. receiver: Thank you! I wondered where that went. I’ll come by today to get it. caller: We’ll keep it at the front counter."
"caller: Hi, this is Jason from Fifth Street Florists. Your flower order is ready for delivery. receiver: Thank you! Will it arrive before 3 PM? caller: Yes, our driver just left. "
"caller: Hi, it’s Susan from Lakeside Apartments. Maintenance is scheduled for 10 AM tomorrow in your unit. receiver: Got it, thanks for the reminder. caller: Let us know if you have any questions."
"caller: Hello, Mr. Greene. This is Mary from your bank. We noticed you left a signature missing on your check. receiver: Oh, I’ll come in and correct it today. caller: Thank you very much."
"caller: Hey, this is Tim from the cycling club. Are you still in for tomorrow’s ride? receiver: Yes, I’ll be there at 8! caller: Great, see you in the morning."
"caller: Morning, it’s Lisa from Sun Mart Pharmacy. Your flu shot is scheduled for noon. receiver: Thank you for the reminder. See you then!"
"caller: Hi, is this Ben? It’s Mark from the neighborhood association. receiver: Yes, hi. caller: We’re having a meeting at the clubhouse Saturday at 3. receiver: Thanks, I’ll be there."
"caller: Hello, you reached Jade at Mountain Movers. Your moving truck will arrive at 9 AM tomorrow. receiver: Wonderful. Will you send a text when you’re close? caller: Yes, we’ll notify you 30 minutes in advance."
"caller: Hey, this is Sofia from HR. Could you fill out the new onboarding forms online? receiver: Absolutely, I’ll get to them today. caller: Thanks for being quick with the paperwork."
"caller: Good afternoon, I’m calling from Pet World. Your order for dog food is ready for pick-up. receiver: Thanks, I’ll be by in an hour. caller: See you soon."
"caller: Hi Mr. Waltz, this is your dentist’s office. You’re due for a cleaning. receiver: Thanks for the reminder, I’ll schedule one now. caller: We have plenty of openings next week."
"caller: Hey Carrie, your umbrella’s at my place. You left it after our movie night. receiver: Oops, thanks for keeping it safe. I’ll get it next time. caller: No rush!"
"caller: Good morning, this is Chris from Cheddar’s Cafe. Just wanted to let you know you left your bank card here. receiver: Thank you for calling! I’ll come by before closing. caller: We’ll keep it secure for you."
"caller: Hi, is this Tina? It’s Caleb from the animal shelter. receiver: Yes, hi! caller: Just letting you know your application to volunteer’s been approved. receiver: That’s amazing! When can I start? caller: We can set up your orientation this week."
"caller: Hello, this is your mechanic at City Garage. Your inspection is due next month. receiver: Thanks for the heads-up! I’ll book an appointment today. caller: See you soon."
"caller: Afternoon, it’s Jamie from Waterford Cleaners. Your curtains are ready. receiver: Thank you, Jamie! I’ll pick them up this evening. caller: We’ll be open until 7."
"caller: Hi, it’s Emma from Paint and Sip Studio. The class on Saturday has one seat left—are you still joining? receiver: Yes, please save me the spot! I’ll call to pay the fee. caller: Perfect, looking forward to seeing you."
"caller: Hello, this is Tony from the recycling center. The bins will be picked up a day late due to the holiday. receiver: Thank you, Tony. I’ll let everyone know. caller: Appreciate your help."
"caller: Hi, I’m Ben from Timber Mart. Your lumber order is ready for delivery tomorrow. receiver: Excellent, thank you for confirming. caller: We’ll call you an hour before arrival."
"caller: Good morning, is this Sofia? It’s Dylan from your yoga studio. receiver: Hi Dylan, yes. caller: Your membership renewal is coming up. Shall I help you renew? receiver: Yes, let’s do it now."
"caller: Hi, Dr. Lin, this is Rita from the lab. Your test results are ready and available online. receiver: Thank you for letting me know, Rita. caller: You’re welcome, please call with questions."
"caller: Hello, you’ve reached Sam at Red Maple Landscaping. Are you happy with last week’s service? receiver: Yes, the yard looks great. Thank you. caller: Glad to hear it!"
"caller: Hey, it’s your cousin Molly. Just wanted to check—are you coming to Nana’s birthday? receiver: Of course! I wouldn’t miss it. caller: She’ll be thrilled."
"caller: Morning, it’s the school office. Your child left their lunchbox at school. receiver: Thank you! I’ll get it at pick-up. caller: We’ll keep it safe until then."
"caller: Hi, Mrs. Bellamy, this is Terry from Southside Piano School. Joshua’s lesson has moved to Thursday this week. receiver: Thanks for letting me know. We can make that work. caller: Great!"
"caller: Hello, it’s Alexa from City Fitness. Your lost towel is ready for pickup at the front desk. receiver: Thanks so much! I wondered where it went. caller: We kept it aside for you."
"caller: Hi, I’m calling from Lily’s Bookstore. You reserved “The Art of Baking”—it’s here for you. receiver: Wonderful! Please hold it, I’ll come by today. caller: Will do."
"caller: Hi, this is Tina from the local election board. Your polling location has changed for the upcoming election. receiver: Thanks for notifying me. Where is it now? caller: It’s at Central Middle School."
"caller: Hello Mr. Carter, it’s Amber at Willow Medical. Your lab appointment is confirmed for Tuesday, July 14, 9 AM. receiver: Thank you, Amber. caller: Please bring your insurance card."
"caller: Hey Jake, it’s Ethan from 6B. You accidentally got my mail again. receiver: Sorry about that! I’ll bring it over tonight. caller: Thanks, appreciate it."
"caller: Good afternoon, this is Gloria from Riverside Therapy. Your next session is scheduled for Tuesday at noon. receiver: Thank you for the reminder, Gloria. caller: You’re welcome."
"caller: Hi, this is Marty from the running club. The group meets at the park now, not the track. receiver: Got it, thanks for letting me know. caller: See you there!"
"caller: Hello, it’s Ava from Sweet Treats. Your cake is ready for pick-up. receiver: Thank you! See you soon. caller: Looking forward to it."
"caller: Hi, Mr. Johnson, it’s Laura from the tax office. Your document submission was successful. receiver: Thanks, Laura! I appreciate the update. caller: Let me know if you need anything else."
"caller: Hey, I’m outside with your delivery. Should I leave it at the door or ring the bell? receiver: Please leave it by the door, thanks! caller: Will do, have a great day."
"caller: Good morning, this is Hannah from the church office. Just confirming your hall reservation for Sunday. receiver: Thank you, Hannah. caller: We’ll have everything ready for you."
"caller: Hello, you’ve reached Matt from Electricians Plus. Your repair is scheduled for Friday at 10 AM. receiver: Thanks, Matt! Do you need a parking pass? caller: No, I’m all set."
"caller: Hi, it’s Lauren from the PTA. Are you still volunteering for the book fair? receiver: Yes, I wouldn’t miss it. caller: Wonderful—see you Thursday afternoon."
"caller: Good afternoon, this is Mark calling from Coastal Realty regarding your lease renewal. receiver: Thanks for calling. I’ll be in touch by the end of the week. caller: Looking forward to hearing back."
"caller: Hi Jeff, it’s Dr. Sanders’ office. You’re due for a follow-up appointment. receiver: Thanks for the reminder. I’ll call to schedule. caller: Sounds good, see you soon."
"caller: Hello, I’m Sam from the community garden. Your plot renewal is due this month. receiver: Thank you, Sam. I’ll pay online later today. caller: Appreciated."
"caller: Hey, it’s Molly at the music store. The guitar you ordered is ready. receiver: Excellent news! I’ll swing by today. caller: We’ll have it waiting."
"caller: Hi, this is Pam from North End Market. You left a reusable bag at checkout. receiver: Thank you, I’ll stop in tomorrow. caller: We’ll keep it for you."
"caller: Hello, this is Maxine from the recycling program. We're collecting electronics this Saturday. receiver: Thanks for letting me know! I have some things to drop off. caller: Excellent, see you then."
"caller: Hi Tina, it’s Greg from Uptown Art Center. Your painting is ready for collection. receiver: Thank you! Can I come after work? caller: Absolutely, we’re open until 8 PM."
"caller: Hello, I’m Linda from the hospital’s patient support. How are you feeling today? receiver: Much better, thank you for asking. caller: Glad to hear it, let us know if you need anything."
"caller: Hi, is Mrs. Yu there? This is Bob from Community Watch. receiver: Hi Bob, yes, this is she. caller: Just reminding you about our neighborhood meeting tonight. receiver: Thank you for the reminder!"
"caller: Good afternoon, this is Jess from the catering team. Can you confirm your order for 25 lunches on Friday? receiver: Yes, that’s correct. caller: Thank you, Jess. Just making sure nothing’s changed."
"caller: Hello, this is Annie at Hillview School. Just reminding you that parent-teacher conferences are next week. receiver: Thank you for the update, Annie. caller: You’re welcome."
"caller: Hey, it’s Mike at the bike shop. Your new helmet has arrived. receiver: Awesome, I can pick it up after four. caller: Perfect, see you then."
"caller: Hi, this is Ray from the tech support desk. Did your software issue get fixed? receiver: Yes, it’s all working great now. Thanks, Ray! caller: Glad I could help."
"caller: Hello, it’s Cindy from the supermarket. Your special order of almond butter is in. receiver: Wonderful! I’ll pick it up after work. caller: We’ll hold it at customer service."
"caller: Hi, this is Bill from the appliance repair center. Your dishwasher part is in. receiver: Thank you for the update! Can we schedule a time for repair? caller: Tomorrow afternoon works for us. receiver: Perfect."
"caller: Good afternoon, I’m Ann from the pharmacy. We have your refill ready. receiver: Thank you, Ann. I’ll be there this evening. caller: See you soon."
"caller: Hey, it’s Tom from the daycare. Ella’s doing great and just finished her lunch. receiver: That’s wonderful to hear. Thank you for checking in. caller: No problem."
"caller: Hi, this is Susan from the senior center. We’ve got a new yoga class starting. receiver: Sounds interesting! When is it? caller: Wednesdays at 9 AM."
"caller: Good morning, this is Brian from the tutoring center. Are you still available for sessions next week? receiver: Yes, my schedule’s open. caller: Great, I’ll book your slot."
"caller: Hello, it’s your neighbor Emma. The package with your name came to my door by mistake. receiver: Thank you so much, Emma! I’ll pick it up soon. caller: No problem."
"caller: Hi, this is Jackson from Party Supply Rentals. You still have the folding chairs on order for Friday? receiver: Yes, that’s correct. caller: Great, we’ll deliver by 9 AM."
"caller: Hello, this is Rachel at Clean Sweep Housekeeping. Was your last cleaning satisfactory? receiver: Yes, great job. Thank you, Rachel. caller: Glad to hear, let us know if you need anything else."
"caller: Hi, it’s Mindy from Star Travel. Your itinerary is ready and sent to your email. receiver: Thanks, Mindy! I’ll review it and call if I have questions. caller: Anytime!"
"caller: Hello, I’m Clara from Video Vault. Your reserved DVDs are ready. receiver: Thank you, Clara—I’ll be by tonight. caller: We’ll have them at the counter."
"caller: Hi, this is Derek at Greenhouse Garden Supply. Your seed order is ready for pick-up. receiver: Awesome, Derek. See you soon. caller: We’ll have it at the register."
"caller: Good morning, it’s Jamie from Techno Computer Repair. Your laptop is ready for collection. receiver: Thanks, Jamie. Is there anything else I need to pay? caller: No, it’s all covered under warranty."
"caller: Hey, it’s Alex at Timber Homes. Your repair appointment is set for Monday at 3 PM. receiver: Thanks, Alex. I’ll be home then. caller: See you Monday!"
"caller: Hi, this is Sophia at Pet Groomers. Your dog Bella is ready to go home. receiver: Thank you, Sophia! I’ll come right over. caller: Bella’s waiting with a bow."
"caller: Hello, I’m John at Artisans’ Market. The pottery bowl you ordered is available for pick-up. receiver: Wonderful, John. I’ll stop by tomorrow. caller: We’ll hold it for you."
"caller: Hi, this is Karen at Floral Expressions. Your bouquet delivery is scheduled for noon today. receiver: Thank you, Karen. I’ll be waiting for it. caller: You’re welcome."
"caller: Good morning, this is Edwin from the village hall. Your recycling sticker is ready for pick up. receiver: Thanks, Edwin. I’ll come by this week. caller: See you then."
