dialogue
"caller: Hi, this is Natalie from Bergen Library. I’m calling to let you know the book you reserved is available for pick-up.   receiver: Oh, that’s great! What are your opening hours today?   caller: We’re open until 8 pm. You can pick it up anytime before then.   receiver: Perfect, I’ll be there this afternoon. Thanks!"
"caller: Good morning, is this Mr. Patel?   receiver: Yes, speaking.   caller: I’m from Dr. Carter’s office. You’re scheduled for an appointment tomorrow at 10 am.   receiver: Thank you for reminding me! I’ll see you then."
"caller: Hi, this is Tom with the neighborhood watch. There’s a street closure on Maple Avenue tonight for maintenance.   receiver: Oh, thanks for letting us know. Will it affect parking?   caller: Yes, unfortunately. No street parking on Maple from 9 pm to 6 am.   receiver: Good to know, I’ll make sure to park elsewhere."
"caller: Hello, this is Aria from Green Thumb Gardens. Your spring plants are ready for pickup.   receiver: Wonderful! I’ll come by this weekend. Can I pay at the counter?   caller: Absolutely. We accept all major cards and cash.   receiver: See you soon, thank you!"
"caller: Hi Jennifer, it’s Sam. Just wanted to confirm our dinner plans tonight at El Camino at 7?   receiver: Hey Sam! Yes, 7 pm works great. Should I make a reservation?   caller: I’ve already booked us a table. See you there!   receiver: Awesome, looking forward to it."
"caller: Good afternoon, this is Rachel from Grantham Elementary School. I’m calling regarding your son’s field trip tomorrow.   receiver: Hi Rachel, is there a change?   caller: Just a quick reminder—the bus leaves at 8 am sharp and lunch is provided.   receiver: Got it, I’ll make sure he’s on time. Thanks for the reminder!"
"caller: Hey Dad, did you want me to pick up groceries after work today?   receiver: That would be great. Just the usual items—milk, eggs, and bread.   caller: Alright, I’ll grab those and be home by 6.   receiver: Thanks, drive safe!"
"caller: Hello, Sarah! This is Beth from the gym. I noticed you missed yesterday’s spin class.   receiver: Hi Beth! Yeah, I wasn’t feeling well but I’ll be there on Friday.   caller: No worries, we look forward to seeing you back!   receiver: Thanks for checking in."
"caller: Hi Mrs. Long, this is Tyler from Tech Solutions. Your computer is ready for pickup.   receiver: Oh, fantastic! Did you manage to recover my files?   caller: Yes, your files are secure and everything is working smoothly now.   receiver: That’s such relief, thank you so much."
"caller: Hello, is this Linda?   receiver: Yes, who’s this?   caller: This is Joe from Parkside Vet. Bailey’s annual vaccines are due next week.   receiver: Thank you, Joe. I’ll call to schedule an appointment.   caller: We’ll be glad to see you both."
"caller: Hi Anjali, it’s Grace. Are we still meeting for coffee this afternoon?   receiver: Yes, I’ll see you at 3 at Midtown Café, right?   caller: That’s perfect. Text me if you’re running late.   receiver: Will do, see you soon!"
"caller: Hi, this is Cindy from FreshMart. Just confirming your grocery delivery for today between 2 and 4 pm.   receiver: Thank you, Cindy. I’ll be home during that time.   caller: Great, we’ll text when we’re on our way.   receiver: Appreciate it!"
"caller: Hello Mr. Woo, this is Alex from City Bank. Your new debit card is now available for pickup.   receiver: That’s great news. Is there anything I should bring when I come in?   caller: Just a photo ID, and we’ll activate the card for you at the branch.   receiver: Thank you, Alex. I’ll come by tomorrow."
"caller: Hi, is this the Nguyen residence?   receiver: Yes, how can I help you?   caller: This is Margo with Waste Collection Services. Pickup will be delayed one day this week due to the holiday.   receiver: Thank you for calling. We’ll keep the bins out a day later."
"caller: Hey Mark, this is Ella from your cycling club. Are you joining the ride this Saturday?   receiver: Hey Ella! Yes, I’ll be there. Still meeting at the park at 8?   caller: Exactly. Looking forward to it!   receiver: Me too, thanks for the reminder."
"caller: Good afternoon, Dr. Lane’s office calling for Mr. Harris.   receiver: Speaking.   caller: Just a reminder: please fast for 12 hours before your blood test tomorrow morning.   receiver: Will do. Thanks for letting me know."
"caller: Hi Mom, are you free to watch the kids for an hour this evening?   receiver: Sure, what time do you need me?   caller: Around six, if possible.   receiver: That’s fine, I’ll see you then!"
"caller: Hello, this is Mark calling from Techies United. Your service request is complete.   receiver: That was quick, thank you!   caller: We replaced the hard drive and updated your software.   receiver: Excellent, I’ll pick it up tomorrow."
"caller: Hey Anna, it’s Rachel. Do you want to carpool to the meeting tomorrow?   receiver: Sure, that would be great. What time are you leaving?   caller: I’ll pick you up at 8:15.   receiver: See you then, thanks!"
"caller: Hi Matt, this is Olivia from New Dawn Cleaners. Your dry cleaning will be ready tomorrow afternoon.   receiver: Fantastic, thanks for letting me know.   caller: Is 4 pm convenient for pickup?   receiver: Yes, I’ll be there."
"caller: Hi Mr. Davis, Susan from DentalWorks here. Just confirming your appointment Thursday at 3 pm.   receiver: Thank you, Susan. That’s still good for me.   caller: Great, we look forward to seeing you then."
"caller: Hello Mr. Schmidt, this is Helen from the housing association. The water will be off briefly tomorrow from 2-3 pm for repairs.   receiver: Thanks for the heads up. Will it affect every apartment?   caller: Only the first three floors.   receiver: Understood, I’ll plan accordingly."
"caller: Hello, this is Peter from Northside Pharmacy. Your prescription refill is ready for pickup.   receiver: Thank you, Peter. Can I come by after 6 pm?   caller: Absolutely, we’re open until 8.   receiver: Perfect."
"caller: Hi Amy, this is Megan. Sorry to bother you at work—are you still bringing dessert to game night on Friday?   receiver: Hi Megan! Yes, I’m making brownies.   caller: Perfect, everyone will love that.   receiver: Great, see you then!"
"caller: Hey, it’s your neighbor Jake. Did you want me to collect your mail while you’re away?   receiver: That would be so helpful, thank you!   caller: No problem, I’ll grab it each day.   receiver: Really appreciate it, Jake."
"caller: Good morning, Karen from Patterson Realty here. I’m confirming your viewing tomorrow at 10 am.   receiver: Thank you, Karen. I’ll be there on time.   caller: Great, see you tomorrow!"
"caller: Hi, is this Emily?   receiver: Yes, who’s this?   caller: This is Andrew from City Gym. Your free trial expires in two days. Interested in a membership?   receiver: Yes, I’d like to discuss options.   caller: Fantastic, I’ll send some info to your email."
"caller: Hello, this is Veronica from Happy Paws Pet Boarding. Luna’s daycare report: she played well and ate all her lunch.   receiver: Thank you for the update!   caller: Anytime, and let us know if you have special requests for tomorrow.   receiver: Will do."
"caller: Hi, this is Phil calling from The Book Nook. We received your order and it’s ready for pickup.   receiver: That was quick! I’ll stop by this afternoon.   caller: Sounds great, we’re open till 7.   receiver: Thanks for calling."
"caller: Hi Mrs. Reed, Jennifer from the township office. We’re conducting a survey about local parks. Do you have a minute?   receiver: Sure, I’m happy to help.   caller: Thank you! First question: which park do you visit most often?"
"caller: Hello, this is Sam from North High School. I’m calling to let you know your daughter made the debate team!   receiver: Wow, that’s fantastic news! She’ll be thrilled.   caller: We’ll send more details home tonight.   receiver: Thank you so much."
"caller: Hi, Sophie! This is Laura. Did you want to join me for a yoga class tonight?   receiver: That sounds great, what time is it?   caller: It starts at 6:30.   receiver: I’ll be there!"
"caller: Hello, this is David from City Water Department. We’re conducting routine maintenance in your area next week.   receiver: Will water be shut off for a long time?   caller: Only for about two hours, likely Tuesday morning.   receiver: Thank you for letting me know."
"caller: Hi, Susan. Are we still on for the meeting this afternoon at 2?   receiver: Yes, I’ll be there. Looking forward to it.   caller: See you soon!"
"caller: Good evening, this is John from Brookside Florist. We have a flower delivery for you.   receiver: Oh, lovely! You can leave them at the front desk if I’m not home.   caller: Will do."
"caller: Hi, Kathy from the city’s transportation department. Do you have any feedback on the new bus schedule?   receiver: Actually, yes. The 8:15 bus now comes too late for me to get to work on time.   caller: I’ll pass that feedback on to our planning team. Thank you."
"caller: Hello, is this Rachel?   receiver: Yes, who’s calling?   caller: This is Tim from Oakwood Animal Shelter. Bella’s adoption papers are ready.   receiver: Wonderful! What do I need to bring?   caller: Just a photo ID, and we’ll finalize everything when you arrive."
"caller: Hi, it’s Lila from the bakery. You ordered a cake for Saturday—what time would you like to pick it up?   receiver: Noon works best for me.   caller: Great, we’ll have it ready by then.   receiver: Thank you!"
"caller: Good morning, it’s Colin from Fitzgerald Travel. Your itinerary has been updated.   receiver: Thanks, Colin. Did my flight change?   caller: Just by twenty minutes later. I’ll email you the details.   receiver: Perfect."
"caller: Hey Uncle Rob, it’s Tim. Aunt Marie’s surprise party is still on for Saturday, right?   receiver: Yes, but come by at 3 so we’re ready before she arrives.   caller: Got it, I’ll bring the drinks.   receiver: Thanks, Tim."
"caller: Hello Mr. Baker, this is Sonia from Dental Care. Please remember not to eat for two hours after your cleaning today.   receiver: Thank you, Sonia. Always forget that part.   caller: Glad to remind you. Have a great day!"
"caller: Hi, it’s your neighbor Priya. Did you want to borrow my ladder for your project this weekend?   receiver: That would be awesome, thanks so much!   caller: No problem, stop by anytime Saturday."
"caller: Hello, this is Amber from City Pet Grooming. Rufus’s grooming is finished and he’s ready for pickup.   receiver: Perfect, I’ll be there in fifteen minutes.   caller: We’ll see you soon!"
"caller: Hi, this is Ashley from Grandview Theater. You left your umbrella here last night.   receiver: Oh! Thank you for calling. I completely forgot.   caller: You can pick it up from the box office anytime.   receiver: Great, I’ll be by after work."
"caller: Good afternoon, this is Matt from Wheeler Appliance Repair. Your refrigerator part has arrived.   receiver: Wonderful! When can we schedule installation?   caller: How about Thursday afternoon?   receiver: That works for me. Thank you."
"caller: Hello, this is Isabelle from Alton Elementary. We’re seeking volunteers for the school carnival.   receiver: I’d be happy to help. What do you need?   caller: We need parents for setup and running games.   receiver: Count me in for Saturday morning."
"caller: Hi, it’s Emily from the art class. Are you bringing your own supplies tomorrow?   receiver: Yes, I’ll bring everything. See you then!   caller: Looking forward to it."
"caller: Hey Jake, do you need a ride to soccer tonight?   receiver: That would be great, my parents are busy.   caller: No problem, I’ll pick you up at 5:30.   receiver: Thanks a lot!"
"caller: Good morning, Chris with Lakeside Pharmacy. We processed your prescription, and it’s ready.   receiver: Thanks for letting me know. I’ll swing by after work.   caller: We’ll have it waiting for you."
"caller: Hi, this is Sandra from Kids’ Corner. Your daughter’s lunch box was left in the classroom.   receiver: Thanks, I’ll come pick it up after work.   caller: No worries, we’ll keep it at the front office."
"caller: Hello, this is Ron from the electricity board. We’ll be performing maintenance in your area. Expect an outage from 1 to 2 pm.   receiver: Thank you for informing us. I’ll plan accordingly."
"caller: Hi this is Louise from Eastside Clinic. Are you still coming for your 2 pm appointment?   receiver: Yes, I’m just leaving the house now.   caller: See you soon!"
"caller: Hello, this is Jasmine from Lake Realty. The viewing you scheduled for Thursday is confirmed.   receiver: Thank you, Jasmine. Looking forward to it.   caller: Let us know if you have any questions."
"caller: Hi, it’s Ben from the band. We have a practice change—meeting at 7 instead of 6:30.   receiver: Thanks for letting me know, Ben. I’ll see you at 7.   caller: Bring your new sheet music!"
"caller: Good afternoon, this is Nancy from Petal Pushers Florists. Do you want your bouquet delivered or will you pick it up?   receiver: Delivered, please.   caller: And what’s a good time?   receiver: Between 10 and noon works best."
"caller: Hello, this is Shane from Walker Insurance. Do you have time to discuss policy renewal this week?   receiver: Hi Shane, sure. How about Wednesday afternoon?   caller: That works—I’ll call you then."
"caller: Hey, it’s Olivia. Can you watch my dog on Friday night?   receiver: Of course! Happy to have him over.   caller: Thank you so much!"
"caller: Hi, this is Eric from Clean Sweep Chimney. Your cleaning is set for Friday at 11 am.   receiver: Thank you, Eric. See you then.   caller: Looking forward to it."
"caller: Hello, this is Marsha from the community center. We’ve got a spot open in toddler swim lessons.   receiver: Fantastic, I’d love to sign up.   caller: We’ll send you the details via email."
"caller: Good evening, Mr. Lee, this is Sarah from Family Dental. Are you able to confirm your appointment for Monday at 3?   receiver: Yes, that works for me.   caller: Thank you, see you then."
"caller: Hi Jill, it’s Mark. Can you cover my shift Thursday night?   receiver: Sure, I can do that. Want me to tell the manager?   caller: Yes, thanks so much."
"caller: Hey, Sarah from Main Library. Your reserved DVD is ready for pickup until Saturday.   receiver: Great, I’ll pick it up tomorrow.   caller: We’ll hold it for you."
"caller: Hello, is this Bryan?   receiver: Yes, who’s calling?   caller: This is Leah from Vista Car Rental. Returning your call about the rental extension.   receiver: Yes, I’d like to extend for two more days.   caller: I’ve updated the reservation."
"caller: Hi, this is Lisa from Schoolhouse Photos. Your order is ready for pickup.   receiver: Thanks, Lisa! Can I come by today around 4?   caller: Absolutely, see you then."
"caller: Good afternoon, Marty from Corner Market. We’re out of organic strawberries but have conventional if you’d like to switch.   receiver: Thanks for letting me know! Go ahead and switch to conventional.   caller: Will do."
"caller: Hey, it’s Dylan. You left your backpack at my house last night.   receiver: Oops! I’ll grab it on my way home.   caller: No rush, I’ll leave it by the front door."
"caller: Hi, Joanne. This is Rachel from the book club. Are you able to host next month’s meeting?   receiver: Sure, I’d be happy to!   caller: Thanks, I’ll let the group know."
"caller: Hello, it’s your cousin Elaine. Are you coming to the family picnic this Sunday?   receiver: Yes, and I’m bringing dessert.   caller: Awesome, can’t wait to see you."
"caller: Hi Mr. Brown, Mandy from Fitness Center here. Are you interested in renewing your membership?   receiver: Yes, I’d like to renew for another year.   caller: Wonderful, we’ll send you the forms today."
"caller: Good afternoon, this is Lee from the bakery. There’s a slight change to your cake order—okay to switch the filling?   receiver: No problem, go ahead.   caller: Thank you for understanding."
"caller: Hey, it’s Karen. Are you still selling your bicycle?   receiver: Yes, it’s still available.   caller: Can I come see it tomorrow?   receiver: Sure, what time works?   caller: How about 5 pm?   receiver: That’s perfect."
"caller: Hi, this is Drew from Quality Repairs. The part for your washing machine is on back order.   receiver: Thank you for updating me, Drew. Any estimate on arrival?   caller: About five more days. I’ll let you know as soon as it arrives."
"caller: Hello, this is Gina from Pawsitive Grooming. Murphy’s bath is done.   receiver: Thank you, Gina! I’ll be there in ten minutes.   caller: We’ll have him ready for pickup."
"caller: Hi, is this Josh?   receiver: Yes, who’s calling?   caller: This is Max from City Moving. I wanted to confirm your moving date for the 15th.   receiver: Yes, the 15th is correct.   caller: We’ll send you a reminder the day before."
"caller: Good morning, Cheryl from YourGreenYard. Scheduled your lawn service for Friday at 10.   receiver: Thank you, Cheryl. I’ll make sure the gate is unlocked.   caller: Appreciate it!"
"caller: Hey, it’s Lila. Did you want me to bring snacks for tomorrow’s meeting?   receiver: That would be great, Lila. Thanks for offering!   caller: No problem, see you then."
"caller: Hello, it’s Rob from CarTech. Your car is ready for pickup.   receiver: Perfect, was everything fixed?   caller: Yes, and the oil was changed too.   receiver: Thanks for the extra service."
"caller: Good afternoon, this is Emily from The Learning Tree. We need updated emergency contacts for your child.   receiver: I’ll send the new numbers later today.   caller: Thank you, we appreciate it."
"caller: Hi, this is Kate from Northside Dental. Can you confirm your cleaning appointment for Friday at 9?   receiver: Yes, that still works for me.   caller: See you Friday!"
"caller: Hello, this is Alex from Happy Trails. Your bike is ready for pickup and tune-up is complete.   receiver: Awesome! I’ll come by after work.   caller: We’ll have it waiting."
"caller: Hi, Gary from the Historical Society here. Are you available to help with the archives next Monday?   receiver: Yes, I can do Monday morning.   caller: Fantastic, see you then."
"caller: Hey, it’s Margaret. Are we still on for hiking this weekend?   receiver: Yes! I’ll bring snacks and water.   caller: Awesome, let’s meet at the trailhead at 9?"
"caller: Hello, this is Fiona from Pure Clean Laundry. Your clothes are ready for pickup.   receiver: Thank you for calling, Fiona. I’ll stop by soon.   caller: We’ll be here until 6."
"caller: Hi, it’s Daniel from the hardware store. Your special order has arrived.   receiver: Wonderful! I’ll be there this afternoon.   caller: Great, just ask for me at the counter."
"caller: Hello, Lucy from City Gallery. You won two free tickets to our exhibit.   receiver: Oh, that’s wonderful! How do I claim them?   caller: Just bring your ID to the ticket desk."
"caller: Hi Mrs. Lee, it’s Jordan from the school office. Just letting you know the PTA meeting was rescheduled for Thursday.   receiver: Thank you, Jordan. What time?   caller: 6 pm in the library."
"caller: Good morning, this is Alicia at the post office. You have a package waiting for pickup.   receiver: Thank you, Alicia. I’ll come by on my lunch break.   caller: We’ll have it ready."
"caller: Hi, is this the Smith family?   receiver: Yes, who’s calling?   caller: This is Maria from the local scout troop. Amanda left her jacket at camp.   receiver: Thanks, we wondered where it went!"
"caller: Hello, this is Preston from the community pool. Swimming lessons on Saturday are moved to 11 am.   receiver: Thank you for letting me know. We’ll adjust our plans."
"caller: Hello, Mary from Little Sprouts Daycare. Your son helped clean up today and was a great helper.   receiver: That makes me so happy to hear! Thanks, Mary."
"caller: Hi, it’s Tom from Sunny Cleaners. We found a pair of sunglasses in your laundry.   receiver: Those are mine! I’ll pick them up with my laundry.   caller: We’ll keep them safe."
"caller: Good afternoon, this is Tanya at Central Veterinary Clinic. Luna’s lab results are back and look great.   receiver: Wonderful news! Thanks for letting me know.   caller: Call us if you have more questions."
"caller: Hi, Jenn from the dance studio here. Are you joining tap class next week?   receiver: Yes, looking forward to it!   caller: We’ll reserve your spot."
"caller: Hello, this is Bryan from Downtown Deli. You left your credit card with us earlier.   receiver: Oh my goodness, thank you for calling. I’ll pick it up after work.   caller: We’ll have it at the register for you."
"caller: Hi, it’s Angie from The Plant Place. Are you still interested in the fiddle leaf fig tree?   receiver: Yes, do you have one in stock?   caller: We just got a new shipment.   receiver: Great, I’ll come by."
"caller: Good morning, this is Lisa from Riverbank Apartments. The elevator is out for repairs until Friday.   receiver: Thank you for letting us know. We’ll use the stairs in the meantime."
"caller: Hi, it’s Joel calling from the orchestra. Can you play cello for Sunday’s concert?   receiver: I’m available, Joel. What time is rehearsal?   caller: Saturday at 10.   receiver: See you then."
"caller: Hello, Maggie with City Center Grocery. Wanted to let you know we have a sale on the apples you like.   receiver: Oh, thanks for the heads up! I’ll come by later today."
"caller: Hi, it’s Paul from The Bike Shop. Your order for the new helmet is in.   receiver: Great, I’ll pick it up on my way home.   caller: See you soon."
"caller: Hello! This is Carla from the League of Women Voters. We’re inviting you to our weekly meeting Thursday.   receiver: Thank you for the invitation, Carla. What time does it start?   caller: At 7 pm, in the community hall.   receiver: I’ll be there."
"caller: Hi, it’s Michelle from Dress Express. Your alterations are complete.   receiver: Thank you, Michelle! I’ll pick up my dress this afternoon.   caller: Looking forward to seeing you."
"caller: Hello, Jeff from Green Cleaners. You left your reusable bag here.   receiver: Thanks for holding it, Jeff. I’ll grab it next time I’m in.   caller: Not a problem!"
"caller: Good morning, Mr. Adams. It’s Sheila from Town Hall. We’re confirming your attendance for the council meeting tonight.   receiver: Yes, I’ll be there at 7.   caller: Thank you for confirming."
"caller: Hi, Don from Galaxy Games here. Your pre-order is ready for pickup.   receiver: Awesome! I’ll come in after work.   caller: We’ll hold it for you until closing."
"caller: Hello, this is Patricia from Southeast Plumbing. Are you still available for service this Thursday?   receiver: Yes, Thursday works.   caller: We’ll arrive sometime between 8 and 10 am.   receiver: Sounds good. See you then."
