dialogue
"caller: Hi, is this Mr. Foster? receiver: Yes, speaking. caller: Hi Mr. Foster, this is Sarah from the auto repair shop. Your car is ready for pickup whenever you’re available. receiver: Oh, great! What were the total charges? caller: The repairs came to $320.36, same as we estimated. receiver: Perfect. I’ll stop by this afternoon. Thank you!"
"caller: Good afternoon, this is Emily from Dr. Jensen’s office. We wanted to confirm your appointment for tomorrow at 10 am. receiver: Thank you, yes, that's correct. I'll be there at 10. caller: Great, please remember to bring your insurance card. receiver: Will do. Thanks!"
"caller: Hey, Tim, did you remember to grab the blueprints from the printer? receiver: Oops, I actually forgot. Are you in the office now? caller: Yes, I'll grab them and put them on your desk. receiver: Awesome, thank you so much."
"caller: Hello, this is Susan from City Library. I'm calling about the book you have on hold. receiver: Oh, which book is that? caller: “Where the Crawdads Sing” — it’s available for you at the front desk. receiver: Fantastic, I’ll come pick it up after work. caller: Perfect, we’ll hold it for you till end of day tomorrow."
"caller: Hi, James, it’s Anna. Are we still on for dinner tonight? receiver: Yes, definitely. Where should we meet? caller: Let’s meet at Café Alina at seven? receiver: Sounds good! See you then."
"caller: Good morning, Mr. Davis. This is Janine from Summit Realty. I wanted to confirm your viewing for the Elm Street property. receiver: Yes, I’ll be there at noon. Anything I should bring? caller: Just your ID. Looking forward to seeing you! receiver: Thank you, Janine."
"caller: Hi Mom, it’s me. I just wanted to let you know I landed safely. receiver: Oh, thank goodness! How was your flight? caller: It was a little bumpy, but not too bad. I’ll call you once I get to the hotel. receiver: Please do. Love you."
"caller: Hello, this is Jenny from Barkly Veterinary. Patch’s medication is ready for pickup. receiver: Wonderful, thank you. I’ll swing by after work. caller: We close at 6 tonight. receiver: Perfect, I’ll make it."
"caller: Is this Mrs. Gordon? receiver: Yes, speaking. caller: This is Karen at Maple Elementary. Thomas left his lunchbox here. receiver: Oh, I’ll come get it now. Thank you so much for letting me know!"
"caller: Hi, this is Lauren from Sunrise Cleaners. Your suits are ready for pickup. receiver: Great, thank you! What time do you close today? caller: We’re open until 7 pm tonight. receiver: I’ll be there before then."
"caller: Hey, Kevin, did you want coffee? I’m making a run to the café. receiver: Oh, that’d be awesome! Could you grab me a latte? caller: Sure, any flavor or just plain? receiver: Just plain is fine. Thanks!"
"caller: Hello, this is Officer Ramirez from the local police department. I’m returning your call about the lost wallet. receiver: Thank you, officer. Has anyone turned it in? caller: Yes, we have it here at the station—just need you to confirm the contents. receiver: Absolutely. Thank you so much!"
"caller: Hi, this is Michael from Landon’s Pharmacy. Just calling to let you know your prescription for Lisinopril is ready. receiver: Great, can I pick it up this evening? caller: Absolutely, we’re open until 8. receiver: Thank you!"
"caller: Good evening, this is Steve with the HVAC company. Just letting you know your technician will arrive between 10 and 11 AM tomorrow for the maintenance visit. receiver: Thank you for letting me know. I'll be home. caller: Great—we look forward to serving you."
"caller: Hello, Ms. Patel, it’s Peter from Anderson Law. Your documents are ready for review. receiver: Thank you, Peter! Can I come by around 3 pm? caller: That works perfectly. See you then."
"caller: Hi Linda, it’s your neighbor Sharon. Your package got delivered to my place again. receiver: Oh, thanks so much! I’ll come by and pick it up later. caller: No worries at all; I’ll leave it by my door."
"caller: Hey, Adam, did you get the email about the team meeting tomorrow? receiver: Hey! Yes, I did. It's at 9, right? caller: Yes, in Conference Room B. receiver: Sounds good, see you then."
"caller: Hello, this is Sara from Perfect Paws Grooming. I’m confirming Fluffy’s grooming appointment for tomorrow at 11 a.m. receiver: Thanks for the reminder. We’ll be there. caller: Great, see you tomorrow!"
"caller: Hi, Mr. Lee, this is Katie at the rec center. The pool will be closed next week for maintenance. receiver: Thanks for letting me know. I’ll adjust my schedule. caller: Sorry for the inconvenience! receiver: Not a problem."
"caller: Good morning, I’m calling from Bright Future Tutoring about Sarah’s lesson this Saturday. receiver: Yes, is it still at 11 a.m.? caller: That’s correct—our tutor, Ms. Granger, will be ready. receiver: Thank you!"
"caller: Hi Mark, it’s Erica from the bike shop. Your bicycle is ready for pick up after the brake replacement. receiver: That’s great. What’s the total for today? caller: It’s $47.50, including parts and labor. receiver: Awesome, see you soon."
"caller: Hello, is this Jennifer? receiver: Yes, this is she. caller: I’m calling from Green House Plants. Your succulent order is ready for pick-up. receiver: Thank you, I’ll come by this afternoon."
"caller: Hey, Dad. I just wanted to let you know the dentist went fine. receiver: Glad to hear it! Did you have any cavities? caller: Nope, just a cleaning. receiver: Good job, kiddo."
"caller: Good afternoon, this is Victor from Downtown Bank. I’m following up regarding your request for new checks—they should arrive within 7-10 business days. receiver: Thank you. Do I need to do anything else? caller: No, you’re all set!"
"caller: Hi Alyssa, it’s Josh from the hiking club. Are you joining us for the trail walk Saturday? receiver: Yep, I’ll be there! What time is the meet-up? caller: 8:00 AM at the north entrance."
"caller: Hello, I’m calling from Smith Hardware. Your custom order is ready for collection. receiver: Great, I’ll be there after lunch. caller: Thank you, we’ll have it at the counter for you."
"caller: This is Tracy from Dr. Harrison’s office. We need to reschedule your appointment. receiver: Oh, sure. What are the options? caller: We have Wednesday at 2 or Friday at 10. receiver: Let’s go with Friday. caller: All set!"
"caller: Hi, this is Megan with the animal shelter. Just updating you on Max’s adoption status. receiver: Thanks! Any news? caller: Yes, you’re approved! You can pick Max up tomorrow. receiver: Fantastic!"
"caller: Hello Mr. White, this is Alex at Sunrise Travel. Your flight itinerary has changed—your departure is now at 3:30 PM instead of 2:00 PM. receiver: Thanks, Alex. I’ll adjust accordingly."
"caller: Hey, is this Mary? receiver: Yes, who’s this? caller: This is Zoe from the PTA. I wanted to remind you about the bake sale volunteers’ meeting on Thursday. receiver: Oh, thanks—what time is that again? caller: 5:00 PM in the multipurpose room."
"caller: Good morning, Mrs. Colson, this is Daniel from Oakwood Cleaners. We found an earring in one of your coat pockets. receiver: Oh my, I’ve been looking for that! Thank you for calling."
"caller: Hello, this is Janet from Riverside Florist. Your Mother’s Day arrangement is ready. receiver: Thank you! My husband will pick it up this afternoon. caller: We’ll have it waiting for him."
"caller: Hi, this is Alan from the community center. Just letting you know yoga class is cancelled tonight due to the storm. receiver: Thanks for the heads up. Will it be rescheduled? caller: Yes, we’ll email everyone with updates."
"caller: Hi Fiona, it’s Emily. I found your phone charger in the office. receiver: Oh, thank you! I was wondering where I left it. caller: I’ll leave it on your desk in the morning."
"caller: Good afternoon, this is Mark from Northside Pharmacy. One of your prescriptions is due for a refill—would you like us to process it now? receiver: Yes, please. Is it for my heart medication? caller: Correct, I’ll have it ready for you by tomorrow."
"caller: Hey, Max, are you available for a quick call about the marketing project? receiver: Sure, now works for me. Should I call you or are you calling me? caller: I’ll call you in two minutes."
"caller: Hi, Mr. Rios. This is Sam at Union Bookstore. The book you ordered has arrived. receiver: Thanks, can I pick it up today? caller: Absolutely, anytime before 6 pm."
"caller: Hello, this is Lisa from the city water department. We’re alerting customers about planned maintenance on Thursday between 9 am and noon. receiver: Thank you for letting me know. Will service be interrupted? caller: Yes, possibly for about an hour."
"caller: Hey, Susan, it’s Mike. Did you want a grilled or a fried chicken sandwich for lunch? receiver: Probably grilled. Can you get extra lettuce? caller: Will do! Be back soon."
"caller: Hi Mrs. Anders, this is the optometry office. Your contact lenses are ready. receiver: Thank you! I’ll get them after work today."
"caller: Good morning, this is Jordan from Starlight Travel. Your passport renewal documents have arrived. receiver: Great! When can I pick them up? caller: Our office is open until 5:30 today."
"caller: Hi, it's Charlie from Whiskers Boarding. Just checking if you want to confirm Daisy’s stay this weekend. receiver: Yes, absolutely. All the same info as last time. caller: Sounds good, we are looking forward to seeing her."
"caller: Hello, Mr. Kipling. I’m calling from Crestwood Bakery. You won our monthly bread basket! receiver: Wow, really? That’s great news. How do I collect it? caller: Just stop by the shop anytime this week."
"caller: Hi, this is Brenda from the dental clinic. I wanted to check if you’d like to reschedule your missed cleaning. receiver: Yes, please. What do you have available next week? caller: We have Tuesday at 11 or Thursday at 2. receiver: Tuesday is perfect."
caller: Good afternoon. This is Matt from the Moving Company. We’re confirming your move for next Saturday at 8:00 AM. receiver: That’s correct. Is there anything I need to do beforehand? caller: Just have everything packed by the night before.
"caller: Hello, Jane, this is Peter from Northside Nursery. Your plant delivery will arrive between 2 and 4 tomorrow. receiver: Thank you, Peter. I’ll be home."
"caller: Hi Kelly, it’s Amy from the gym. Your class with Coach Dylan is starting in 10 minutes. receiver: Thanks for the reminder. I’ll head over now."
"caller: Hi, this is the post office. We have a parcel for you requiring your signature. receiver: I’ll swing by after 4. Thank you for calling! caller: We close at 5:30 today."
"caller: Hello, Dr. O’Connor’s office calling to confirm your lab appointment on Monday at 8:20 am. receiver: Got it, I’ll be there. caller: Perfect! Thank you for confirming."
"caller: Hey Juan, it’s Ben. Did you manage to finish the design mockups? receiver: Yes, I sent them to your email about an hour ago. caller: Awesome, I’ll take a look and send feedback."
"caller: Hello, this is Laura from Homestead Realty. I was wondering if you’d had time to think about our listed apartment. receiver: Yes, I have. I’m interested in scheduling a second tour. caller: Wonderful, when works for you?"
"caller: Hi, I’m calling from Central Animal Care. Luna’s yearly vaccines are due—would you like to schedule an appointment? receiver: Yes, please. Do you have openings this Friday? caller: Yes, at 2:30 pm. receiver: That works!"
"caller: Good morning, Ms. Clark. This is Andy from the cable company. We finished repairing the connection in your area. receiver: That’s wonderful. The internet should be back now, right? caller: Yes, you should be good to go."
"caller: Hey Chris, it’s Mike. Just wanted to check if you still need help moving this weekend? receiver: Yes, I’d appreciate it. Saturday’s best. caller: Perfect, I’ll be there at 9."
"caller: Hello, this is the Office of Student Records. I’m calling to confirm your request for a transcript. receiver: Yes, I need it sent to Tech University. caller: No problem, we’ll mail it out today."
"caller: Hi Rita, it’s Nancy. Just double checking—did you still need a ride to the airport tomorrow morning? receiver: Yes, please. My flight’s at eight. caller: I’ll pick you up at five thirty!"
"caller: Good evening, this is Hal from Rose Garden Apartments. I wanted to update you that your maintenance request is scheduled for Wednesday. receiver: Thank you! What time will the crew arrive? caller: Between 10 and noon."
"caller: Hi, this is Kate from the book club. We’re meeting at my house next Friday instead of the library. receiver: Thanks for letting me know. What should I bring? caller: Just your copy of the book!"
"caller: Hello Mr. Hyland, I just wanted to remind you about your son’s parent-teacher meeting at 4 tomorrow. receiver: Thank you, I’ve got it on my calendar. caller: See you then!"
"caller: Hey, this is Ted at the pizza shop. You left your wallet here. receiver: Oh man, thank you for calling! I’ll come pick it up right now."
"caller: Good morning, Ms. Santiago. This is Barnes Clinic calling. We received your lab results, and the doctor will call to discuss them at 2 pm today. receiver: Thank you for letting me know."
"caller: Hi, it’s Matt from the tech store. Your laptop is ready for pickup. receiver: Great! I’ll come by during my lunch break."
"caller: Hello, this is Kelly, the school nurse. I’m calling because your daughter isn’t feeling well and should be picked up. receiver: I’ll head over now. Thanks for calling."
"caller: Hi, is this Lisa? receiver: Yes, it is. caller: Lisa, your dry cleaning is ready for pick-up. receiver: Perfect, I’ll be there this afternoon."
"caller: Hey, this is Jake. Do you still have tickets left for tomorrow’s concert? receiver: Yes, I have two left. caller: Great—I’ll take them! How should I pay you?"
"caller: Hello, this is Lily from Eden Floral. Just confirming your wedding flowers order for next Saturday is all set. receiver: Thank you so much, Lily! Looking forward to it."
"caller: Good evening, this is Kevin from Pinewood Apartments. There will be scheduled fire alarm testing tomorrow morning. receiver: Thanks for letting me know. How long will it last? caller: About an hour."
"caller: Hi Emily, this is Raj from CarGo Rentals. I wanted to confirm your car return tomorrow. receiver: Yes, I’ll be there by 10 am. caller: Drive safe!"
"caller: Hello, this is Sandra from the pet store. Your fish tank order has arrived. receiver: Awesome, I was waiting for it. I’ll be there after noon."
"caller: Hi, I’m Alice from Midtown Yoga. Your first class is free—are you coming tonight? receiver: Yes! What time should I be there? caller: 6:30 pm—just bring a mat."
"caller: Good morning, Mr. Brown. This is Angela from Clean & Shine. Just wanted to confirm your house cleaning for Friday at 9. receiver: Yes, that’s fine. Thank you for confirming."
"caller: Hi, this is Tony from Bella’s Bakery. Did you want your regular croissant order today? receiver: Yes, please. I’ll come pick them up at 8:30."
"caller: Hello, this is the pharmacy. We noticed you have a medication due for refill. Would you like us to process it? receiver: Yes, thank you for the reminder."
"caller: Hi, it's Greg with the soccer league. The game is postponed due to rain. receiver: Okay, thanks for the update."
"caller: Good afternoon, this is Beth from ThriftSmart. You left a pair of sunglasses here yesterday. receiver: Oh, thank you for saving them! I’ll pick them up today."
"caller: Hey, Bridget, it’s Laura from down the hall. I found your mail in my box. receiver: Thanks for letting me know. I’ll grab it from you after work."
"caller: Hi, it’s Mrs. Hall from the daycare. Charlie seems to have a slight fever. receiver: Thanks for calling. I’ll come pick him up early."
"caller: Hello, this is Smart Insurance Agency. Just reminding you your payments are up to date, and your policy renews next month. receiver: Thanks for the update."
"caller: Hi Andy, your running shoes are ready for pick-up at SportStop. receiver: Awesome, thanks! I’ll come by before closing."
"caller: Hey, this is Maggie from City Art Center. We received your application for pottery class. receiver: Great! Is it confirmed? caller: Yes, see you Monday at 6."
"caller: Hello Mrs. Kim, your sewing machine is repaired and ready to collect. receiver: Thank you very much. I’ll pick it up tomorrow."
"caller: Hi, this is Rita from Healthy Eats. I wanted to let you know your weekly produce box will be delivered between 2 and 4 PM. receiver: Thank you, Rita. I’ll be home."
caller: It’s Steve at Main Street Garage. Your tire replacement is done. receiver: Thanks! I’ll come settle the bill.
"caller: Hello, Main Branch Library here. You have overdue books—do you want to extend your loan? receiver: Yes, please. Can you extend by one week? caller: Absolutely."
"caller: Hi, it’s Karen from the theatre box office. One of your season tickets was turned in at the counter. receiver: Oh, that’s fantastic. I hadn’t even noticed it was missing."
"caller: Hello, this is Brandon from Fix-It Electronics. Your phone repair is ready for pick-up. receiver: Thank you! I’ll come this afternoon."
"caller: Hey, Steve, just calling you back about the camping trip. Did you want to go for one or two nights? receiver: Probably two nights. I’ll bring extra supplies."
"caller: Hi, it’s Jenny from the kennel. Max is ready to go home anytime after 10. receiver: Wonderful, I’ll pick him up by noon."
"caller: Hello, this is Discovery Museum. Tomorrow’s children’s workshop is full, but we'd love to put you on the waitlist. receiver: Yes, please add my daughter, Zoe, to the waitlist."
"caller: Good afternoon, Anna from BikeFix here. Do you want us to perform the annual service on your mountain bike now or later this month? receiver: Let’s do it now. How long will it take? caller: About two days."
"caller: Hello, this is Lucy with the nutrition office. Your bloodwork looks good, but the doctor would like a follow-up in three months. receiver: Thank you for the update."
"caller: Hi, it’s Alan from River Rescue. The boat ramp is temporarily closed due to high water levels. receiver: Thanks for the warning. I’ll delay my trip."
"caller: Good morning, Dr. Smith’s office here. Your request for a copy of your medical records is complete. receiver: Perfect. I’ll pick them up this afternoon."
"caller: Hi, this is Chef Antonio from Sunset Bistro. Your cake for Saturday’s party will be ready at noon. receiver: Wonderful, thank you!"
"caller: Hello, this is Brenda with Grand Travels. Your final payment for the Italy tour is due in a week. receiver: Thank you for letting me know."
"caller: Hi, Bill, it’s Kat. I saw your order at the bakery—did you want gluten-free? receiver: Yes, please. Thanks for checking!"
"caller: Hello, Jane, it’s Northside School calling. Your child left their homework in class. receiver: Thank you. I’ll remind them to pick it up tomorrow."
"caller: Hi, this is Tara from StableCare. Lady is all set after her check-up. receiver: Great! I’ll come settle up today."
"caller: Hello, Alex, this is Dr. Fraser’s office. Just wanted to check how you’re feeling since your last appointment. receiver: Much better, thank you for following up."
"caller: Hi, this is Laura at the hardware store. Your special paint order has arrived. receiver: Thank you, I’ll come collect it this weekend."
"caller: This is Matt from City Utilities. A tree trimming crew will be on your street Friday. receiver: Thanks for letting us know, Matt."
"caller: Hello, it’s Kate. My flight lands at 4—can you pick me up? receiver: Of course! I’ll be at the arrivals gate with your favorite coffee."
"caller: Hey, Joe from the delivery service here. I’m running ten minutes late. receiver: Not a problem, thanks for calling ahead!"
"caller: Hi, it’s Sophia from the dentist. Did you want to schedule your six-month cleaning? receiver: Yes, do you have anything next week? caller: Wednesday at 2:00."
"caller: Good morning, this is Jonathan at Green Energy. Your installation is scheduled for Monday. receiver: Thanks, Jonathan. What time should I expect the crew? caller: Between 10 and 12."
"caller: Hello, this is the school counselor. Emily left her backpack in the office today. receiver: Thank you. I’ll pick it up after school."
"caller: Hi, this is Pam from Happy Trails. Your riding lesson is confirmed for Saturday at 11. receiver: Thank you, Pam. I’ll be there bright and early."
"caller: Hey, this is Travis at City IT. Your laptop is ready for pick-up. receiver: Thanks for letting me know! I’ll stop by after lunch."
