dialogue
"caller: Hi, this is Megan from the city library. You have a book due today. Would you like to renew it over the phone? receiver: Oh, thank you for reminding me! Yes, please renew it. I haven't finished reading yet."
"caller: Good afternoon. I'm calling from Dr. Patel's office to confirm your appointment tomorrow at 10 AM. receiver: Yes, I'm still able to come. Thank you for the reminder!"
"caller: Hello, this is Ron from Sunrise Pharmacy. Just confirming, your prescription will be ready for pick-up after 2 PM. receiver: Great, thank you. I'll come by later today to collect it."
"caller: Hi, this is Mary from the front desk. A package just arrived for you. Should I bring it up? receiver: Yes, please! I’ve been waiting for it, thank you very much."
"caller: Hey Dave, it's Eric. Have you finished the report for tomorrow’s meeting? receiver: Hi Eric! Almost done, just double-checking some numbers. I’ll send it by tonight."
"caller: Good morning! I’m calling from Greenview School. Is this Ella’s guardian? receiver: Yes, this is her mother. Is everything alright? caller: Yes, just letting you know school is closing early today due to weather. receiver: Thanks for letting me know!"
"caller: Hi, this is Julie from Town Cleaners. Your suit is ready for pickup. receiver: Awesome, thanks for the update. I’ll swing by this afternoon."
"caller: Hello, this is Carla from Oliver & Simmons. Are you still interested in scheduling an interview for Thursday? receiver: Yes, Thursday works perfectly. Thank you for following up."
"caller: Hi, it’s Anna from PetCare Clinic. Just checking how Max is doing after his vaccination yesterday. receiver: Hi Anna! He’s doing great, just a little sleepy, but no issues."
"caller: Hello! I’m with the Community Center checking if you’ll be attending tomorrow's pottery class. receiver: Yes, I’ll be there. Thank you for calling and reminding me."
"caller: Hey, it’s Tom. Did you want to carpool to the concert this weekend? receiver: That would be great, Tom. What time should I be ready?"
"caller: Good afternoon! This is Sharon from Lane Apartment Management. Do you still have a maintenance issue in your bathroom? receiver: Hi Sharon! Yes, the faucet still leaks. Should I expect someone today? caller: Yes, our plumber will be there by 3 PM."
"caller: Hi, it’s Michael calling on behalf of the volunteer food drive. Can you still help out Saturday? receiver: Absolutely, put me down for the morning shift. Thanks for organizing!"
"caller: Hello, this is Paul from Lake Dental. Wanted to confirm your appointment for next Monday at 2:30 PM. receiver: Yes, I have it on my calendar. Thank you for checking!"
"caller: Hi, I’m calling to let you know your order is ready for pickup at Sunflower Bakery. receiver: Oh, wonderful. Can I pick it up before 4 PM? caller: Yes, that’s just fine."
"caller: Hey, just got your text. You still need a ride home tonight? receiver: Yes please! My shift ends at 6, can you swing by then?"
"caller: Good evening. I’m with the HOA and wanted to ask if you'll join our neighborhood meeting next week. receiver: Yes, I think I can make it. What's on the agenda?"
"caller: Hello, this is Lisa from Casting Lane. I wanted to confirm your audition slot for Friday at 3:00 PM. receiver: Thank you for confirming! I’ll see you Friday."
"caller: Hi, I’m from Happy Tails Grooming, confirming Max’s grooming appointment for tomorrow at noon. receiver: Thanks! We’ll be there right on time."
"caller: Hi Jane, it's Ruth from your book club. Are we still meeting at your house this Sunday? receiver: Yes, that's the plan! Looking forward to seeing everyone."
"caller: Hello, it’s the Dryden Clinic. We noticed you're due for a flu shot. Would you like to schedule an appointment? receiver: Sure, I’ve been meaning to do that. When’s the next available slot?"
"caller: Hey, this is Matt from the gym. Just reminding you about your personal training session tomorrow morning. receiver: Thanks, Matt. I’ll be there at 8 as scheduled."
"caller: Good afternoon. I’m reviewing your recent application for insurance. Could you provide a copy of your driver’s license? receiver: Of course, I can email it over. Thank you for letting me know."
"caller: Hi, this is Tracy at Maple Veterinary. Your pet’s medication refill is ready for pickup. receiver: Thanks, Tracy! I’ll pick it up on my way home from work."
"caller: Hello, this is Jesse from Learning Tree Tutoring. Are you available for your session this week? receiver: Yes, I’m available Thursday at the usual time."
"caller: Hi, it’s Kendra from the flower shop. Did you want us to deliver your Valentine’s order or will you pick it up? receiver: Please deliver. Thank you for checking."
"caller: Hi, this is Dave from the running club. We’re meeting at the park entrance at 7 AM on Saturday. receiver: Thanks for the update, Dave. I’ll be there."
"caller: Hello, it’s your landlord, Ivan. Is everything alright with the new heating unit? receiver: Yes, it’s working perfectly now, thank you!"
"caller: Good morning! I’m calling from City Hall about your request for a parking permit. The permit is ready for pickup. receiver: That’s great, I’ll come by later today."
"caller: Hi, I’m calling from Downtown Cinema. Your reserved movie tickets are ready at will-call. receiver: Perfect. Thanks for confirming!"
"caller: Hey, just saw your email. Need help moving Saturday? receiver: That would be awesome, thanks! Could you bring your truck?"
"caller: Hello, I’m from the school office. Your daughter left her lunchbox in the classroom. receiver: Thanks for letting me know. I’ll come pick it up."
"caller: Hi, this is Steve at the hardware store. Your special order has arrived. receiver: Thanks, Steve. I’ll stop by this afternoon."
"caller: Good afternoon, this is Michelle from Riverside Optical. Your glasses are ready for pickup. receiver: Wonderful, thank you for calling!"
"caller: Hi, it’s Amy with BrightView Real Estate. I’m confirming your showing for Tuesday at 4:00 PM. receiver: Yes, I’ll be there. Thanks for confirming."
"caller: Hello, I’m with TechAid Support. We received your ticket; can we troubleshoot your laptop now? receiver: Sure, I’m at my desk and ready."
"caller: Hi, this is Kris from the Music Academy. Just checking if you’ll be attending your piano lesson tomorrow. receiver: Yes, see you tomorrow!"
"caller: Hey, it’s Rob. I wanted to know if you’re available for a quick call about the project. receiver: Yes, let’s chat now."
"caller: Hi, I’m calling from the community garden. Will you join us for spring planting this Saturday? receiver: Absolutely, looking forward to it!"
"caller: Hello, I’m a representative from Corner Café. How was your recent dining experience? receiver: It was lovely, thank you for asking!"
"caller: Hi, this is Olivia from Sunny Smiles Dental. Can you confirm your cleaning appointment for Friday? receiver: Friday works for me. See you then!"
"caller: Good morning! I’m calling from BetterBank to verify a deposit made yesterday. receiver: Yes, I made that deposit. Thanks for checking."
"caller: Hello, this is Sam from Pool Supplies. Did you need assistance scheduling your pool opening service? receiver: Yes, could you come next Wednesday?"
"caller: Hi, it’s Dana from the bakery. Would you like us to set aside some fresh sourdough today? receiver: Yes, please! I’ll pick up two loaves at 4."
"caller: Hi, just confirming—are you still attending the seminar tomorrow? receiver: Yes, I’ve registered and will be there."
"caller: Hello, this is Pat from Southside Pet Resort. Your reservation is confirmed for next week. receiver: Thank you! I’ll drop Daisy off Monday morning."
"caller: Hi, I’m calling regarding your recent order. There’s a small delay in shipment. receiver: Thanks for letting me know. Please keep me updated."
"caller: This is Greg from the craft store. Your custom order is now available for pickup. receiver: Great, I’ll be there after work today."
"caller: Good evening! This is Maria from Treehouse Yoga. Are you still interested in private lessons? receiver: Yes, I’d love to schedule one."
"caller: Hello, I’m from the recycling center. The collection route is delayed a day this week due to the holiday. receiver: Thanks for calling. I’ll put my bins out tomorrow instead."
"caller: Hey, this is Ben from the cycling club. Weather looks good for this weekend’s ride. receiver: Awesome, see you all Saturday morning!"
"caller: Hi, calling from Bay Clinic. Just reminding you to fast before your 9 AM blood test tomorrow. receiver: Thank you, I’ll be sure not to eat after midnight."
"caller: Hi, this is Deena from Orange Blossom Florists. Can you confirm the recipient’s address for tomorrow’s delivery? receiver: Yes, it’s 277 Maple Lane."
"caller: Hello, I’m with City Fitness. Have you reviewed the updated class schedule? receiver: Not yet, but I’ll check it out online."
"caller: Hey, it’s your cousin, Sam. Can you send me the address for tonight’s dinner? receiver: Sure! I’ll text it now."
"caller: Hi, this is Lily from the university admissions office. Do you have any questions about your application? receiver: Not at the moment, but thank you for calling."
"caller: Hello, this is Tom with Evergreen Movers. Can we confirm the arrival window for your move? receiver: Yes, morning is preferred. Thanks for coordinating."
"caller: Hi, it’s Rosie from Yoga Roots. Just letting you know your class package expires next week. receiver: Thanks! I’ll book my classes now."
"caller: Good afternoon, I’m with the condo association. We scheduled fire alarm testing for Friday. receiver: Thanks for the heads-up, I’ll make sure I’m home."
"caller: Hi, I’m calling from the food co-op. Your order will be ready for pickup by 6 PM. receiver: Wonderful, I’ll stop by after work."
"caller: Hello, this is Jen at Family Dental. Are you still on for your appointment Tuesday? receiver: Yes, see you then!"
"caller: Hi there, it’s Rachel from the art supply shop. We have your custom canvas ready. receiver: Lovely, thanks for letting me know!"
"caller: Hi, this is Mark with HeatWave HVAC. Can I schedule your annual maintenance for Thursday? receiver: Thursday works. What time should I expect you?"
"caller: Hey, it’s Lauren from the PTA. Are you able to volunteer at the bake sale this Friday? receiver: I can bring cookies! What time should I arrive?"
"caller: Hello, this is Eric from City Pools calling about the refund you requested. We have processed it today. receiver: Thank you, Eric. Much appreciated."
"caller: Hi, I’m from Cozy Home Furniture. Your sofa delivery is scheduled for tomorrow. receiver: Thanks! What time should I expect the delivery?"
"caller: Good morning. Calling from the animal shelter. Did you want to schedule a meet-and-greet with Bella this weekend? receiver: Yes, I’d love that. Saturday, please!"
"caller: Hi, this is Josh with Credit Union Financial. We need updated proof of income for your application. receiver: I’ll email my latest documents by tomorrow."
"caller: Hey, it’s your neighbor, Lynn. Can I borrow your hedge trimmer this afternoon? receiver: Of course, I’ll leave it by the shed for you."
"caller: Hello, from Pure Air Carpets. We’re confirming your cleaning appointment for Monday morning. receiver: Thank you, see you then."
"caller: Greetings, I’m calling from Elm Medical Billing to discuss your recent statement. receiver: Sure, what’s the issue?"
"caller: Hi, this is Laurie from the knitting group. Meeting at 7 at the café, right? receiver: That’s right, see you there!"
"caller: Hello, it’s Brenda at Elegant Events. Can you confirm meal preferences for your wedding? receiver: Yes, chicken for me and vegetarian for my partner."
"caller: Hi, calling from the University Travel Office. Are your travel dates for the conference final? receiver: Yes, they are confirmed."
"caller: Good afternoon, it’s Aiden from STEM Robotics Camp. Are you still interested in volunteering this summer? receiver: Definitely, sign me up!"
"caller: Hello, this is Julian from Northside Auto. Your car is ready for pickup. receiver: Perfect, thank you. I’ll come this evening."
"caller: Hi, it’s Sam, calling to return your call about the piano tuning. Still need it done? receiver: Yes, thanks for following up!"
"caller: Hey, it’s Natalie from HR. Can you join the meeting at 2 pm? receiver: Yes, I’ll be there."
"caller: Hi, I’m confirming your catering order for this Saturday’s party. receiver: That’s right, everything is set. Thank you."
"caller: Hello, this is Tara at Midtown Cleaners, your dry cleaning is ready. receiver: Thanks, Tara. I’ll pick it up tomorrow."
"caller: Good morning, I’m calling from the post office. You have a package requiring a signature. receiver: Thanks, I’ll stop by later today."
"caller: Hi, it’s Cameron from Big Wheels Rentals. Will you be dropping off the car by 5 PM? receiver: Yes, I’ll return it on time."
"caller: Hello, this is Nina with Plum Bookstore. Your special order will arrive Tuesday. receiver: Perfect, thanks for keeping me posted."
"caller: Hey, this is Chris, your dog walker. Should I use the back door today? receiver: Yes, the key is under the mat."
"caller: Hi, I’m from the swim club. Are you joining tomorrow’s practice? receiver: Yes, I’ll be there at 6 sharp."
"caller: Hello, this is Greg from Tiny Sprouts Preschool. Will your child be attending the Halloween event? receiver: Yes! We’re excited for it."
"caller: Hi, it’s Stella from Customer Care. Did your replacement charger arrive? receiver: Yes, thank you for checking."
"caller: Good afternoon, I’m with Perfect Prints. Can you confirm the delivery address for your canvas? receiver: Sure, it’s 45 Oak Street."
"caller: Hello, this is Maya from Elmwood Florist. Can you accept a delivery this afternoon? receiver: Yes, I’ll be home."
"caller: Hi, calling from the City Library. Your reserved book is here. receiver: Thanks! I’ll pick it up after work."
"caller: Good morning, this is Pat from the Chess Club. Are you joining tonight’s match? receiver: Yes, I’ll be there at 7."
"caller: Hello, I’m with the Town Rec Center. Are you still interested in the yoga class waitlist? receiver: Yes, please keep me on."
"caller: Hi, this is Andy from North Bank. We noticed unusual activity and just want to verify your recent purchase at Grocery Mart. receiver: Yes, that was me, all is good."
"caller: Hello, this is Carla with Home Lenders. Could you email your recent paystub for your application? receiver: Of course, I’ll send it today."
"caller: Hi there, I’m calling from Bark Avenue. Is your dog available for a grooming appointment this week? receiver: Yes, Thursday morning would be great."
"caller: Good afternoon, this is Janet from The Frame Shop. Your portrait is ready. receiver: Fantastic, I’ll pick it up tomorrow."
"caller: Hi, it’s Leo at Goldline Taxis. Your ride will arrive in 10 minutes. receiver: Thank you!"
"caller: Hello, I’m with the Farmers Market. Are you renewing your vendor spot this season? receiver: Yes, sign me up!"
"caller: Hey, calling from Paint and Sip Event. Are you still registered for Friday? receiver: Yes, looking forward to it."
"caller: Hi, this is Jill from Maya Medical. Do you still need to schedule your follow-up appointment? receiver: Yes, a call next week would be best."
"caller: Hello, from Sunset Veterinary. Your pet is ready for pick-up anytime after 3 PM. receiver: Thank you, I’ll be there."
"caller: Good morning, it’s Amy from Creative Cakes. Do you want to add a message to your order? receiver: Yes, please say “Happy Birthday, Mom!”"
"caller: Hi, I’m calling from the County Tax Office. Are your property details up to date for this year’s assessment? receiver: Yes, nothing has changed. Thank you for confirming."
