dialogue
"caller: Hi, this is Jessica from your dental clinic. We're confirming your appointment for tomorrow at 3 PM. Will you be able to make it? receiver: Hello Jessica, yes, that's perfect. I'll be there. Thank you for checking in!"
"caller: Hey, it's Mike. Just wanted to see if you’re still okay to pick me up at the station around 6? receiver: Of course, Mike! I’ll be there a bit early, just in case your train comes before time."
"caller: Good afternoon! This is Susan from the library. I wanted to remind you that your books are due back in three days. receiver: Oh, thanks for the reminder, Susan. I’ll make sure to bring them over before the deadline!"
"caller: Hi, this is Alex from the bank. I’m calling to let you know we've processed your loan application, and it's been approved. Congratulations! receiver: Wow, that’s fantastic news! Thank you so much for letting me know, Alex."
"caller: Good morning, just calling to confirm your reservation at The Green Leaf for Saturday at 7 PM. Will you still be joining us? receiver: Yes, thank you. We'll be coming, so please keep the table for two ready."
"caller: Hello! This is Laura from your pet clinic. Rex’s vaccination is due next week. When would you like to bring him in? receiver: Hi Laura, thanks for reminding me. How about next Thursday in the afternoon?"
"caller: Hey, Sarah here. Did you get my email about the group project updates? receiver: Hi Sarah, yes, I read it this morning. Looks good! I’ll send my part by tonight."
caller: Hi! I’m calling from GreenEnergy. Could we schedule a maintenance check for your solar panels this week? receiver: That works. Friday morning would be great for me. Thank you for reaching out.
"caller: Hello, it’s David from next door. Could you watch my cat over the weekend? receiver: Sure thing, David! Just leave me her food and instructions and I’ll take care of her."
"caller: Hi, I’m from the post office. We have a package here for you that needs a signature. What’s a good time for delivery? receiver: Oh, thanks for calling! I’ll be home after 4 PM today. That should work."
"caller: Good evening! The community center is planning a cleanup drive on Sunday. Would you like to join us? receiver: Yes, count me in. What time are we meeting and what should I bring?"
"caller: Hey, it’s Jim from HR. Just wanted to check in and see how you're settling into your new role. receiver: Hi Jim, I appreciate it. Everyone has been really welcoming. I’m enjoying the work so far!"
"caller: Hi, this is Ingrid with your pharmacy. Your prescription is ready for pickup now. receiver: Thank you so much, Ingrid! I’ll swing by after work today."
"caller: Hello, I’m calling on behalf of Sunny Fitness. Would you like to renew your membership, which expires next week? receiver: Yes, please renew it for another year. I’m really happy with your gym."
"caller: Hi, it’s Maria from your child’s school. I’m just calling to inform you about the parent-teacher meeting this Thursday at 5 PM. receiver: Thank you, Maria. I’ll be there for the meeting."
"caller: Hello! The plumber will arrive at your house around 2 PM tomorrow to fix the leak. Does that work for you? receiver: Yes, tomorrow at 2 PM works perfectly. Thank you for scheduling!"
"caller: This is Eric from IT support. We see that your work laptop has some pending updates. When’s a good time to assist you? receiver: Thanks, Eric. I’m free now if you can connect remotely and help me out."
"caller: Hello, your dry cleaning order is ready for collection at our Main Street store. receiver: Great, thank you! I’ll pick it up today after lunch."
"caller: Hi, I’m with City Utilities. We’re performing meter readings tomorrow morning. Will your gate be unlocked? receiver: Yes, I’ll make sure it's open. Thanks for letting me know."
caller: Good afternoon! I’m calling from Zen Spa. We have an opening for your massage appointment on Friday at noon. receiver: Friday at noon is perfect. Please book me in. Thank you!
"caller: Hey, it's Phil. Did you want me to bring anything special to the barbecue Saturday? receiver: Hi Phil! Maybe just some soda or chips. We have most things covered."
"caller: Hello, your flight to Chicago has a new departure gate. Please check your email for the updated details. receiver: Oh, thank you for letting me know. I’ll review the new gate information right away."
"caller: Good morning! Just checking if you’re still interested in the painting from our gallery. receiver: Yes, I am. I’ll come by this weekend to see it in person, if that’s alright."
"caller: Hi, it's Kelly, your accountant. I’ve finished your tax return and just need your confirmation to file. receiver: Hi Kelly. Thank you for your work! Yes, please go ahead and file it."
"caller: Hey, it's Mark. I saw your bike outside looking a bit flat on the rear tire. Thought you should know. receiver: Thanks, Mark. I’ll pump it up before I ride home."
"caller: Good evening, the sushi platter you ordered will arrive at your door in about 10 minutes. receiver: Perfect, thank you for the update! I’ll be ready."
"caller: Hello, this is the front desk. Your laundry is ready for collection at your convenience. receiver: Thank you very much for the notification. I’ll come by tonight."
"caller: Hi, I'm calling from Rainbow Bookshop. Your special order has arrived. Would you like us to hold it for you? receiver: Yes, please. I’ll pick it up on Saturday."
caller: Good morning! Your prescription refill is now ready at our downtown location. receiver: Thank you so much. I’ll stop by after work to pick it up.
"caller: Hello, is this Emily? I found your wallet at the coffee shop this morning. receiver: Oh wow, yes, thank you!! How can I arrange to get it back?"
"caller: Hi, calling from Happy Movers. We’re scheduled to move your belongings on Monday. Could we go over the details? receiver: Absolutely, let me just grab my list. Ready when you are!"
"caller: Hello, this is your dentist’s office. Would you like to reschedule your missed cleaning appointment? receiver: Yes, sorry I missed it. Could I come in next Wednesday morning?"
"caller: Hey, just reminding you the movie starts at 8:15. Let me know if you need a ride. receiver: Thanks for the reminder! I’m good for a ride, actually. See you then."
"caller: Hi, this is the vet. We noticed Bella’s annual checkup is due. Shall we set an appointment? receiver: Yes, please. Early next week would be best for us."
"caller: Good afternoon, your catering order for Friday is confirmed. Would you like any special arrangements? receiver: Thanks for confirming! Just make sure there are vegetarian options."
"caller: Hello, our records show your membership expires soon. Would you like to renew? receiver: Yes, please renew it. Thank you for calling to remind me."
"caller: Hey, it’s Tom. I’m running about 10 minutes late for lunch; is that okay? receiver: No problem, Tom. I’ll grab a coffee and wait for you."
"caller: Hi, from Cozy Cleaners. Your clothes are ready for pick up. Thank you for choosing us! receiver: Thank you, I appreciate the update. I’ll collect them this evening."
"caller: Hello, this is Sarah. I just wanted to say thanks again for all your help last week. receiver: Oh, you’re welcome, Sarah! Any time you need a hand, feel free to ask."
"caller: Hi, from City Gas Company. We need to check your meter on Thursday. Will someone be home? receiver: Yes, someone will be home all day Thursday. Thanks for reaching out."
"caller: Good evening, this is Rick at Paws & Claws Pet Store. Your special order of cat food has arrived. receiver: Thank you, Rick! I’ll come by tomorrow to pick it up."
"caller: Hey, quick question – are you still bringing dessert for dinner tonight? receiver: Yes, I baked a pie this morning! See you soon."
"caller: Hi, it’s Lin from Mailroom Services. You have a package at reception waiting for you. receiver: Thanks, Lin! I’ll be down shortly to sign for it."
"caller: Hello, this is the building manager. Our fire alarms will be tested at noon tomorrow. Please don’t be alarmed. receiver: Thank you for the heads up, I’ll let my team know."
"caller: Good afternoon, we received your request for transcript copies. When would you like to collect them? receiver: Tomorrow works well for me. Thank you for preparing them!"
"caller: Hi, calling to remind you that your car is due for servicing next week. Would you like to book a slot? receiver: Yes, please. How about Friday morning?"
"caller: Hello, this is Megan from bookstore. We are holding the copy of the novel you wanted. When can you pick it up? receiver: Thank you so much, Megan! I’ll pick it up over the weekend."
"caller: Hi, it's your pharmacy. Your medication will be ready for pick up by noon today. receiver: Thank you, I’ll come by this afternoon."
"caller: Hello, I'm the event coordinator for this Saturday’s charity run. May I confirm your volunteer spot? receiver: Yes, please confirm my spot. I’m excited to help out!"
"caller: Hey, Gabe here. Did you want a ride to the airport tomorrow? receiver: That would be great, Gabe, thank you. My flight is at 10, so maybe pick me up at 7:30?"
"caller: Good morning, just letting you know your flower delivery will arrive today before noon. receiver: Thank you for the update! I’ll listen for the bell."
"caller: Hi! It’s Tom from the tennis club. You left your racquet here yesterday. receiver: Thanks for letting me know, Tom! Could you keep it at the front desk for me to pick up tonight?"
"caller: Hello, this is Lisa from Pure Foods. We’re confirming your grocery delivery for tomorrow at 10. Is this time good? receiver: Yes, that time works. Thank you for confirming!"
"caller: Hey, Sam here. Did you still want to borrow my drill for your project? receiver: Yes, if you don’t mind. I can pick it up tonight after work."
"caller: Hi, I’m from Greenway Landscaping. Did you want us to mow the lawn this week? receiver: Yes, please! The grass is getting tall again."
"caller: Good afternoon, your food delivery is on its way and should arrive in 15 minutes. receiver: Thank you for letting me know. Looking forward to it!"
"caller: Hello, you recently applied for our book club. We’re pleased to let you know your membership is approved. receiver: That’s fantastic! When is the first meeting?"
"caller: Hi, from Midtown Vet Clinic. Can you bring Daisy in at 4 PM for her appointment tomorrow? receiver: Yes, 4 PM is great. Thank you for the reminder."
"caller: Good morning, this is from Water Services. You may experience a short outage this afternoon for maintenance. receiver: Thanks for the notice. We’ll make arrangements."
"caller: Hey, it’s Moira from the dance class. Are you coming to rehearsal tonight at 7? receiver: Yes, Moira. I wouldn’t miss it for the world!"
"caller: Hi, calling to confirm your home cleaning appointment for Thursday at 11 AM. Is that still good? receiver: Yes, Thursday at 11 works. Thank you for confirming!"
"caller: Hello, just updating you that your glasses are ready for pickup at our optical shop. receiver: Thank you! I’ve been waiting for those. I’ll stop by today."
"caller: It’s Jason from the music school. I wanted to confirm your piano lesson for tomorrow at 5. receiver: Thanks for checking, Jason. I’ll be there on time."
"caller: Hello, your gardening supplies have arrived and are ready for collection. receiver: Perfect, I’ll pick them up on my way home."
"caller: Hi, this is the theater box office. Your tickets will be held under your name at Will Call. receiver: Thank you for the confirmation!"
"caller: Hey, we’re ordering pizza for the meeting today. Do you have any topping preferences? receiver: Mushrooms and olives, please. Thanks for including me."
"caller: Hi, this is Linda from the rental agency. Are you available for a quick inspection this Friday? receiver: Yes, Linda. Friday works for us. What time?"
"caller: Good afternoon, we have reserved your seat on the 6 PM train as requested. receiver: Thank you, that’s very helpful. See you then!"
"caller: Hello, your custom cake order will be ready for pickup on Saturday. receiver: Great news! I’ll bring the receipt when I come."
"caller: Hi, from West Bank. We noticed some unusual logins and want to verify it was you. receiver: I was traveling yesterday, so those were probably me. Appreciate your vigilance!"
"caller: Hey, I just wanted to check if you got home safely last night. receiver: Yes, I made it home without any trouble. Thanks for checking!"
"caller: Hello, it’s Paul. Can you look after my plants over the weekend while I’m away? receiver: Sure thing, Paul! Just let me know which need watering."
"caller: Good evening! Susan here from your yoga class. Will you be attending tomorrow’s session? receiver: Yes, Susan. I’ll bring my mat and see you there."
"caller: Hi, calling from Tailor’s Touch. Your suit alterations are complete and ready for pickup. receiver: Thank you! I’ll swing by tomorrow."
"caller: Hello, quick reminder of your physiotherapy appointment tomorrow at 10 AM. Any changes? receiver: No changes, I’ll see you at 10. Thanks for reminding me."
"caller: Hey, did you want me to bring snacks or drinks to the picnic on Sunday? receiver: Drinks would be awesome. Thank you!"
"caller: Good afternoon, your laundry will be delivered today by 7 PM. Please have your payment ready. receiver: Thanks for letting me know. I’ll be here waiting."
"caller: Hi, from City Clinic. Your lab results are ready, would you like us to email or call you to discuss them? receiver: Please call me. I prefer talking it through. Thank you."
"caller: Hello, this is the autoparts store. The item you ordered has arrived. receiver: Perfect, I’ll be there this evening to pick it up."
"caller: Hey, I just wanted to see if you’re okay after yesterday’s game. Took a tough fall! receiver: Thanks for checking. I’m a bit sore but I’ll be alright!"
"caller: Hi, Sheila from Purrfect Pets. Just confirming your grooming appointment for Max on Saturday. receiver: Thanks, Sheila! Saturday is good. We’ll see you then."
"caller: Good morning, this is Mrs. Bennett from your child’s school. I’d like to discuss their recent progress. receiver: Of course, Mrs. Bennett. When would be a good time to talk?"
"caller: Hi, your groceries are almost ready for pickup. Do you want to add anything else to the order? receiver: No, it’s perfect as is. Thanks for checking."
"caller: Hello, the meeting is starting in 15 minutes over Zoom. Need the link resent? receiver: I’ve got it, thank you! See you soon."
"caller: Hey, I found your keys in the parking lot. Want me to drop them off? receiver: Yes, that would be amazing! I’m home all day."
"caller: Good morning, it’s Caroline from your gym. Are you attending the new Pilates class tonight? receiver: I am! I’ve been looking forward to it."
"caller: Hi, from Sunrise Travel. Your tour packet will be emailed today. Let us know if you have questions. receiver: Thank you! I’ll review everything once it arrives."
"caller: Hello, your concert tickets are ready at will-call under your name. receiver: Thank you for letting me know. Looking forward to the show!"
"caller: Hey, I’m at the grocery store—need anything while I’m here? receiver: Could you pick up some milk and eggs? Thank you!"
"caller: Good evening, your table is ready at the Italian restaurant. receiver: Thank you! We are on our way."
"caller: Hi, I’m calling from the doctor’s office to confirm your appointment next Tuesday at 11 AM. receiver: Yes, I’ll be there next Tuesday. Thanks for calling."
"caller: Hello, we’re about to deliver your new furniture. Is your driveway accessible? receiver: Yes, all clear. Looking forward to the delivery."
"caller: Hi, it’s Molly. The kids left their jackets at our place yesterday. receiver: Oh thanks, Molly! I’ll collect them after school pick-up."
"caller: Hello, calling from Riverside Library. Your reserved book is available at the front counter. receiver: Thank you! I’ll pick it up this afternoon."
"caller: Hi, from Elite Cleaners. Could we deliver your clothes this evening? receiver: Yes, evening delivery works best. Thank you!"
"caller: Hello, this is Tim with your building’s maintenance team. Is your sink still leaking? receiver: Yes, it is. Could you come by tomorrow morning to fix it?"
"caller: Good afternoon! Your office supplies are ready for collection downstairs. receiver: Thanks, I’ll pick them up before lunch."
"caller: Hi, we’re conducting a neighborhood safety survey. Do you have time for a few questions? receiver: Yes, I can spare a few minutes now."
"caller: Hello, your meal delivery has arrived. Should I leave it at your door or hand it to you? receiver: Please hand it to me, I’m coming out now."
"caller: Hey, are you free this weekend to catch up over coffee? receiver: Yes, I’d love that. Saturday or Sunday?"
"caller: Hi, Rosa from Bloom Florists here. Your bouquet is scheduled for delivery at noon. receiver: Thank you, Rosa! I’ll be on the lookout for it."
