dialogue
"caller: Hi, this is Sarah from the dentist’s office. I’m calling to confirm your appointment for tomorrow at 11 AM.   receiver: Hi, thanks for the reminder! Yes, that time still works for me.   caller: Great! We look forward to seeing you then. Please remember to bring your insurance card.   receiver: Will do. Thanks again."
"caller: Hello, this is Mike from the public library. Your reserved book is available for pickup.   receiver: Oh, perfect! I’ll stop by this afternoon. Thank you for letting me know.   caller: You’re welcome! We’ll hold it for you for a week."
"caller: Hi, this is Emma from City Bank. I’m following up on your recent request to update your mailing address.   receiver: Yes, thanks. I moved last week and wanted to make sure my statements are sent to the new address.   caller: I have your new address as 458 Oak Lane, correct?   receiver: That’s right.   caller: Wonderful, you’ll see the change on your next statement."
"caller: Good morning, this is Mark from the maintenance department. I wanted to check if the repairs to your heating system were satisfactory.   receiver: Morning, Mark. Yes, it’s working great now. Thanks for the quick response yesterday!   caller: Glad to hear it. Let us know if anything else comes up."
"caller: Hi, Jen. It’s Lisa from your book club. Are we still on for the meeting at 7 tonight?   receiver: Hi Lisa! Yes, I’ll see you all at Emma’s place at 7.   caller: Awesome, see you tonight."
"caller: Hello, this is Greg from Riverside Vet Clinic. Just reminding you about Max’s vaccination appointment next Tuesday at 2 pm.   receiver: Thanks! I appreciate the call. We’ll be there.   caller: Great. Have a good day!"
"caller: Hi, this is Andrew calling from the school office. I’m letting parents know that the spring concert time has changed. It’s now at 6:30 pm next Thursday.   receiver: Thanks, Andrew. I’ll make sure to let my daughter know the new time.   caller: Thank you. We look forward to seeing you there!"
"caller: Hi, this is Rachel from Sunrise Fitness. You left your water bottle after yesterday’s yoga class.   receiver: Oh, I did! Thank you for saving it for me. I’ll pick it up tomorrow.   caller: No problem. It’ll be at the front desk."
"caller: Hello, this is Fred from SafeRide Taxi. Your cab is outside.   receiver: Thank you! I’ll be out in just a minute.   caller: Take your time, I’ll be waiting."
"caller: Good afternoon, this is Maria from FreshMart. Just letting you know your grocery delivery will arrive between 2 and 3 PM today.   receiver: That works perfectly. Thank you for the update!   caller: Happy to help. Have a great afternoon."
"caller: Hi, this is Tom with Green Thumb Landscaping. I’m calling about your seasonal yard clean-up. Would you like us to come Friday or Saturday?   receiver: Hi Tom. Friday would be better for us.   caller: Alright, Friday it is. We’ll arrive around 10am."
"caller: Hi, I’m calling from Citywide Pharmacy. Your prescription refill is ready for pick-up.   receiver: Thank you so much. I’ll pick it up after work.   caller: Perfect, we’re open till 8 tonight. See you then."
"caller: Hello Mr. Bradley, this is Olivia from Lakeview Apartments. The package you were waiting for arrived in our office.   receiver: That’s great! I’ll come by and get it this afternoon.   caller: We’ll have it ready at the front desk."
"caller: Hi, this is Jasmine with Peaceful Path Animal Shelter. I wanted to check in about Daisy’s adoption trial. How is everything going?   receiver: Hi Jasmine. Daisy’s doing well and settling in nicely. We’re very happy!   caller: Wonderful to hear! Let us know if you need any support."
"caller: Good morning! This is David from Community Theater. I’m confirming your ticket reservation for Friday’s performance at 8 PM.   receiver: Thanks, David. Can I pick up my tickets at will call?   caller: Yes, they’ll be under your name at the box office."
"caller: Hi, it’s Terry from the car dealership. Your test drive for the new model is set for 3 PM Saturday. Does that still work?   receiver: Yes, thanks Terry. I’m looking forward to it.   caller: Great, see you then."
"caller: Hello, this is Helen from the downtown art studio. We’re reminding students that this week’s painting class starts at 6 PM instead of 7 PM.   receiver: Thanks for letting me know! I’ll make sure I’m there on time.   caller: Glad to help. See you Thursday."
"caller: Hi, this is Mark from Dr. Chen’s office. Are you still coming in for your yearly check-up at 9 tomorrow?   receiver: Yes, I have it on my calendar. See you then.   caller: Perfect."
"caller: Good afternoon, this is Carla from TechPlus. Your laptop repair is completed, and it’s ready for pickup.   receiver: That’s fantastic news. I’ll come by before closing.   caller: Great, see you soon!"
"caller: Hey Mia, it’s Ben. Are you still okay to water my plants while I’m out of town this weekend?   receiver: Hey Ben! Yes, no problem. Just leave me your key before you go.   caller: Will do, thank you so much!"
"caller: Hi, this is Susan from the neighborhood association. We’re having our monthly meeting on Thursday. Would you like to join us?   receiver: Hi Susan. I’d love to! What time does it start?   caller: We begin at 6:30 pm in the community center."
"caller: Hello, this is Alex from Central Cleaners. Your clothes are ready to be picked up.   receiver: Thanks Alex, I’ll be there after lunch."
"caller: Hi, it’s Gracie from Luna’s Diner. Just confirming your reservation for a table of four at 7 pm tonight.   receiver: Thank you, Gracie. We’ll be there at 7."
"caller: Good morning, this is Jim from Eddie’s Auto. We finished your oil change and tire rotation.   receiver: Hi Jim, thank you. I’ll swing by in the next hour.   caller: See you soon!"
"caller: Hi Emily, this is Claire with Greenfield Elementary. We wanted to ask if you’d be interested in volunteering for the school fair on Saturday.   receiver: Hi Claire! I’d love to help. Just tell me when to be there.   caller: Thank you, we’ll send more details by email."
"caller: Hello, this is Dean from Buckeye Delivery. Your package will arrive between noon and 4 pm today.   receiver: Thank you, Dean. I’ll make sure someone is home."
"caller: Hi, this is Laura at the city council office. Your community garden application was approved.   receiver: Wow, thanks for calling! I’m excited to get started.   caller: Congratulations!"
"caller: Hello, this is Marcus from Summit Gym. Your membership renewal has been processed successfully.   receiver: Thank you for letting me know!"
"caller: Good afternoon, this is Ruth from Meals on Wheels. We’re running a little late today, but your delivery should arrive by 2.   receiver: Thank you, Ruth. I appreciate the update."
"caller: Hi, it’s Ashley from the animal hospital. Just letting you know that Stitch is ready to be picked up after his dental this morning.   receiver: Thank you so much, Ashley. I’ll come by shortly."
"caller: Hello, this is Erin from Maple Bookstore. Your special order came in today.   receiver: That’s great news! I’ll pick it up this evening."
"caller: Hi Leo, it’s Amanda from the hiking club. Are we still meeting for the trail clean-up on Saturday morning?   receiver: Hi Amanda! Yes, I’ll be there bright and early.   caller: Looking forward to it!"
"caller: Good morning, this is Joyce from R&R Realty. We’d like to schedule a showing for your apartment this Friday at 3. Is that okay?   receiver: Yes, that works for me. Thanks for letting me know."
"caller: Hi, this is Shirley from the PTA. We hope to see you at the parent-teacher night tomorrow.   receiver: Thanks for the reminder, Shirley! I’ll be there.   caller: Wonderful."
"caller: Hello, this is Derek from RapidPhoto Lab. Your prints will be ready for pickup after 5 today.   receiver: Thank you, I appreciate it."
"caller: Hi Sam, this is Quinn from Lively Music Shop. Your guitar repair is finished and you can pick it up anytime.   receiver: Thanks Quinn! I’ll come by after work."
"caller: Good evening, this is Linda from Starlight Theater. Your ticket upgrade request was successful, enjoy the front row!   receiver: Oh, that’s awesome, thank you so much for accommodating me."
"caller: Hi Dave, this is Paula from your insurance agency. Your policy renewal documents are ready for review.   receiver: Thanks Paula, I’ll check my email and get back to you with any questions."
"caller: Hello, this is Maria at the community pool. We’re open again after maintenance, and your swim pass is still active.   receiver: Thank you for the update, Maria! I’ll be there this weekend."
"caller: Hi, it’s Nina from SweetLeaf Café. We noticed you left your jacket here.   receiver: Oh, thank you! I’ll come by to pick it up.   caller: It will be behind the counter."
"caller: Good afternoon, this is Craig from Midtown Pharmacy. Would you like to set up automatic prescription refills for your medication?   receiver: That sounds helpful. Let’s set it up."
"caller: Hi, this is Dave from HomeGym Delivery. Your equipment will arrive tomorrow morning. Do you need us to assemble it for you?   receiver: That would be great, yes please."
"caller: Hello, this is Helen from Sunny Day Spa. We’re confirming your facial appointment for next Thursday at 2 pm.   receiver: Yes, that’s on my calendar. Thanks for the reminder."
"caller: Hi, it’s Jeff with Mountain Movers. We’re confirming your moving estimate appointment on Monday at 9 am.   receiver: That’s perfect, I’ll be ready then."
"caller: Good morning, this is Olivia from the local food bank. Is your family still able to volunteer this Saturday?   receiver: Yes, we’ll be there at 10 am as planned.   caller: Thank you!"
"caller: Hello, this is Pete from Riverside Pizzeria. Your delivery’s on its way, and the driver should arrive in 20 minutes.   receiver: Awesome, thank you for the update!"
"caller: Hi, it’s Dana from CHEF Catering. I wanted to confirm the menu for your party this weekend.   receiver: Thank you for checking in. The vegetarian menu is still good for us.   caller: Perfect, we’ll take care of everything."
"caller: Hello Jennifer, this is Sam from Royal Cleaners. We found a watch in the pocket of your jacket.   receiver: Oh, that’s mine! Thanks for letting me know.   caller: We’ll keep it safe until you pick it up."
"caller: Good afternoon, this is Alex from Tiny Steps Daycare. Just wanted to let you know your daughter had a great day and tried a new food at lunch.   receiver: Thanks for letting me know! I appreciate the updates.   caller: It’s our pleasure."
"caller: Hi, this is Megan from Downtown Pets. Your pet’s food order is ready for pick-up or delivery.   receiver: Thank you, please deliver it to my home.   caller: Absolutely, it’ll be there this afternoon."
"caller: Hi Peter, it’s Joe from the recycling program. Just a reminder, your new bins will arrive tomorrow.   receiver: Thanks Joe! I’ll look out for them."
"caller: Hello, this is Alisha from Yoga Harmony. There’s a new schedule for evening classes. Would you like me to send it by email?   receiver: Yes please, I’d appreciate that."
"caller: Good morning, this is Emily from GoTravel Agency. I’m calling to confirm your cruise booking and answer any questions you might have.   receiver: Thank you, Emily. Can you confirm the departure time for me?   caller: You’ll depart at 4 pm on the 12th from Pier 7."
"caller: Hi, this is Simon at Urban Co-op. I noticed you left your shopping bag behind today.   receiver: Oh, thank you for calling! I’ll come by soon to pick it up."
"caller: Hello, this is Monica from Fairview Laundromat. Your special cleaning order is ready for collection.   receiver: Thank you Monica, I’ll stop in today."
"caller: Hi, it’s Phil from the local animal rescue. We wanted to thank you for your donation last month and share how it helped us save six animals.   receiver: That’s wonderful to hear. Thank you for the update!"
"caller: Hello, this is Jamie from Elite Tutors. Just checking if you’re confirmed for your 5 pm math session tomorrow.   receiver: Yes, that works perfectly. Thanks for confirming."
"caller: Hi, this is Dan with the city utilities department. There will be a water outage in your area tomorrow from 10 am to noon for scheduled maintenance.   receiver: Thank you for letting me know, Dan."
"caller: Good afternoon, this is Rosie from Garden Supplies. Your seed order has shipped and should arrive in two days.   receiver: Wonderful! Thank you for the update."
"caller: Hi, this is Vince from Parkridge Cinema. You left your wallet in auditorium 3.   receiver: Oh wow, thanks for reaching out. I’ll come by and get it tonight."
"caller: Hello, this is Lori from Seaside Photos. Your family portraits are ready for viewing.   receiver: That’s wonderful! I’m excited to see them."
"caller: Hi Mrs. Warren, this is Kayla from Northside Elementary. Your son forgot his lunchbox today. Would you like to drop it off or should we provide a school lunch for him?   receiver: Thank you for letting me know, Kayla. I’ll bring his lunchbox shortly."
"caller: Hello, this is Neil from the Farmers Market. Your pre-order will be ready for pick-up between 9 and 11 am on Saturday.   receiver: Thank you for the reminder, Neil! See you then."
"caller: Good morning, this is Beth from the community choir. We’re rehearsing a new song for next week’s performance. Do you need the sheet music in advance?   receiver: Yes, please send it to my email.   caller: Absolutely, I’ll get that to you right away."
"caller: Hi, it’s Marcus from City Athletics. We’re looking for volunteers for the kids’ basketball tournament this weekend. Would you be interested?   receiver: That sounds fun, Marcus! How do I sign up?"
"caller: Hello, it’s Anna from the art museum. Your membership renewal is coming up. Would you like to renew for another year?   receiver: Yes, I’d like to renew. What are my options?   caller: I can email you the details or discuss them with you now."
"caller: Hi, this is Lucas from Sunset Cleaners. We’re running a discount for returning customers this week.   receiver: Thanks for letting me know! I’ll bring some clothes in tomorrow."
"caller: Hello, this is Erin from PetSmart. We’re holding your order for you. How long would you like us to keep it?   receiver: I can pick it up by Friday, if that’s okay.   caller: Of course, we’ll hold it till then."
"caller: Hi, it’s Nathan from Skyline Bike Shop. Your repairs were finished this morning and everything works perfectly now.   receiver: Thanks Nathan! I’ll pick up my bike later today."
"caller: Good afternoon, this is Sienna from City Art Supplies. Your special order items have arrived.   receiver: Great to hear, Sienna. Thank you!"
"caller: Hi, this is Tessa with Fresh Eats Meal Service. We’re offering a new vegetarian option this week. Would you like to try it?   receiver: That sounds great. Yes, please add it to my next order."
"caller: Hello, this is Jake from Green Truck Movers. We’d like to confirm your moving date for the 20th, and verify the address.   receiver: Thank you, Jake. Yes, the date and address are both correct."
"caller: Hi Susan, this is Rob from the bookshop. Your order of ""A Promised Land"" by Barack Obama has arrived.   receiver: Thank you, Rob! I’ll pick it up after work."
"caller: Good morning, this is Ella from the sandwich shop. Would you like to repeat your last order for lunch delivery today?   receiver: Yes, please. Same as last week.   caller: Done! It’ll be there by noon."
"caller: Hello, this is Wendy from the flower shop, confirming your bouquet delivery for tomorrow morning.   receiver: Thank you, Wendy. Please leave it at the front desk if I’m not in.   caller: Will do!"
"caller: Hi, this is Brian from the local running club. Are you joining our 5k event on Sunday?   receiver: Yes, I’ll be there! Looking forward to it."
"caller: Hello, this is Rhonda with the city’s recycling outreach. We noticed your area has new bins available for pickup.   receiver: That’s good to know. Where should I pick them up?"
"caller: Hi, it’s Amy from Sunday Brunch Bakery. You left a scarf by your table this morning.   receiver: Oh, thank you so much! I’ll come get it later today."
"caller: Good afternoon, this is Matt from Fairfield Travel. Your itinerary has changed, and your departure is now at 7 pm.   receiver: Thanks for letting me know, Matt. I’ll adjust my plans."
"caller: Hi, this is Linda from the food pantry. We’re grateful for your recent donation, and wanted to thank you personally.   receiver: Thank you for all the work you do. I’m happy to help!"
"caller: Hello, this is Jon from the city golf course. We’re confirming your tee time for 10:30 Saturday morning.   receiver: Thank you, Jon. I’ll be there on time."
"caller: Hi, it’s Fiona with the Red Cross blood drive. Are you still scheduled to donate at 3 pm on Friday?   receiver: Yes, I’ll be there. Thanks for the reminder."
"caller: Hello, this is Pat from Eastside Tutors. We noticed your child made great progress this week.   receiver: Thank you for the feedback. We appreciate your support."
"caller: Hi, this is Tara from the senior center. Are you attending our painting class tomorrow at 10?   receiver: Yes, thank you for reminding me!"
"caller: Good morning, this is Ben with Northside Car Wash. Your loyalty points earned you a free wash this week.   receiver: Thanks Ben, I’ll bring my car by soon."
"caller: Hi, it’s Leah from Riverside Gymnastics. Just checking that you’re still on for your private lesson at 4 today.   receiver: Yes, Leah, I’ll see you there."
"caller: Hello, this is Daniel from MNO Wireless. Your device is repaired and ready for pickup.   receiver: That’s the update I was hoping for. Thank you!"
"caller: Hi Mrs. Andrews, this is Sofia from Sunnyside Wellness. We wanted to thank you for your feedback survey and offer a 10% discount on your next visit.   receiver: Thank you so much, Sofia. That’s very kind."
"caller: Good afternoon, this is Evan from the state DMV. Your renewed driver’s license will arrive by mail in 7-10 business days.   receiver: Thank you for the update!"
"caller: Hello, it’s Jess from Green Market Farms. Your weekly produce box will be delivered as usual tomorrow.   receiver: Thank you, Jess. I’m looking forward to the fresh veggies."
"caller: Hi, this is Sarah from the music department. Your cello rental needs to be returned by Monday.   receiver: Thank you for the reminder, Sarah."
"caller: Good morning, this is Winston at Global Airlines. Your upgraded seat is confirmed for your departure on Sunday.   receiver: That’s great news, thank you so much."
"caller: Hi, this is Grace from Family Dentistry, just confirming your cleaning appointment for next week.   receiver: Thank you for confirming, Grace."
"caller: Hello, this is Paul from Rolling Wheels Bike Shop. We’re having a maintenance clinic this Saturday. Would you like to sign up?   receiver: That sounds interesting, Paul. Yes, please add me to the list."
"caller: Hi, it’s Jasmine from the town pool. We’ve extended our hours for the summer.   receiver: Thanks for letting me know, Jasmine!"
"caller: Hello, this is Martin from Bytewise Tech Support. Has your software issue been resolved?   receiver: Yes, thank you for the follow-up. Everything is running smoothly now."
"caller: Hi, this is Olivia from the scholarship fund office. Congratulations, you’ve been awarded a grant for your studies this year.   receiver: Wow, thank you so much! This is wonderful news."
