dialogue
"caller: Hi Sarah, it's Mike from the apartment management office. I wanted to confirm if you're available for the maintenance visit tomorrow.   receiver: Hi Mike! Yes, tomorrow works for me. What time should I expect the technician?   caller: He'll be there between 10 a.m. and noon. If anything changes, we'll give you a heads-up.   receiver: Great, thank you so much for letting me know!  "
"caller: Hello, this is the downtown library. You have some books overdue; would you like to renew them by phone?   receiver: Oh, thank you for the reminder! Which books are overdue?   caller: “To Kill a Mockingbird” and “The Road.” Would you like to renew them both?   receiver: Yes, please renew them for me. Thank you for your help!  "
"caller: Hey Tom, it's Julia from accounting. I needed to discuss your reimbursement form—there’s one receipt missing.   receiver: Hi Julia! Sorry about that, I’ll scan and email it over right away. Which receipt is it?   caller: The one from the taxi on May 14th.   receiver: Got it, I’ll send it within the hour. Thanks for letting me know.  "
caller: Good afternoon. This is Dr. Lee’s office reminding you about your dental appointment next Monday at 3 PM.   receiver: Thank you for the reminder. I’ll be there at 3 PM Monday.   caller: We’ll see you then!  
"caller: Hi, I’m calling from the local animal shelter. You signed up to volunteer this weekend—are you still available?   receiver: Yes! What time should I come in?   caller: If you could arrive at 11 AM on Saturday, that would be perfect.   receiver: Perfect, I’ll be there. Thanks for the update!  "
"caller: Hello, this is Alex from Tech Solutions. We received your request for software assistance. Can we walk through your issue now?   receiver: Hi Alex, yes, thank you. My spreadsheet keeps crashing.   caller: Can you tell me what version of Excel you’re using?   receiver: It’s Office 2019.   caller: Okay, let’s try updating it, then see if that helps.  "
"caller: Hi Emily, this is Mrs. Carson from school. I wanted to let you know your son forgot his lunchbox today.   receiver: Oh dear! Can I drop it off now?   caller: Absolutely! Just come to the front office and we’ll get it to his classroom.   receiver: Thank you so much for calling.  "
"caller: Hello, this is Northern Gas Services following up on your request for a quote. Have you had a chance to review it?   receiver: Hi, I did review the quote last night. I have a couple of questions about the service coverage.   caller: Of course, I’d be happy to answer those for you.  "
"caller: Hi Robert, this is Connor at Central Bookstore. We’ve set aside the novel you reserved.   receiver: Thanks, Connor! Can I pick it up after work today?   caller: Yes, we’ll hold it until closing at 7 PM.   receiver: Perfect, I’ll be there after 5.  "
"caller: Good morning, Mr. Jenkins. This is Carla from Riverside Bank. Your new debit card has arrived, and you can pick it up at any time.   receiver: Thank you, Carla! I’ll come by this afternoon.   caller: We'll have it ready for you at the main counter.  "
"caller: Hi Susan, it’s Anna from choir. Are you still up for carpooling to rehearsal tonight?   receiver: Absolutely, Anna! Should I meet you at your house at 6:30?   caller: That sounds perfect. See you then!  "
"caller: Hello, this is the pharmacy. Your prescription refill is ready.   receiver: That’s great, thank you! I’ll pick it up after work today.   caller: No problem, we close at 8 PM.  "
"caller: Hey John, it’s Pete from the garage. Your car is ready for pickup.   receiver: Awesome. Were there any issues?   caller: Just a minor filter replacement, otherwise all is good.   receiver: Thanks for the quick turnaround!  "
"caller: Hi, this is Laura calling from City Pets. Your grooming appointment for Max is scheduled for Saturday at 10 am.   receiver: Thanks, Laura. We’ll be there on time.   caller: Looking forward to seeing Max!  "
"caller: Hi, I’m calling from the language school. Your French class is being moved to Room 204 next week.   receiver: Thanks for the update! Is the start time the same?   caller: Yes, class still begins at 6 pm.   receiver: Perfect, I appreciate the heads up.  "
"caller: Hello, this is Mr. Adams from the neighborhood association. We're planning a block party next month and would love your help.   receiver: That sounds fun! How can I contribute?   caller: Could you help with organizing the bake sale?   receiver: Sure! I’ll start planning.  "
"caller: This is Olivia at Dr. Harris’s office, calling to confirm your annual checkup next Friday at 9 am.   receiver: Thank you, Olivia! That’s still good for me.   caller: We’ll see you then.  "
"caller: Hi, it’s Ben from your gym, confirming your personal training session has been moved to Thursday at 5 PM.   receiver: Thanks for letting me know, Ben. Thursday at 5 works.   caller: Great, Coach Jordan will meet you then.  "
"caller: Good afternoon, this is Ryan from the farmers’ market. You left your wallet at our stand today.   receiver: Oh my! Thank you for finding it. Can I pick it up tomorrow?   caller: Of course. We’ll keep it safe until then.  "
"caller: Hello, this is Sophie from Green Cleaners. Your laundry is ready for pickup.   receiver: Thank you, Sophie! I’ll stop by before 6 pm.   caller: Sounds good, see you then!  "
"caller: Hi, this is Jennifer from the art museum. Your membership card is ready and can be picked up any day this week.   receiver: Thank you for letting me know, Jennifer. I'll drop by Wednesday afternoon.   caller: Great, we'll have it waiting for you!  "
"caller: Hello, I’m calling from Riverside Vet Clinic regarding Bella’s vaccination records. We need an updated rabies certificate.   receiver: Oh, I didn’t realize it had expired. I’ll get it renewed and email the new certificate.   caller: Thank you! Just send it any time this week.  "
"caller: Hi, this is Paul from the university admissions office. We just need your final transcripts to complete your application.   receiver: Thanks for the info, Paul. I'll request them from my school today.   caller: Once you’ve sent them, let me know if you have any questions.  "
"caller: Good morning, Mrs. Patel. This is your dental hygienist, Emily, confirming your cleaning scheduled for Wednesday at 2 pm.   receiver: Thank you, Emily, I’ll see you Wednesday.   caller: Looking forward to it!  "
"caller: Hello David, this is the gas company reminding you of your meter reading appointment on Friday.   receiver: Thanks for the reminder. Will they need access to my basement?   caller: Yes, if you could make sure it’s accessible, that would help.   receiver: No problem, I’ll unlock it Friday morning.  "
"caller: Hi Lisa, it’s Mary from the day care. Jamie is running a slight fever, would you like us to give him his medication?   receiver: Yes, please go ahead and give him the dose in his bag.   caller: Will do, we’ll keep a close eye on him.  "
"caller: Hi Mr. Brown, this is Kayla from Allstate Insurance. I have a few follow-up questions regarding your recent claim.   receiver: Of course, Kayla. What do you need from me?   caller: Can you please email the repair invoice by the end of the day?   receiver: Yes, I’ll take care of that now.  "
"caller: Hello, I’m with City Delivery. We’ll be dropping off your new sofa tomorrow morning between 8 and 10 am.   receiver: Thank you for the update. I’ll make sure someone is home.   caller: Great, see you then!  "
"caller: Good morning Alice, this is the bank letting you know a new statement is available online.   receiver: Thanks, I’ll check my account today.   caller: Let us know if you have any questions.  "
"caller: Hi Phil, it’s Jasmine at Food2Go. Your catering order for Sunday is confirmed.   receiver: Excellent! Could you confirm the delivery address please?   caller: 42 Oak Street, correct?   receiver: Yes, that's right. Thanks, Jasmine!  "
"caller: Hello, this is the swim school. We're just reminding you that tomorrow is the last class of the session.   receiver: Thanks so much for the reminder! Does class still start at 10am?   caller: Yes, 10am as usual. If you'd like to re-enroll, let us know.  "
"caller: Hi, I’m Zoe from the book club. We’re meeting this Friday at 7pm, could you bring the snacks this time?   receiver: Sure, no problem! I’ll bring cookies and chips.   caller: Thank you, Zoe! Looking forward to it.  "
"caller: This is Carlos from Downtown Dry Cleaners. Your order is ready for pickup.   receiver: That’s great, thank you Carlos! I’ll pick it up this afternoon.   caller: We’ll have it ready at the front desk.  "
"caller: Hello, this is Grace from the hospital billing office. I wanted to go over your recent invoice and answer any questions.   receiver: Thank you, Grace. I did have a question about one of the charges.   caller: Of course. Which charge would you like to discuss?   receiver: The one for the second x-ray, I’m not sure I received that.   caller: Let me check your chart and get back to you.  "
"caller: Hi Mark, it's Sam at New Leaf Bikes. Your repair is finished and you can pick your bike up any time.   receiver: Awesome, thanks Sam! Did you replace the brake pads?   caller: Yes, and we oiled the chain as well.   receiver: Perfect, I appreciate it.  "
"caller: Good afternoon, this is Megan from Cactus Flower Florist. Your flower delivery will arrive between noon and 2 on Friday.   receiver: Thank you for confirming. Will I need to sign?   caller: Just a verbal acknowledgment is enough.  "
"caller: Hi, I’m calling from Healthy Smiles dental practice. We have to reschedule your cleaning to Friday at 11 am.   receiver: That works for me, thank you for letting me know.   caller: We’ll see you Friday!  "
"caller: Hello, it’s Ted from Home Repair. I’m confirming our appointment tomorrow morning at 9 for your leaky faucet.   receiver: Thank you, Ted. 9 AM is perfect, I'll be here.   caller: Looking forward to helping you.  "
"caller: Hi, this is Kelly from Eastside Books. The biography you requested is back in stock.   receiver: That’s great, Kelly. Could you hold a copy for me?   caller: Absolutely, we’ll set it aside with your name.  "
"caller: Hello, this is the dentist’s office reminding you of your child’s cleaning tomorrow at 3.   receiver: Thanks for the reminder!   caller: You’re welcome, see you then.  "
"caller: Good morning, Barry. This is the bank calling to confirm a recent change to your mailing address.   receiver: I did request that update, thanks for checking.   caller: Great, your new address will be reflected on the next statement.  "
"caller: Hi, this is Lillian from Tidy Housekeepers. Just checking if you’d like to reschedule your cleaning appointment next week.   receiver: Could we move it to Thursday morning?   caller: Of course, 10 am Thursday works. See you then!  "
"caller: Hello, it’s the music school calling to say the violin lesson this week has been canceled.   receiver: Thank you for letting me know; will it be rescheduled?   caller: Yes, we’ll email with new times soon.  "
"caller: Hi, it’s Callum at the electronics store. The laptop you ordered has arrived.   receiver: Fantastic! Can I pick it up today?   caller: Yes, anytime before 7pm.  "
"caller: Good afternoon, this is the vet office. Your prescription refill for Luna is ready for collection.   receiver: Thank you for letting me know! I’ll come by tonight.  "
"caller: Hello, this is Olivia from Sunshine Movers. We’re confirming your move this Saturday morning at 9 AM.   receiver: Yes, that’s correct. Thank you for the confirmation. Could you remind me of the crew size?   caller: There will be three movers. We’re excited to help you move!  "
"caller: Hi Anna, it’s Jen from the parent-teacher association. Could you help at the school fundraiser on Friday?   receiver: I can help! What time should I come?   caller: If you could arrive by 5 PM, that would be wonderful.  "
"caller: Hello, this is Ben from Run4Fun Club. Our group run is switched to Sunday at 8am, just wanted to update you.   receiver: Thanks for letting me know, Ben. See you Sunday!  "
"caller: Hi, this is the front desk at the hotel. We noticed you left a jacket in your room.   receiver: Oh, thank you! Can you hold it until I return next week?   caller: No problem at all. We’ll keep it safe until then.  "
"caller: This is the audiology clinic calling to remind you about your hearing test next Wednesday at 2:30pm.   receiver: Thank you, I have it on my calendar.   caller: Great, see you then!  "
"caller: Hello, it’s Pacific Electric confirming your service appointment for 10 am Friday.   receiver: Thank you, I’ll make sure I’m home.   caller: See you Friday!  "
"caller: Hi, I’m calling from Starlight Tutors. We’d like to know if you’d like to continue with tutoring sessions after this week.   receiver: Yes, my daughter is enjoying them. Let’s continue next month.   caller: Great! We’ll email you new schedule details soon.  "
"caller: Good afternoon, this is the health clinic. Your flu shot appointment is on Thursday at 11am.   receiver: Thanks for the reminder, I’ll see you then.   caller: Looking forward to it.  "
"caller: Hi Rick, this is Candace from Office World. The supply order you placed is ready.   receiver: Thanks, Candace. I’ll come by in the next hour.   caller: See you soon!  "
"caller: Hello, I’m calling from the community center. There’s a spot available in the yoga class you were waitlisted for.   receiver: That’s wonderful! When does it start?   caller: Next Wednesday at 7pm.   receiver: Please sign me up!  "
"caller: Hi Martha, it’s the local bakery. Your cake order is ready for pickup anytime today.   receiver: Great, thank you! I’ll pick it up after lunch.  "
caller: This is Lakeside Pharmacy. We wanted to let you know your prescription is delayed and will be ready tomorrow.   receiver: Thank you for the update.   caller: Sorry for the wait! We’ll call when it’s ready.  
"caller: Hello, I’m with Public Works. We’ll be repairing the street by your house Wednesday.   receiver: Thank you for letting me know. Should I move my car?   caller: Yes, please park on the next block Wednesday morning.  "
"caller: Hi, this is Susan at Happy Paws. Your dog’s grooming is finished and he’s ready to go home.   receiver: Thank you so much, Susan! I’ll be there soon.  "
"caller: Good afternoon, this is Tom from Main Street Bank. There’s a new offer for our checking customers—we can mail you some info if you like.   receiver: Sure, I’m interested in learning more. Mail it to my home address, please.   caller: Will do, thanks for your interest!  "
"caller: Hi, this is the movie theater. You left your umbrella after the last show.   receiver: Oh! Thank you for finding it. I’ll pick it up soon.  "
"caller: Hello, this is Glen at Hilltop Garden Center. The plants you ordered are ready for pickup.   receiver: Thanks, Glen! I’ll come by this weekend.   caller: We’ll have them set aside for you.  "
"caller: Hi, this is the post office. You have a parcel to collect.   receiver: Thank you for the notice. I’ll pick it up on my way home.  "
"caller: Hello, this is Elaine from Red Cross. Do you have time to donate blood this week?   receiver: I can stop by Friday morning. Is that okay?   caller: Yes, we’ll see you then!  "
"caller: Hi, this is Carla from MyFitness Gym. Your membership renewal is due next month; are you planning to renew?   receiver: Yes, I’d like to continue. Please renew my membership.   caller: Perfect, we’ll get that processed for you.  "
caller: This is Fairview Library calling. Your reserved books are ready for pickup.   receiver: Thanks! I’ll be by today before closing.  
"caller: Hi, it’s the painter calling to confirm your appointment for Monday at 8am.   receiver: Thank you for confirming! Will you bring all the supplies?   caller: Yes, I’ll have everything needed.  "
"caller: Hello, this is the optometrist’s office reminding you of your appointment Thursday at 10am.   receiver: Thanks for the reminder, I’ll be there.  "
"caller: Hi, this is Rick from City Hall. The permit you applied for is ready for pickup at the clerk’s office.   receiver: Thank you, Rick. I’ll pick it up tomorrow.  "
"caller: Good afternoon, this is Wendy from Techwise. Your phone repair is complete and you can pick it up anytime.   receiver: Awesome, Wendy. I’ll come by after work.  "
"caller: Hi, this is Sophia at Natural Foods Market. We have your special order ready.   receiver: Thank you for calling. I'll pick it up this evening.  "
"caller: Hello, it’s Rachel from the college’s advising office. Your meeting with Mr. Tang is tomorrow at 11am.   receiver: Thank you for the reminder, Rachel.  "
"caller: Hi, this is the apartment manager. The elevator is being serviced tomorrow morning, so please use the stairs from 7-10am.   receiver: Thanks for letting me know. I’ll plan accordingly.  "
"caller: This is Westside Family Practice reminding you of your telehealth appointment at 4 PM tomorrow.   receiver: Thanks for the call, I’ll be ready for the video call.  "
"caller: Hello, I’m from the city recycling program. We’re distributing free bins—would you like one delivered?   receiver: Yes, that would be fantastic. Please deliver to my front porch.  "
"caller: Hi, this is Mark from the toy store. The game you reserved is back in stock.   receiver: Thank you, Mark! I’ll stop by to get it this afternoon.  "
"caller: Hello, it’s Adriana from Lakeside Spa. This is a reminder about your massage appointment at 5 PM Thursday.   receiver: Thanks Adriana, I’ll be there.  "
"caller: Hi, this is Ryan at GreenTech. The part you ordered has arrived.   receiver: Great! I’ll pick it up tomorrow after work.  "
"caller: Hello, this is Fiona from the community food drive. Could you help with distribution next Tuesday?   receiver: I’d be happy to help. What time do you need volunteers?   caller: We start at 3 pm, if you can arrive then.   receiver: I’ll be there at 3.  "
"caller: Good morning, this is the university library. You left your flash drive at our front desk.   receiver: Thank you so much! I’ll come pick it up today.  "
"caller: Hi, this is the optician. Your new glasses are ready to be picked up.   receiver: Thanks, I’ll come by after work.  "
"caller: Hello, it’s Rachel from the travel agency. Your documents are ready for collection.   receiver: Great news! I’ll come by tomorrow morning.  "
"caller: Hi, this is Helen at Bark Avenue. Your dog’s vaccination records are ready in your online account.   receiver: Thank you for the update, Helen. I’ll check the website.  "
caller: This is David from Thunder Appliance Repair. Your parts have arrived and we’re ready to book your repair visit.   receiver: Perfect! What dates are available?   caller: We have Wednesday or Friday this week.   receiver: Let’s do Wednesday morning.  
"caller: Hello, I’m calling from Water Works. We’ll be fixing pipes in your neighborhood on Monday; expect low pressure.   receiver: Thanks for letting me know, I’ll prepare accordingly.  "
"caller: Good afternoon, this is Tara from Willow Café. We found your credit card at our register.   receiver: Thank you, I’ll come by as soon as I can!  "
"caller: Hi, it’s Jane from the local gym. Would you like to schedule a tour?   receiver: Yes, that would be great. How about Wednesday afternoon?   caller: 2 pm works for us. See you then!  "
"caller: Hello, this is Michael at Auto World. Your car’s inspection is due next month.   receiver: Thanks for the reminder. I’ll schedule an appointment soon.  "
"caller: Hi, I’m calling from Southtown Vet. We wanted to check up on Daisy after her surgery last week.   receiver: She’s healing well, thank you for following up.   caller: Glad to hear it! If you notice anything unusual, just call us.  "
"caller: Good morning, this is the children’s museum. The art workshop you signed up for is moved to Saturday at noon.   receiver: Got it, thanks for the new time.  "
"caller: Hi, it’s Amy from the Farmer’s Co-op. Your egg order will be ready for pickup Friday after 3pm.   receiver: Thank you for calling, I’ll see you Friday.  "
"caller: Hello, this is the park district. Our outdoor concert is postponed due to weather—new date is next Friday.   receiver: Thanks for the update, I’ll mark my calendar.  "
"caller: Hi, this is Marcus from Laundry Land. Your dry cleaning is ready for pickup.   receiver: Thanks! I’ll swing by tonight.  "
"caller: Hello, it’s Ellen at City Travel. We’re confirming your shuttle pickup at 7am Sunday.   receiver: Thanks for confirming. I’ll be ready at 7am.  "
"caller: Good morning, I’m calling from the Language Center. We’re evaluating class schedules for next semester—do you have a preferred day?   receiver: I prefer Wednesdays or Thursdays in the evening.   caller: Thank you, we’ll do our best to accommodate your choice.  "
"caller: Hi, this is Jenna from the plant nursery. The rare orchid you ordered has arrived.   receiver: That’s wonderful, Jenna. I’ll be there after work.  "
"caller: Hello, I’m calling from the school bus company regarding a change in drop-off location for your child.   receiver: Thank you for notifying me. Where is the new drop-off?   caller: It’s now 2 blocks south, at Hamilton Avenue.   receiver: Got it, we’ll adjust our pickup plan.  "
"caller: Hi, this is Tim from the ice rink. Your skating lesson is rescheduled to Saturday at 11am.   receiver: Thanks for letting me know. See you Saturday!  "
"caller: Hello, this is Maya from the community center. We’re holding your spot for the pottery class starting Wednesday at 6pm.   receiver: Sounds great, Maya! I’m looking forward to it.  "
"caller: Hi, this is Gina from Nature Photography Club. Our next meeting is at the nature reserve Sunday at 9am.   receiver: Thank you for the update, I’ll be there!  "
"caller: Good morning, this is Brandon from the appliance store. Your fridge is scheduled for delivery Thursday between 2 and 4pm.   receiver: Thanks, Brandon. I’ll be home for the delivery.  "
"caller: Hi, this is Elaine from the wellness center. The meditation class is postponed to next Monday at the same time.   receiver: Thank you for the update, I’ll make a note.  "
"caller: Hello, I’m with the bicycle shop. The part you requested has come in—we can schedule installation if you want.   receiver: Yes, I’d like to install it Friday if possible.   caller: Friday works, we’ll see you then!  "
"caller: Hi, this is Luke at City Grocers. We just wanted to thank you for your recent donation to the food drive.   receiver: You’re welcome, glad to help the community.   caller: We appreciate your support!"
