dialogue
"caller: Hi, this is Mark from your local pharmacy. I just wanted to confirm your medication refill for next week—does Friday still work? receiver: Hi Mark, yes, Friday works perfectly. Thank you for checking in. "
"caller: Hello Mrs. Chen, this is Jake from Greenway Landscaping. We’re scheduled to start your lawn maintenance tomorrow morning. Is 8 AM still alright? receiver: Hi Jake, yes, 8 AM is great. Thank you for letting me know!"
"caller: Good afternoon, is this Alex Stevens? receiver: Hi, yes, this is Alex. caller: This is Stacey from the dentist’s office. You have an appointment on Thursday. Would you like to confirm or reschedule? receiver: Thursday works fine, please keep it on the calendar."
"caller: Hey, it’s Emma. Did you want to carpool to the conference tomorrow or drive separately? receiver: Hey Emma! I’d love to carpool. What time are you thinking of leaving? caller: Around 7:30 if that works. receiver: That’s perfect, see you then!"
"caller: Hello, this is the library calling for Mr. Patel. Two of your books are almost due. Will you need more time? receiver: Oh, thank you for the reminder. Yes, I’ll renew them online now."
"caller: Hi, is this the parent or guardian of Leah Smith? receiver: Yes, this is her mom. caller: We’re calling from the school to let you know Leah was awarded student of the month. receiver: That’s wonderful! Thank you for letting us know."
"caller: Hi, this is Tom from Sunbeam Electric. We’re conducting routine maintenance in your area tomorrow starting at 10 AM. receiver: Thanks for the heads up, Tom. I’ll make sure I’m prepared."
"caller: Hello, this is Rose from the animal clinic confirming Luna’s vaccination appointment. receiver: Thanks, Rose. What time is it again? caller: It’s scheduled for 2 PM tomorrow. receiver: Got it, we’ll be there."
"caller: Hey, it’s Sam from work. Did you get the new project brief I sent out? receiver: Hi Sam, yes, I received it. I’ll review it by this afternoon. Thank you!"
"caller: Hello Mr. Brenner, this is UPS calling about your package delivery. Will someone be home tomorrow between 9 and 12? receiver: Yes, I’ll be home during that window. Thank you for checking."
"caller: Hi, this is Julie from Community Bank. We’re updating our contact information. Could you confirm your current address? receiver: Sure, it’s 229 Clover Street, Springfield. caller: Perfect, thank you!"
"caller: Good afternoon, it’s Daniel from the yoga studio. There’s a new class starting next week if you’re interested. receiver: Oh, thanks Daniel! What days will it be held? caller: Mondays at 7 PM. receiver: Great, I’ll sign up."
"caller: Hello, Mrs. Evans, I’m calling from the Vet’s Office about Max’s lab results. They look great. receiver: That’s excellent news, thank you! caller: Can we email the full report? receiver: Yes, please email it."
"caller: Hi, this is Angela from Maple Community Center. You left a backpack here yesterday. receiver: Oh! Thank you, I’ll come pick it up this afternoon."
"caller: Hello, this is Rachel with City Gas. We’ll be doing meter checks tomorrow. Will access be available? receiver: Yes, the gate will be unlocked. Thanks for letting me know."
"caller: Hey, it’s your neighbor Steve. You left your car window open, and it’s starting to rain. receiver: Oh dear, thanks for telling me, I’ll go close it right now!"
"caller: Hi Mrs. Lopez, this is Susan from Valley Pediatrics. We’re confirming Camila’s physical appointment for Monday at 10 AM. receiver: Thanks for confirming, Susan. Monday works for us."
"caller: Good morning, this is the office of Dr. White following up on your prescription. Are you experiencing any side effects? receiver: No, everything’s been fine so far, thank you for checking in."
"caller: Hello, Mr. Hart, I’m with the city water department. There’s a planned outage on Thursday. receiver: Thanks for letting me know, will it be all day? caller: It should just last from 9 to 2. receiver: Okay, that’s manageable."
"caller: Hi, this is Casey from Pet Pals Grooming. Fluffy’s grooming appointment is set for tomorrow at 1. Still good? receiver: Yes, that’s perfect, thank you Casey."
"caller: Hey, it’s Mike from soccer. Practice is moved to the west field at 5. Let the others know? receiver: Will do, thanks for the update, Mike!"
"caller: Good morning, this is Tracy at the bakery. Your cake order will be ready by 3 PM. receiver: Thanks, Tracy. I’ll pick it up after work."
"caller: Hi, this is Glenn from the community theatre. You have two tickets on hold for Saturday’s show; would you like to confirm? receiver: Yes, please confirm. Thank you, Glenn."
"caller: Hello, this is Linda, your tax preparer. There’s a document missing from your file; can you bring your mortgage statement? receiver: Ah, I forgot that. I’ll bring it by this afternoon."
"caller: Hi Victor, this is Dan from the hardware store. The paint you ordered has arrived. receiver: Great, I’ll swing by to pick it up after lunch."
"caller: Hello, this is Sarah from Tiny Tots Preschool. Chloe’s class is cancelled tomorrow due to maintenance. receiver: Thanks for letting me know, Sarah."
"caller: Hey, it’s Ben with a quick question—are you still down to help with the garage sale this weekend? receiver: Absolutely, Ben. Just let me know when to be there!"
"caller: Good afternoon, this is the County Public Works Department. Road work will affect your street next week. receiver: Thanks for warning us. Any detour information yet? caller: We’ll send a notice tomorrow. receiver: Thank you!"
"caller: This is Laura from the dry cleaners. Your order is ready for pickup. receiver: Thank you, Laura. I’ll be by tomorrow morning."
"caller: Hi, it’s Ethan. I found your wallet at the coffee shop and wanted to return it. receiver: Oh wow, thank you, Ethan! Where can we meet?"
"caller: Hello Ms. Parker, this is the tennis club. Courts are closed for resurfacing on Friday. receiver: Thanks for the update, I’ll plan accordingly."
"caller: Hi, this is Dr. Rao’s office reminding you of your appointment tomorrow at 4 PM. receiver: Thank you for the reminder!"
"caller: Hey, I have your Amazon package—the driver left it at my door by mistake. receiver: Oh, thanks for letting me know! I’ll come get it."
"caller: Hi, this is Olivia from the music school. Your lesson is moved to Thursday. receiver: Thank you, Olivia. That works for me."
"caller: Hello, this is Brenda from Rec Center Rentals. The room you booked is no longer available, but we have another option. receiver: What’s the alternative? caller: The Elm room, same capacity. receiver: That’s fine, thank you."
"caller: Hello, it’s Dave from Green Taxi—your car is downstairs. receiver: Perfect, I’ll come right down, thanks Dave."
"caller: Hi, this is Marcus at Blue Lake Bank. There was a small credit on your account we wanted to clarify. receiver: Oh? What was it for? caller: A transfer from last week posted late. receiver: Ah, that makes sense, thank you."
"caller: Good afternoon, Jane. The table you reserved for dinner tonight will be ready at 7. receiver: Great, thank you for confirming!"
"caller: Hey, it’s Will from your running group. Can you bring water for tomorrow’s trail run? receiver: Sure thing, Will!"
"caller: Hi, this is Julia at Sunny Day Spa. Just confirming your massage appointment for Tuesday at noon. receiver: Thanks Julia, see you then!"
"caller: Hello, this is Don from the community watch. Your porch light was off last night—everything okay? receiver: Yes, I just forgot. Thanks for checking in."
"caller: Hi, this is Pam from the local food bank. Would you like to volunteer again this Saturday? receiver: Absolutely, what time do you need me? caller: 9 AM would be great. receiver: I’ll be there!"
"caller: Hello, this is Simon from Genuine Appliances. Are you satisfied with your recent repair? receiver: Yes, thanks for following up. It’s working great."
"caller: Good morning, Anna. Your prescription is ready for pickup at Willow Pharmacy. receiver: Thank you, I’ll pick it up today."
"caller: Hi, this is Katie at Book Haven. The novel you wanted is in stock now. receiver: Wonderful, please hold it for me."
"caller: Hello, this is Rob from the building manager’s office. There’s going to be a fire alarm test tomorrow at 9 AM. receiver: Thanks for the heads up, Rob."
"caller: Hey, it’s Jessie. Did you find your umbrella after yoga last night? receiver: Oh, not yet. Did you see it? caller: Yes, I have it with me. receiver: Awesome, let’s meet after work!"
"caller: Hi, this is Lucy from Cozy Cafe. You left your glasses here. receiver: Oh great, thanks Lucy—see you soon."
"caller: Hello, this is George at Safe Movers. We’re confirming your moving date for next Tuesday. receiver: Yes, that’s correct. Thank you for checking."
"caller: Hi, this is Emily, your dental hygienist. How are you feeling after your cleaning yesterday? receiver: Hi Emily, I’m good, no issues at all. Thanks for checking!"
"caller: Good morning, is this Sophia? This is Emma from the flower shop. Your order will be delivered at noon. receiver: Thank you so much for letting me know, Emma."
"caller: Hey, it’s Tom from trivia night. We’re changing the venue to The Golden Goose. Still able to make it? receiver: Absolutely! Thanks for letting me know, Tom."
"caller: Hi, it’s the front desk. Do you need extra towels for your room? receiver: Yes, please, that would be wonderful."
"caller: Hello, this is the Ridgewood Animal Shelter. Are you still interested in adopting Pepper? receiver: Yes, I am! What’s the next step? caller: We’ll schedule a home visit. receiver: Sounds great!"
"caller: Hi, this is Linda from the community garden. Your plot needs weeding; can you come by this weekend? receiver: Yes, I’ll take care of it Saturday."
"caller: Hello, this is Ted with Parks & Rec. The kids’ soccer game is cancelled due to rain. receiver: Thanks for notifying us, Ted."
"caller: Hi, this is Rachel from Sunny Smiles Dental. Would you like to reschedule your cleaning for next week? receiver: Yes, next Thursday would work for me."
"caller: This is Gabe from Tech Support. Is your internet connection working now? receiver: Yes, it’s finally back up. Thank you for your help!"
"caller: Hey, it’s your brother. I’m at the store—do you need anything? receiver: Oh, could you grab some milk and eggs? caller: Sure thing."
"caller: Hello, this is Sam from the gym reminding you your membership renewal is next week. receiver: Thank you, I’ll handle it tomorrow."
"caller: Hi, this is Amy with Valley Travel Agency. Your itinerary’s been updated and sent via email. receiver: Thanks, Amy! I’ll review it."
"caller: Good afternoon, this is the Registrar’s Office. We need a signature from you for your graduation paperwork. receiver: I can come by tomorrow morning."
"caller: Hi, this is Omar from the community board. There’s a meeting Thursday at 6 PM. Can you make it? receiver: Yes, thanks for inviting me!"
"caller: Hello, it’s Chris from your building maintenance. We fixed your shower this morning. receiver: Thank you, Chris! It’s working great now."
"caller: Hey there, did you want to join us for dinner on Saturday at The Diner? receiver: I’d love to! What time? caller: 7 PM work? receiver: Perfect."
"caller: Hi, this is Ava from the animal hospital. We’re calling to check on how Bella is recovering. receiver: She’s doing much better, thank you for following up."
"caller: Hey, it’s Jack from the chess club. Want to meet for a game this afternoon? receiver: Sure, what time were you thinking? caller: Around four? receiver: Works for me."
"caller: Good morning, this is Maria from Kids’ Rides. The field trip bus will leave at 9:15 tomorrow. receiver: Thank you, I’ll make sure my child is on time."
"caller: Hello, this is Paula at the law office. Your documents are ready for signature. receiver: Thank you, I’ll stop by this afternoon."
"caller: Hi, this is Cheryl from Healthy Eats. Your meal delivery will arrive by 6 PM tonight. receiver: Great, thank you Cheryl."
"caller: Hello, it’s Ben from the pool. The water aerobics class is rescheduled to Friday at 10 AM. receiver: Thanks for letting me know, Ben."
"caller: Hi, this is Natalie from the daycare center. Alex left his lunchbox here today. receiver: Thank you so much, I’ll pick it up after work."
"caller: Good afternoon, it’s Eric from the guitar shop. Your instrument is restrung and ready. receiver: Awesome, thanks Eric!"
"caller: Hey, it’s Lila. I saw you left your headlights on in the parking lot. receiver: Oh, thank you Lila! I’ll go turn them off."
"caller: Hi, it’s Jen from the quilting club. Our meeting time changed to Thursday at 2 PM. receiver: Thanks, Jen! I’ll be there."
"caller: Hello, this is James from Blueridge Cleaners. Your curtains will be ready by 4 PM. receiver: Thank you, James. I appreciate it."
"caller: Hi, this is Carol from Twin Pines Assisted Living. Your mother asked us to give you a call about visiting options. receiver: Thank you for reaching out, Carol."
"caller: Hey, it’s Todd from the farmers market. Your bread order will be ready at 11. receiver: Thanks, Todd! See you then."
"caller: Good morning, this is Lisa from HQ News. Could you provide a quote for our upcoming article? receiver: Absolutely! What’s the topic?"
"caller: Hi, this is Emily from Starlight Travel. Your reservation has been confirmed for next month. receiver: Wonderful, thank you for confirming."
"caller: Hello, this is Gordon at the copy center. Your print job is ready for pickup. receiver: Thanks, Gordon. I’ll be there today."
"caller: Hey, it’s Amanda. The movie starts at 7—do you want me to get tickets in advance? receiver: Yes, please! I don’t want to miss out."
"caller: Hi, this is the town library. The book you requested is ready for pickup. receiver: Awesome, thank you so much."
"caller: Good afternoon, it’s Kelsey from the animal rescue. Boots’ adoption paperwork is ready. receiver: That’s great! When can I come by to sign?"
"caller: Hello, this is Brian from Sun Coast Medical. Your blood test results are ready. Should we email or call with the results? receiver: Please email them, thank you."
"caller: Hi, it’s Marsha from the HOA board. Your mailbox needs a minor repair—would you like recommendations for contractors? receiver: Yes, I’d appreciate their contact info. Thank you!"
"caller: Hello, this is Adam with the recycling program. Pickup is delayed until Friday this week. receiver: Got it, thank you for letting us know, Adam."
"caller: Good morning, this is Helen from the post office. You have a package that needs a signature. receiver: Thanks, Helen. I’ll come in during lunch."
"caller: Hi, this is Trish from Sunset Realty. Your lease renewal packet is available online. receiver: Thank you for the update, Trish."
"caller: Hello, it’s Nick from Midtown Furniture. Delivery of your sofa is scheduled for Tuesday morning, is that convenient? receiver: Yes, Tuesday works for me."
"caller: Hi, this is Katie from the music store. Your guitar repair is complete. receiver: Thank you! I’ll pick it up Saturday."
"caller: Hello, this is the community art studio. Your pottery class starts this Wednesday. receiver: Thank you, I look forward to it!"
