dialogue
"caller: Hi, is this Emily?   receiver: Yes, who’s calling?   caller: Hi Emily, this is Greg from Dr. Sullivan’s office. We’re calling to confirm your dental appointment for Monday at 3 PM.   receiver: Oh, thanks for the reminder! I’ll be there."
"caller: Hello, may I speak with Ms. Robinson?   receiver: This is she. Who is calling?   caller: Hi, this is Carlos from the library. Your books are ready for pick-up at your convenience.   receiver: Thank you! I’ll come by later today."
"caller: Good morning, Mr. Edwards. This is Lila from Greenview Apartments.   receiver: Hi, Lila.   caller: Just wanted to let you know that the maintenance team will check your heating system tomorrow around noon.   receiver: Great, thank you for letting me know!"
"caller: Hey James, it’s Rachel.   receiver: Hey Rachel! How are you doing?   caller: I’m good! Just wanted to ask if you’re coming to the barbecue on Saturday.   receiver: Absolutely, I’ll be bringing potato salad."
"caller: Hello, this is the Friendly Pet Clinic.   receiver: Oh, hello!   caller: We wanted to let you know that Max is ready to be picked up after his grooming session.   receiver: Wonderful, I’ll be there in 20 minutes!"
"caller: Hi, is this Mrs. Andrews?   receiver: Yes, who’s calling?   caller: This is Derek from the pharmacy. Your prescription is ready for pickup.   receiver: Thank you so much for the update."
"caller: Hey Alex, it’s your cousin Ben.   receiver: Hey Ben! What’s up?   caller: Just making sure you got the invite for Grandma’s birthday next week.   receiver: Yes, I’ll be there for sure!"
"caller: Good afternoon, this is Leonard from the community garden board.   receiver: Hello, Leonard!   caller: Just reminding you that the meeting has been moved to Thursday at 6 PM.   receiver: Thanks for letting me know, I’ll be there."
"caller: Hi, Dr. Kim, this is Mia calling from the lab.   receiver: Hello, Mia!   caller: Your test results are ready and have been emailed securely to your inbox.   receiver: Thank you very much!"
"caller: Hi, is Charlie available?   receiver: Speaking.   caller: This is Olivia from Riverbank Vet. Shadow’s vaccines are due this month and we wanted to set up an appointment.   receiver: Sure, how about next Friday?"
"caller: Hey, Sophie, it’s Mark from the gym.   receiver: Oh hi, Mark!   caller: We have a promotion on personal training sessions for existing members, valid until next week. Curious if you’d like to know more?   receiver: That sounds interesting! Please send me the details."
"caller: Hi, is this Lionel?   receiver: Yes, it is.   caller: This is Nancy from the city utilities office. Your water service will be interrupted briefly tomorrow for maintenance.   receiver: Thanks for informing me, I’ll prepare accordingly."
"caller: Hello, Mary, it’s Tom from the running club.   receiver: Hey Tom!   caller: Just wanted to check if you’re joining the morning run tomorrow.   receiver: Yes, I'll be there at 7."
"caller: Hi, may I speak to Chris?   receiver: Speaking.   caller: Chris, this is Paula from Auto Solutions. Your vehicle is ready to be picked up, and the paperwork is at the front desk.   receiver: Thank you, I’ll be over soon."
"caller: Hello, is Amanda there?   receiver: This is Amanda.   caller: This is Adam from Lakeshore Bank. I’m calling to let you know your new debit card is available at our main branch.   receiver: Thank you so much!"
"caller: Hey David, it’s Brian.   receiver: Hey!   caller: Quick heads up, your lawn service is coming tomorrow instead of Friday this week due to the forecasted rain.   receiver: Got it, thanks for letting me know, Brian."
"caller: Good morning, this is Queenie from City Florist.   receiver: Good morning!   caller: Your bouquet delivery is scheduled for 1 p.m. Is that a good time for you?   receiver: Yes, that works for me."
"caller: Hi, is Jenna available?   receiver: This is Jenna.   caller: Hi, this is Riley from the book club. Just a reminder: we’re discussing “The Wind’s Tale” at tonight’s meeting.   receiver: Thanks for the reminder! I’ll see you there."
"caller: Hello, Mrs. Lee, I’m Susan from Harmony Elementary.   receiver: Hello, Susan.   caller: We wanted to confirm your attendance at parent-teacher conferences this Thursday.   receiver: Yes, I’ll be there at 2 p.m."
"caller: Hello, Mr. Green, this is Amiya from Fresh Foods.   receiver: Hi Amiya.   caller: Your grocery delivery is running behind schedule and should arrive by 7 instead of 6.   receiver: That’s fine, thank you for the update."
"caller: Hi, is this Becca?   receiver: Yes.   caller: This is Jordan from Sun Star Travel. I’m calling to confirm your booking for June 15th to Hawaii.   receiver: Wonderful. Thank you for confirming, Jordan!"
"caller: Hey, this is Angie from the animal shelter.   receiver: Hi Angie!   caller: Just following up on your interest in adopting Bella. Would you like to set up a visit this weekend?   receiver: Yes, absolutely! Saturday works for me."
caller: Good morning! Is Mr. Patel available?   receiver: Speaking.   caller: This is Dean from the repair service. We’ll be at your house between 9 and 11 a.m. tomorrow for the appliance fix.   receiver: Perfect. Thank you for confirming.
"caller: Hi, this is Hannah from the yoga studio.   receiver: Hello, Hannah!   caller: Just checking if you’ll be attending our sunrise class on Sunday?   receiver: Yes, I’ll be there bright and early!"
"caller: Good afternoon, this is Peter from the polling office.   receiver: Good afternoon.   caller: We’d like to confirm that you received your mail-in ballot for the upcoming election.   receiver: Yes, I received it last week. Thank you!"
"caller: Hi, can I speak to Tom?   receiver: This is Tom.   caller: Hi, this is Danielle from Crescent Pharmacy. We wanted to let you know your refill is now ready for pickup.   receiver: Thanks, I appreciate the call."
"caller: Hey Julia, it’s Megan from the soccer team.   receiver: Hey Megan!   caller: The game on Sunday is at a different field, just wanted to make sure you knew.   receiver: Thanks for the heads up, I'll set my GPS."
"caller: Hello, is this the Smith residence?   receiver: Yes, who’s calling?   caller: This is Alan from SolarTech. We’re scheduled to install your panels on Monday and just want to confirm.   receiver: Yes, we are ready. Thank you for confirming."
"caller: Hi, this is Diego from Midtown Cleaners.   receiver: Hi, Diego!   caller: Your order is ready for pick up at your convenience.   receiver: Thanks so much, I’ll swing by this afternoon."
"caller: Hello, this is Eric from the post office.   receiver: Hi Eric.   caller: I wanted to let you know we have a registered letter waiting for you at our branch.   receiver: Thank you, I’ll come by after work."
"caller: Hi, is Maya home?   receiver: This is Maya.   caller: This is Steve from Lakeside Pharmacy, just a courtesy call—your medication is available for pickup today.   receiver: Thanks for letting me know!"
"caller: Hello, may I speak with George?   receiver: George speaking.   caller: This is Lisa from your vet office. Bowser’s checkup is next Tuesday. Will you need to reschedule?   receiver: No, that works. Thank you for reminding me."
"caller: Evening, Mrs. Walters. This is Jasmine with Meadowbrook HOA.   receiver: Good evening, Jasmine!   caller: There’s a meeting on Thursday to discuss garden maintenance. Hope to see you there.   receiver: Thank you, I’ll make sure to attend."
"caller: Hi, it’s Mark from the university IT desk.   receiver: Oh, hi Mark!   caller: Our system will be down for maintenance tonight from 11 p.m. to 4 a.m.   receiver: Thanks for letting me know, I’ll adjust my schedule."
"caller: Hello, Emma, this is Patty from Happy Paws.   receiver: Hi Patty!   caller: Following up to see how Luna is doing after her last appointment.   receiver: She’s much better, thank you for checking!"
"caller: Hi, this is the front desk at Evergreen Hotel.   receiver: Hello!   caller: We wanted to remind you that your check-out time tomorrow is at 11 a.m.   receiver: Thank you, I’ll be packed and ready."
"caller: Hello, is Mr. Kostas available?   receiver: Speaking.   caller: This is April from City Insurance, calling to review your renewal options.   receiver: Sure, I have a few minutes."
"caller: Hi, Julianne, this is Greg from the COA office.   receiver: Hi Greg, what’s up?   caller: We have an opening in the Wednesday ceramics class if you’re still interested.   receiver: Yes! Sign me up, please."
"caller: Good afternoon, Mr. Yang, this is Carol from Northside Music School.   receiver: Hello, Carol!   caller: I’m calling to confirm your son’s lesson at 5 p.m. Thursday.   receiver: That’s right, thanks for the confirmation."
"caller: Hello, is Rita there?   receiver: This is Rita.   caller: It’s Paul from the leasing office—just a courtesy notice, our elevator will be out for repairs Friday.   receiver: Thanks for the heads up, Paul."
"caller: Hey Jess, it’s Andy from the office.   receiver: Hey Andy!   caller: I’m putting together a lunch order for tomorrow. Got any preferences?   receiver: Sushi sounds great if possible!"
"caller: Hi, can I speak with Mr. D’Souza?   receiver: This is he.   caller: This is Samantha from the car dealership. Your new plates are available for pickup.   receiver: Perfect, thank you, Samantha."
"caller: Hello, this is Tom from the science lab.   receiver: Hi Tom!   caller: Your project materials are ready for collection.   receiver: Fantastic! I’ll stop by at lunch."
"caller: Good morning, this is Beverly from the Community College.   receiver: Good morning, Beverly.   caller: I’m confirming your orientation slot for next Tuesday at 10 a.m.   receiver: Thank you, I have it on my calendar."
"caller: Hi, is this Caitlyn?   receiver: Yes, who is this?   caller: This is Brett from Rowe’s Bakery, your cake is ready for pickup.   receiver: Awesome, I’ll be there soon!"
"caller: Hello, Sheryl, it’s Ben from the mortgage team.   receiver: Hi, Ben.   caller: We received all your documents and will be in touch as soon as we complete the review.   receiver: Excellent, thank you for the update."
"caller: Hey, it’s Kyle from the shipping department.   receiver: Hi Kyle!   caller: Your package arrived today and is available at the front desk.   receiver: Thanks for letting me know!"
"caller: Good afternoon, Dr. Wilson, this is Brenda from the conference planning committee.   receiver: Hello, Brenda.   caller: Please confirm your attendance at the panel next Friday.   receiver: I’ll be there. Thank you for the reminder."
"caller: Hi, can I speak to Evelyn?   receiver: Speaking.   caller: This is Jordan from Parkside Fitness, calling about your class cancellation. Would you like to reschedule?   receiver: Yes, please. Can we do Wednesday?"
"caller: Hello, is this Mr. Choi?   receiver: Yes, it is.   caller: This is Lisa at the bookstore. Your special order is in.   receiver: Great, I’ll stop by this afternoon."
"caller: Hey Ryan, it’s Tess from the bike shop.   receiver: Hi Tess!   caller: Your repair is done and ready for pickup.   receiver: Awesome, I’ll swing by before close."
"caller: Hello, may I speak to Daisy?   receiver: This is Daisy.   caller: Hi, I’m Mike from Westside Dry Cleaners. Your items are ready.   receiver: Thank you for letting me know!"
"caller: Hi, this is Amy from the vet.   receiver: Hi Amy!   caller: Benny will need a booster shot in two weeks. Would you like to set an appointment?   receiver: Yes, how about the 15th?"
"caller: Good evening, this is Zane from the theater box office.   receiver: Good evening!   caller: Your tickets for Friday’s show are ready for pickup.   receiver: Thanks, I’ll come by tomorrow."
"caller: Hello, Mr. Evans, this is Delaney from the allergy clinic.   receiver: Hi Delaney.   caller: Just a reminder about your appointment this coming Tuesday at 11 a.m.   receiver: Thank you. I appreciate it."
"caller: Hi, can I talk to Natalie?   receiver: This is Natalie.   caller: This is Simon from Smart Movers. We’re confirming your move on the 18th.   receiver: Yes, that's correct. Thank you!"
"caller: Hi, is this Mr. Jansen?   receiver: Yes, it is.   caller: It’s Rachel at the tax office, reaching out to let you know your documents are ready for review.   receiver: Thank you, Rachel. I'll come this week."
"caller: Good morning, this is Karen from the art studio.   receiver: Hi Karen!   caller: We’re offering a new watercolor workshop Saturday, would you like to join?   receiver: Absolutely, please sign me up."
"caller: Hey Lydia, it’s Sean from the basketball league.   receiver: Hi Sean!   caller: Games are postponed this week due to weather.   receiver: Bummer, but thanks for letting me know."
"caller: Hello, may I speak to Mr. Blake?   receiver: This is Mr. Blake.   caller: This is Maggie from First Bank customer service. We noticed some unusual activity and wanted to confirm it was you before taking any steps.   receiver: I appreciate your diligence. Let’s review those transactions."
"caller: Hi, Anne, this is Tariq from the event team.   receiver: Hello, Tariq.   caller: We’d like to confirm your RSVP for Saturday’s gala.   receiver: Yes, I’ll be there. Thank you."
"caller: Hi, is this Olivia Benton?   receiver: Yes, this is Olivia.   caller: This is Casey from the university admissions office. Your acceptance packet has been mailed out today.   receiver: That’s wonderful, thank you for letting me know!"
"caller: Hi, this is Karen from School Transportation.   receiver: Hello, Karen!   caller: Tomorrow’s bus route will change due to construction. Check our website for details.   receiver: Thank you. I’ll look for the update."
"caller: Hello, Mr. Stone, this is Pam at City Library.   receiver: Hello, Pam.   caller: Your reserved books are ready for pick-up.   receiver: Perfect, I’ll stop by after noon."
"caller: Good afternoon, is Ms. Ortega available?   receiver: Speaking.   caller: This is Henry from the Credit Union. We approved your loan. All you need to do is drop by with ID to finish paperwork.   receiver: Thank you so much for calling!"
"caller: Hello, this is Margo from Scenic Travel.   receiver: Hi, Margo.   caller: Just confirming your upcoming tour booking and dietary requirements.   receiver: Thank you. Gluten-free if possible."
"caller: Hi, it’s Ali from Town Hardware.   receiver: Hi Ali!   caller: Your order is in, and you can pick it up anytime this week.   receiver: Great, I'll come after work."
"caller: Hello, is this Candace?   receiver: Yes, who’s calling?   caller: This is Phil from Music Masters. Your ordered violin strings have arrived.   receiver: Thank you, I needed those!"
"caller: Good morning, this is Doreen from Smile Dental.   receiver: Good morning!   caller: Your six-month cleaning is due soon. Would you like to schedule?   receiver: Next Thursday if possible."
"caller: Hey, it’s Lucas from the coding bootcamp.   receiver: Hi Lucas!   caller: There’s a change in your class schedule next week. Please check our portal.   receiver: Will do, thank you."
"caller: Hello, Dr. Rivera, this is Sam from Riverside Labs.   receiver: Hello, Sam.   caller: Your patient’s test results are ready for review in the portal.   receiver: Thanks for the heads up."
"caller: Hi, is this Tessa?   receiver: Yes?   caller: It’s Martin from Community Center. You’re on the list for tomorrow’s pottery class. Doors open at 5.   receiver: Perfect, see you then!"
"caller: Hello, this is the office of Dr. Lee.   receiver: Hello.   caller: Your annual checkup is coming up. Please call us to confirm or reschedule.   receiver: Thank you for the reminder!"
"caller: Hey, it’s Ben from Grocery Express.   receiver: Hi Ben!   caller: We had to substitute one item in your order, just wanted to confirm that’s okay.   receiver: Yes, that’s fine. Thanks for checking."
"caller: Good morning, may I speak to Mia?   receiver: This is Mia.   caller: This is Jeff from Pinecrest School. I wanted to inform you that after-school pickup has moved to the east parking lot today.   receiver: Thanks for telling me, Jeff."
"caller: Hello, it’s Sharon from Healthy Eats.   receiver: Hi, Sharon.   caller: Your meal plan is ready for delivery by 2 p.m. Will someone be home?   receiver: Yes, I’ll be here. Thank you!"
"caller: Hi, is this Mrs. Gray?   receiver: Yes, it is.   caller: This is Melissa from Northside Animal Clinic, calling with Sophie’s test results—everything looks good!   receiver: Oh, excellent news. Thank you for calling!"
"caller: Hi, I’m Tyler with the after-school music program.   receiver: Hello, Tyler.   caller: Just confirming Audrey’s spot for piano lessons this semester.   receiver: That’s great, thank you."
"caller: Good afternoon, is this Josh?   receiver: Yes, who’s this?   caller: It’s Katie from the bike club. Tomorrow’s ride is meeting at the park at 8 a.m.   receiver: Got it, see you there!"
"caller: Hello, this is the registrar’s office at Southlake High.   receiver: Hi!   caller: Your requested transcripts are ready and can be picked up during office hours.   receiver: Thank you, I’ll come by after school."
"caller: Hi, is this Riley Sanders?   receiver: Speaking.   caller: This is Dawn at QuickMed. Your blood test results are ready; please call to discuss them with your provider.   receiver: Thank you, I’ll call shortly."
"caller: Good morning, Mrs. Wallace. This is Tara from Green Thumb Nursery.   receiver: Good morning, Tara!   caller: I’m letting you know your plant order will be delivered Monday.   receiver: Great, I’ll be home all day."
"caller: Hello, may I speak to Naomi?   receiver: This is Naomi.   caller: This is Erik from the language school. Would you like to continue your classes this month?   receiver: Yes, please enroll me for Mondays."
"caller: Hi, it’s Rose from the bakery.   receiver: Hi Rose!   caller: Your custom cupcakes are ready for pickup anytime today.   receiver: Thanks! I’ll be in soon."
"caller: Hi, is Mr. Taylor in?   receiver: Speaking.   caller: It’s Susan from the water company. There's a scheduled outage on Thursday for your area, just so you’re aware.   receiver: Thanks for the notice."
"caller: Hello, this is Ivory from Fine Frames.   receiver: Hello!   caller: Your order is ready for pickup.   receiver: Thanks, I’ll stop in later today."
"caller: Hi, is this Mr. Goldstein?   receiver: Yes, it is.   caller: This is Claire from the moving company. Your storage space will be available starting Monday.   receiver: Fantastic, thank you!"
"caller: Hi, is this Mrs. Khan?   receiver: Speaking.   caller: This is Tom from Laneway Medical, your test results came back normal.   receiver: That’s a relief, thanks so much for calling."
"caller: Hello, may I speak to Mr. Dean?   receiver: This is Dean.   caller: It’s Iris from Pathways Travel. Your trip itinerary has been emailed to you.   receiver: Great, I’ll check my inbox."
"caller: Hey, this is Chloe from Pet Supply Mart.   receiver: Hi Chloe!   caller: Your special food order for Baxter is ready for pickup.   receiver: Awesome, thank you."
"caller: Hi, can I talk to Jasmine?   receiver: Jasmine here!   caller: This is Ed from the marathon committee. Your packet’s ready for pick-up at City Hall.   receiver: Thanks! I’ll grab it tomorrow."
caller: This is Ana from Swift Shipping.   receiver: Hi Ana!   caller: There’s a package arriving for you tomorrow that requires a signature.   receiver: Thank you for the heads up!
"caller: Good afternoon, this is Elliot from Rosewood Apartments.   receiver: Hi Elliot.   caller: Maintenance needs to access your unit Wednesday to check smoke detectors.   receiver: No problem, thanks for letting me know."
"caller: Hello, is this Dominic?   receiver: Yes, who’s calling?   caller: This is Rachel from Family Health Clinic. Your annual flu shot is due. Can we schedule a visit?   receiver: Yes, next week would be great."
"caller: Hi, can I speak to Mr. Albert?   receiver: This is Albert.   caller: This is Renee from the local news station. We’d like to interview you about your garden for our community segment.   receiver: I’d be honored, thank you!"
"caller: Hello, this is the repair desk at TechSavers.   receiver: Hi.   caller: Your laptop is ready for pickup, and your data was fully recovered.   receiver: Oh, that’s fantastic. Thank you!"
"caller: Good afternoon, may I speak with Dylan?   receiver: Speaking.   caller: This is Jackie from Creative Studios. Your artwork is ready for collection anytime.   receiver: I’ll be there tomorrow. Thank you for letting me know."
