dialogue
"caller: Hi, this is James from the maintenance team. We’re scheduled for your annual HVAC checkup tomorrow. Will you be home between 10 and noon? receiver: Hi James. Yes, that time works. Should I clear the space around the unit? caller: That would help, thanks! We’ll see you then."
"caller: Good afternoon, this is Lisa from the main office just checking in about your parking permit renewal. Did you receive our latest email? receiver: Hi Lisa, I did see the email. I filled out the form, but wasn’t sure about payment instructions. caller: No worries! You can pay online through the portal or drop it in the office."
"caller: Hello, it’s Dr. Patel’s office. Just calling to remind you about your appointment tomorrow at 1:30. receiver: Thank you for the reminder. Is there any paperwork I need to bring? caller: No additional paper is needed, just your ID and insurance card. See you tomorrow!"
"caller: Hi, this is the library calling to let you know you have a book ready for pickup. receiver: Oh, great! Which one is it? caller: It’s “The Night Circus” by Erin Morgenstern. receiver: Awesome, thank you! I’ll pick it up tomorrow."
"caller: Hi John, this is Carissa from Pine Grove Apartments. We received your maintenance request about the leaky faucet. Can we send someone tomorrow at 10am? receiver: Tomorrow at 10 is perfect, thank you for following up. caller: You’re welcome! The technician will knock before entering."
"caller: Hey Sarah, it’s Lucas from the neighborhood watch. Just wanted to let you know there’s a meeting this Thursday at 7pm if you’d like to join. receiver: Thanks, Lucas! Where’s the meeting being held? caller: At the community center near the pool. There’ll be snacks!"
"caller: Hello, this is Anna from your pharmacy. Just letting you know your prescription refill is ready for pickup. receiver: Thank you so much! I’ll drop by after work today. caller: Sounds good. We close at 8, see you then."
"caller: Hi Ms. Thomas, it’s Carla from the bakery. Your cake order is ready. receiver: Oh wonderful! Can I pick it up now? caller: Absolutely, we’re open until 6 today."
"caller: Good morning, this is IT calling about your computer ticket. Are you available now to troubleshoot? receiver: Yes, I’m at my desk. What do you need me to do? caller: Please restart your machine and let me know when it’s back up."
"caller: Hello! This is the dentist office. Just a reminder your cleaning appointment is coming up next week. receiver: Oh, great! What day and time was it again? caller: Tuesday at 2:00 PM. Would you like to confirm? receiver: Yes, I’ll be there."
"caller: Hi, this is Emily from the school’s main office. Your child left their lunchbox here. receiver: Oh dear. Can I stop by to pick it up now? caller: Yes, we’ll have it at the front desk."
"caller: Hi, it’s Dave from the auto shop. Your car is ready for pickup. receiver: That’s great news! Did you find any issues besides what I mentioned? caller: Just the brakes needed tightening. No surprises."
"caller: Hi Mrs. Lin, this is Sandra at the vet. Your cat Luna is ready to go home. receiver: Thank you! How did the procedure go? caller: Everything went smoothly. We’ll go over care instructions when you arrive."
"caller: Hello, Steve calling from the city utilities office. We’re planning repairs in your area. Water will be out from 9 to 11am tomorrow. receiver: Thanks for letting me know. Is there anything I should do beforehand? caller: We recommend storing some water for your use."
"caller: Hi, this is Hannah from the gym. We noticed you haven’t been in for a while and wanted to check in. receiver: Hi Hannah, thanks for reaching out. I’ve been busy but hope to return next week. caller: No worries! Let us know if you need any help adjusting your routine."
"caller: Hi, it’s Maggie from Green Leaf Florist. Your bouquet order is ready for delivery. receiver: Wonderful! When should I expect it? caller: Between noon and two today. The driver will call when arriving."
"caller: This is Robert from the electronics store. The TV you ordered has arrived. receiver: Perfect, can I schedule a delivery? caller: Certainly! What time suits you this week?"
"caller: Hello, it’s Jenny at Dr. Richardson’s office. We had a cancellation for tomorrow. Would you like an earlier appointment? receiver: That would be great. What time is available? caller: 9 a.m. Would you like me to book that? receiver: Please do, thank you!"
"caller: Good evening, your favorite pizza place here! Just letting you know it’s two-for-one night. Interested? receiver: Thanks for the heads up! I’ll place an order online."
"caller: Hi, this is the dry cleaner. Your suits are ready to pick up. receiver: Thanks! What are your hours today? caller: We’re open until 7pm."
"caller: Hey Dave, it’s Mike. Volleyball on Saturday was moved to 2pm at the park instead of the gym. receiver: Thanks for the update! See you at the park at 2."
"caller: Hi, this is Shelby from PetCare Clinic. Rocky’s vaccinations are due. Would you like to schedule? receiver: Yes, can I bring him in Friday afternoon? caller: Certainly, we’ll see you at 3."
"caller: Hello, it’s Luke from Summit Bank. Your new debit card is ready for pickup at the branch. receiver: Thanks for telling me. Do I need to bring any ID? caller: Just a driver’s license or passport is perfect."
"caller: Hi Alex, the manager at Bella’s Bistro here. We found your wallet. receiver: Really? Thank you! Can I pick it up now? caller: Yes, just stop by anytime before 8 tonight."
"caller: Good morning, this is Carla with city hall. There’s a community event on Saturday at Daley Park, free to all residents. receiver: That sounds fun! What time does it start? caller: Activities start at 10, lunch is at noon."
"caller: Hi, this is Zach from the animal rescue. The kitten you applied for is ready to go home. receiver: That’s wonderful! When can I come by? caller: Anytime after 1 today."
"caller: Hello, this is Jamie from the theater box office. Your tickets for tonight’s performance are ready. receiver: Great, can I pick them up at will call? caller: Absolutely!"
"caller: Hi, it’s Sharon from Wellness Center. You left your water bottle here. receiver: Thanks, Sharon. I’ll come grab it at lunch."
"caller: This is Ben from Networking Group. Are you attending tonight’s meet-up? receiver: Yes, I’ll be there. Can I bring a guest? caller: Of course, the more the merrier."
"caller: Hey, it’s Riley from the landscaping company. Can we switch your lawn service to Thursday this week due to weather? receiver: No problem by me, thank you for letting me know."
"caller: Good afternoon, Mrs. Patel, this is Tom at the garden store. The soil you ordered is in. receiver: I’ll pick it up today, thanks for calling."
"caller: Hello, it’s Amanda from the volunteer center. We’ve added new shifts for next week. Interested? receiver: Yes, please sign me up for Wednesday evening."
"caller: Hi, it’s Mark from the running club. We’re meeting at the lake trail this Saturday instead of Main Street. receiver: Got it! Thanks for the update, Mark."
"caller: This is Clara from the art supply store. Your frame order is ready. receiver: Wonderful, I’ll be in this afternoon."
"caller: Hi, it’s Andrew at Summit Auto Service. You left your gloves here. receiver: Thanks for saving them! I’ll swing by tomorrow."
"caller: Hello, this is Rebecca from admissions. Your tour of the campus is scheduled for Friday at 11. receiver: Great, do I need to bring anything? caller: Just check in at the front desk when you arrive."
"caller: Hello Mrs. Lopez, it’s David from the community center with a reminder about your yoga class tomorrow. receiver: Thank you, David. What time should I arrive? caller: Class starts at 9, but doors open at 8:30."
"caller: Hi, this is Gary from the repair shop. Your laptop is fixed and ready for collection. receiver: Great! Did you replace the hard drive? caller: Yes, and all your files were backed up."
"caller: Hi, it’s Sam from the bike store. The part you ordered is in stock. receiver: Thank you! I’ll come by this evening."
"caller: Hello, this is the city pool. Your swim lessons have been rescheduled to Wednesday at 5pm. receiver: That works for us, thanks for letting me know."
"caller: Hi, Jim from the hardware store. The tool you reserved is here for pickup. receiver: Awesome. I’ll grab it after work!"
"caller: Good afternoon, this is Susan from the library. Your interlibrary loan book has arrived. receiver: Thanks, Susan! I’ll pick it up today."
"caller: Hi there, it’s Abby from Fit4U. You’re all set for your orientation tomorrow at 10. receiver: Got it, see you then!"
"caller: Hello Mr. Peters, this is the high school office. School will open two hours late tomorrow due to weather. receiver: Thanks for keeping us informed. "
"caller: Hey Emma, it’s Josh from chess club. Quick reminder about our tournament this Saturday at the rec center. receiver: Thanks! What time does it start? caller: First round is at 10:00 sharp."
"caller: Hello, this is Sam at Sunshine Movers. Just confirming your moving appointment next Friday at 9 a.m. receiver: Yes, that still works for us. caller: Great! We’ll call you when we’re on the way."
"caller: Hi Mrs. Palmer, it’s Linda from the dental office. We found your sunglasses. receiver: Thank you! I was hoping they’d turn up."
"caller: Hello, Sam from Farmers’ Market. Just confirming your vendor table for this Saturday. receiver: Thanks, Sam! See you bright and early."
"caller: Good morning! This is the optician’s office. Your new glasses have arrived. receiver: Excellent, I’ll pick them up this afternoon."
"caller: Hi, Becky at Main Street Boutique. Your online order is in store for pickup. receiver: Wonderful, I’ll be by after lunch."
"caller: Hey, this is Tyler from the debate team. Practice is switching to Thursday, is that okay? receiver: Works for me! Thanks for the update."
"caller: Hi, this is Sue from VetCare. Your dog’s medication is ready. receiver: Thank you! I’ll pick it up on my way home."
"caller: Hello, this is Dr. Kim’s nurse. Just wanted to check in—how are you feeling after your procedure? receiver: Hi, I’m healing well, just a bit sore. Thanks for asking."
"caller: Hi, it’s Jake from the car dealership. Your test drive appointment is confirmed for tomorrow at 3pm. receiver: Awesome, looking forward to it!"
"caller: Hello, this is Amy at the bakery. You left your credit card here. receiver: Oh! I’ll come get it right away. Thank you for calling."
"caller: Hi Mr. Lee, the recycling program here. This week’s pickup will be a day later due to the holiday. receiver: Thanks for the heads up!"
"caller: Hi Molly, this is Bill from your insurance agency. Your new policy documents are ready to review. receiver: Wonderful, send them over by email, please."
"caller: Good morning, it’s Cathy from the book club. Don’t forget, we’re meeting at my house this week. receiver: Thanks for the reminder, Cathy!"
"caller: Hi, this is Maria from the tech support team. Have you had a chance to try the password reset? receiver: Yes, it worked. Thanks for following up."
"caller: Hello, it’s Karen from the music school. Your guitar lesson is rescheduled to 3pm Friday. receiver: Perfect, I’ll be there."
caller: This is Alex at City Fitness. We found your lost headphone case. receiver: Thank you so much! I’ll come in today.
"caller: Hi, this is Dave from the pizzeria. Your order is out for delivery now. receiver: Great, see you soon!"
"caller: Hello, it’s Julia from the town office. Your permit is approved and ready to pick up. receiver: That’s great news, thank you."
"caller: Hi, it’s Mark at Cycle World. Your bike tune up is finished. receiver: Awesome! I’ll come by this afternoon."
"caller: Good afternoon, Jane from the art council here. We’d like to feature your work in next month’s show. Interested? receiver: Absolutely! Let me know the details."
"caller: Hi, Paul from the soccer league here. This week’s game is postponed to Sunday. receiver: Thanks for letting me know, Paul."
"caller: It’s Megan from PetSmart. Your order is ready for curbside pickup. receiver: Great, I’ll call when I’m in the lot."
"caller: Hello, this is Lisa from the community theater. Your audition is confirmed for Thursday at 7pm. receiver: Thank you! I’ll be there early."
caller: This is the property manager. Our fire alarm test is scheduled for tomorrow at 11 a.m. receiver: Thank you for the notice.
"caller: Hello, Mr. Clark, it’s the high school yearbook team. Can we schedule your interview next week? receiver: Sure, just let me know when."
"caller: Hi, it’s Macy from Green Cleaners. We’ve removed the stains from your jacket. receiver: That’s great! I’ll drop by after work today."
"caller: Good morning, this is the senior center. Bingo starts at 1 today. Need a ride? receiver: Yes, please! Thank you for offering."
"caller: Hi, this is Ava from family medicine. Dr. Evans will be running 20 minutes late for your appointment. receiver: Thanks for letting me know, I’ll plan accordingly."
"caller: Hello, this is Kayla from the museum. Your membership card is ready for pickup. receiver: Thank you, I’ll stop by soon."
"caller: It’s Trevor at Fresh Eats Delivery. Your meal will arrive in 15 minutes. receiver: Perfect, thanks for the update!"
"caller: Hi, this is Regina at the dog grooming salon. Max is ready for pickup. receiver: Thank you! I’ll be there soon."
"caller: Hi, this is Laura from the tax office. Your refund has been approved and processed today. receiver: Thank you for updating me!"
"caller: Hello, it’s Ben from Party Supplies Plus. Your balloon order is ready. receiver: Great, I’ll come in before closing."
"caller: Hi, this is Tom from the recycling center. Your deposit refund is ready to collect. receiver: Awesome, thanks Tom."
"caller: Hello, it’s the travel agency. We’ve found an earlier flight for you next week. Want to switch? receiver: That’d be great! What time?"
"caller: Hi, this is Faith from Willow Spa. Your gift certificate is ready at the front desk. receiver: Thank you, Faith! I’ll pick it up today."
"caller: This is Raj at Gourmet Grocery. Your curbside order is packed and ready. receiver: Perfect, I’ll let you know when I’m out front."
"caller: Hello, it’s Thomas from your bank. Our systems will be down for maintenance Friday night. receiver: Thanks for the heads up, Thomas."
"caller: Hi, this is Elena from the cinema. Tomorrow’s movie starts at 7, and your reserved tickets are at will call. receiver: Great, we’ll be there early."
"caller: Hello, it’s Adam at Home Hardware. Your special order part has arrived. receiver: That’s excellent, I’ll pick it up tomorrow."
"caller: It’s Tasha from Community Eats. Thanks for your food bank donation last week! receiver: Glad to help, Tasha."
"caller: Hi, it’s Dylan at Coffee House. You left your umbrella here today. receiver: Thanks, Dylan. I’ll come by before closing."
"caller: Hello, this is Lifeguard Pete from the pool. Today’s swim team is canceled due to weather. receiver: Okay, thanks for letting us know Pete."
"caller: Hi, it’s Pam from Sunrise Tutors. Your next session is confirmed for Wednesday at 4pm. receiver: Thank you for the reminder, Pam."
"caller: Good evening, it’s Nick from Luna Cafe. Your catering order is ready for pickup. receiver: Perfect, I’ll be there now."
"caller: Hi, Catherine from city hall here. Your event permit was approved! receiver: Wonderful, thank you for processing it so quickly."
"caller: Hello, it’s Jake from the marina. Your boat slip reservation is ready for next weekend. receiver: That’s great news, Jake."
"caller: Hi, this is Mel from the local shelter. We received your volunteer application—thank you! receiver: Glad to help. Please send shift info."
"caller: Hello, it’s Tracy at Growing Minds Childcare. We had to close early today for maintenance. receiver: Thanks for telling me, Tracy. I’ll pick up my son now."
