dialogue
"caller: Hi, this is Lisa from the dentist’s office. I’m calling to confirm your appointment for tomorrow at 10 a.m. Is that still a good time for you? receiver: Hi, Lisa! Yes, tomorrow at 10 works perfectly. Thank you for checking in."
"caller: Hey, it’s Jack! Did you want me to pick up some groceries on my way home? receiver: Oh, that’d be great! Could you grab some milk, eggs, and maybe some bread? caller: Sure thing. Anything else? receiver: Nope, that’s all! Thanks so much."
"caller: Good afternoon, Ms. Ramirez. This is Mr. Thomas from Lincoln High School. I wanted to discuss Diego’s progress in math. Do you have a moment? receiver: Hello, Mr. Thomas! Yes, I have a few minutes now. How is Diego doing?"
"caller: Hello, this is Megan calling from the local library. Just reminding you that your books are due back this Friday. receiver: Thank you, Megan! I’ll stop by before the due date."
"caller: Hi, mom! Are you busy right now? receiver: Hi, sweetie! Not at all, what’s up? caller: I just wanted to tell you about my day and see how you’re doing. receiver: That’s so thoughtful, dear. Tell me everything!"
"caller: Hi, this is Dr. Lee’s office. I’m calling to let you know your prescription is ready for pickup. receiver: Great, thank you for letting me know. I’ll pick it up this afternoon."
"caller: Hi, Sam, I’m running a little late. Can we push our meeting by 30 minutes? receiver: No problem, Tom. I’ll see you then."
"caller: Hey, this is Rob. Are we still on for basketball tonight? receiver: Absolutely! See you at the gym at 7. caller: Looking forward to it."
"caller: Hello, Ms. Johnson? Your car is ready for pickup at the auto shop. receiver: That’s wonderful news, thank you for the update!"
"caller: Hi there! This is Janet from the animal clinic. We wanted to remind you about Daisy’s vaccination appointment next week. receiver: Thanks, Janet. I have it on my calendar."
"caller: Hi, this is Emily from the bakery. Your special order cake will be ready for pickup tomorrow after noon. receiver: Thank you, Emily! I’ll be there."
"caller: Hello, Mr. Dawson. This is your neighbor, Carrie. Just wanted to let you know I found your cat in my backyard. receiver: Oh, thank you so much, Carrie! I’ll be right over."
"caller: Hi, it’s Ben from Tech Support. Did the update I sent over fix your computer issue? receiver: Hi, Ben! Yes, everything is working smoothly now. Thanks for your help."
"caller: Hello, this is the pharmacy calling about your refill request. Are you still interested in picking it up today? receiver: Yes, I’ll be there after work. Thanks for calling."
"caller: Good morning. This is Karen from Greenfield Elementary. Your child left their lunchbox in the classroom. receiver: Thanks, Karen. I’ll pick it up after school."
"caller: Hey, Alice, do you want to carpool to the concert tonight? receiver: That’d be awesome! What time should I be ready? caller: Let’s leave at 6."
"caller: Hi there! It’s Andrew from the painting company. We’re scheduled to paint your living room next Monday. Just checking that still works for you? receiver: Yes, Monday is good. Looking forward to it!"
"caller: Hello, Mr. Perez, this is Hannah calling from your bank. We wanted to notify you that your new debit card is ready for pickup. receiver: Thank you, Hannah. I’ll come by tomorrow."
"caller: Hi, this is the front desk from the hotel. Your reserved room is now available, and we can assist you with a late check-in if needed. receiver: Thank you! I might arrive after 9 p.m. caller: Noted, we’ll be ready for you."
"caller: Good afternoon, this is the school nurse at Kennedy Middle School. Your child, Jamie, is here with a mild headache. Would you like to pick him up or should he rest a bit? receiver: Thank you for calling. I’ll come pick him up."
"caller: Hi, it's your neighbor Jim. The mailman left a package for you at my place by mistake. receiver: Thanks, Jim! I’ll swing by later to pick it up."
"caller: Hello, this is Samantha from Community Fitness Center. We wanted to remind you that your yoga class starts this Saturday at 9 a.m. receiver: Thank you, Samantha! See you Saturday."
"caller: Hi, Sara, just wondering, are you still coming to book club tonight? receiver: Yes, I’ll bring the snacks! See you soon."
"caller: Hello, it’s Mark from your building’s maintenance team. We need to access your apartment tomorrow for a scheduled inspection. Will you be home? receiver: Yes, I’ll be home. Thanks for the heads up."
"caller: Hi, this is the florist. Just letting you know your flowers have been delivered to the address you requested. receiver: Wonderful, thank you so much!"
"caller: Hi Dennis, this is your mechanic. Just a courtesy call to let you know the parts for your car have arrived, and we can schedule the repair. receiver: Excellent! Can I bring it in Wednesday? caller: Wednesday works. See you then."
"caller: Hey, Emily! Did you want to meet at the coffee shop at 4, or is 5 better? receiver: 5 is better for me. See you there!"
"caller: Hi, Mr. Jameson. This is the optometrist’s office with a reminder of your appointment next Thursday. receiver: Thank you, I appreciate the reminder."
"caller: Hello, this is your insurance agent, Donna. I’ve finished reviewing your claim, so give me a call if you have any questions. receiver: Thank you, Donna. I’ll read through the details and be in touch if needed."
"caller: Hi, this is the vet. We wanted to check how your dog, Max, is doing after his surgery last week. receiver: Max is recovering well, thank you for checking!"
"caller: Hey, it’s Alex! Are we still on for movie night? receiver: Of course! What time should I come over? caller: 7 works. I’ll get the popcorn."
"caller: Hi, your prescription glasses are ready for pick up at our optical shop. receiver: Thank you. I’ll pick them up tomorrow after work."
"caller: Good evening, this is the local animal shelter. Just wanted to update you that the adoption paperwork is ready for you to sign. receiver: Thank you, I’ll come by tomorrow."
"caller: Hi, it’s Taylor from the music school. Your guitar lesson is scheduled for Saturday at noon. Shall we keep that time? receiver: Yes, that works for me. Thank you."
"caller: Hello, Mrs. Alvarez, this is your son’s kindergarten teacher. He left his jacket in class today. receiver: Thank you for letting me know! I’ll pick it up tomorrow."
"caller: Hi, this is the polling office calling to confirm your address for the upcoming election. receiver: You have the correct address. Thank you for checking."
"caller: Hello, this is Nancy from City Hall. We’re conducting a survey on local park usage. Do you have a few minutes to participate? receiver: Sure, I’d be happy to help."
"caller: Hi, John. We found your wallet at our store. It’s at the front desk for you. receiver: Wow, thank you so much for calling. I’ll come by soon."
"caller: Hey, Sarah, do you want to split a pizza for dinner? receiver: That sounds delicious! What toppings? caller: How about pepperoni and mushrooms? receiver: Perfect."
"caller: Hello, Tom, this is your dentist’s office with a reminder about your cleaning on Thursday at noon. receiver: Thanks for reminding me! I’ll be there."
"caller: Hi, Ms. Klein, the water will be shut off for repairs tomorrow from 9 a.m. to noon. receiver: Thank you for letting me know."
"caller: Hi, Susan. This is the radiology department with your MRI appointment details. Do you need directions to the facility? receiver: No, I think I know how to get there, thank you."
"caller: Hello, Sir, this is City Utilities calling to let you know power will be restored by 5 p.m. tonight after the outage. receiver: Thank you for the update."
"caller: Hello, Mary, this is your bank calling to confirm your request for a new checkbook. It will be mailed within five business days. receiver: That’s great, thank you for confirming."
"caller: Hi, Mr. Becker, your dry cleaning order is ready for pickup. receiver: Thanks, I’ll stop by tonight."
"caller: Hi, this is Lily from the after-school program. Just making sure you’ll be picking up Olivia at 5 today? receiver: Yes, 5 p.m. works. Thank you."
"caller: Good morning, Ms. Smith. This is your doctor’s office with your test results. Everything looked normal. receiver: Thank you for letting me know!"
"caller: Hello, this is the municipal library. We’re holding a reserved copy of the book you requested. receiver: Awesome! I’ll pick it up today."
"caller: Hey, Dave, did you see my keys at your place? receiver: Yes, you left them on my kitchen counter. caller: Thanks! I’ll grab them after work."
"caller: Hi, Ms. Carter. It’s your pharmacy. Your flu shot appointment is tomorrow at 3 p.m. receiver: Thank you, I’ll be there."
"caller: Hello, this is the art studio. Your framed painting is ready for pickup. receiver: Thank you, I’ll swing by this weekend."
"caller: Hi, Jamie. This is the repair shop—your bike is ready. receiver: Thanks for calling, I’ll come today."
"caller: Hello, Mr. Blake, your dog grooming appointment is confirmed for Friday at 1 p.m. receiver: Thanks for confirming."
"caller: Hi, this is the credit union—we received your loan inquiry and can set up a meeting next week. receiver: That’s wonderful. Let’s meet Tuesday afternoon."
"caller: Hello, Ms. Mason. Your cake order will be ready for pickup at 2 p.m. Friday. receiver: Thank you, see you then."
"caller: Hi Alex, your car’s oil change is complete. You can pick it up anytime before 6. receiver: Perfect, I’ll be there soon."
"caller: Hey, it’s Greg. I’m outside your building, should I buzz up? receiver: Yes, come on up."
"caller: Hello, Ms. Hill. We’ve scheduled your cable installation for Thursday between 10 and noon. receiver: Thank you, that works for me."
"caller: Hi, this is the dry cleaner. All your garments are ready to be picked up. receiver: Thank you, I’ll stop by after work."
"caller: Good evening, this is your property manager. We received your maintenance request and the repair team will visit tomorrow. receiver: Thanks for the update!"
"caller: Hi, Mr. Stein, this is the school office. Your daughter’s report card is available online now. receiver: Thank you for letting me know."
"caller: Hello, Anna. The tailor has finished altering your dress. receiver: That’s great to hear, thank you!"
"caller: Hi, Dr. Collins, this is your lab technician with your bloodwork results. Everything was normal. receiver: Thank you for the update."
"caller: Hello, it’s Rachel from the office. Did you want to join the team lunch tomorrow? receiver: Sure, count me in."
"caller: Good morning, Mr. Singh. Your order has arrived at our warehouse and is ready for delivery. receiver: Thank you. Please deliver it tomorrow morning."
"caller: Hey, this is Stephanie! We’re throwing a surprise party for John. Can you come early to help set up? receiver: Absolutely, what time do you want me there?"
"caller: Hi, Ms. Turner. It’s the post office. We have a package that requires your signature. receiver: Thank you, I’ll stop by after 4."
"caller: Hello, Bob, your prescription refill is ready for pickup at the pharmacy. receiver: Thanks so much!"
"caller: Hi, this is your realtor, Anne. Just confirming our house showing appointment for tomorrow at 10 a.m. receiver: Yes, thank you, Anne. See you then."
"caller: Hi, this is the local animal rescue. We wanted to thank you for your recent donation. receiver: My pleasure, I’m happy to help."
"caller: Hello, Mr. Robinson, your tax documents are ready for collection. receiver: Thanks. I’ll pick them up tomorrow."
"caller: Hi, this is Tanya from the coffee shop. You left your umbrella here—the blue one. receiver: Oh, thank you! I’ll come by to get it."
"caller: Good evening, this is the pizza place. Your delivery will arrive in about 15 minutes. receiver: Thanks for the update."
"caller: Hi, Mr. Vaughn. We’re reminding you of your carpet cleaning appointment for Monday morning. receiver: Thank you, I’ll be ready."
"caller: Hi, Dr. Patel, this is the conference organizer. Your name badge will be at the registration table. receiver: Thank you for letting me know."
"caller: Hello, this is the hardware store. Your special order is now in stock for pickup. receiver: Great, I’ll be there this afternoon."
"caller: Hi, Mr. Evans, your insurance policy renewal documents are now available. receiver: Thank you, I’ll review them tonight."
"caller: Hello, this is your child’s soccer coach. Practice is canceled today due to rain. receiver: Thanks for the heads up."
"caller: Hi, this is the veterinarian’s office. Your cat’s annual exam reminder for next week. receiver: Thank you! I’ll confirm the time."
"caller: Good morning, your landscaping crew will arrive tomorrow as scheduled at 8 a.m. receiver: That’s perfect, thank you."
"caller: Hi, Lisa. It’s Jane from work. Are you available for a quick call to discuss the project? receiver: Sure, I have time now."
"caller: Hello, Mrs. Lowry, the plumber is scheduled to arrive at your house tomorrow between 9 and 11 a.m. receiver: Thank you. We’ll be expecting him."
"caller: Hi, this is the print shop. Your invitations are ready for pickup. receiver: That’s great news, thank you so much!"
caller: Good afternoon. We’re calling to confirm your reservation for Saturday night at Olive Bistro. receiver: Thank you for confirming.
"caller: Hello, Ms. O’Brien, it’s your dentist. Please remember to fast for eight hours before your appointment Friday morning. receiver: Thanks for the reminder, I’ll follow the instructions."
"caller: Hi, Mr. Carter. Our team will deliver your furniture order tomorrow. receiver: That works for me. Thank you."
"caller: Hi, this is your local pet store. Your dog food special order has arrived. receiver: Thanks, I’ll pick it up this evening."
"caller: Good afternoon, your rental car is ready for pickup at the airport location. receiver: Thank you, I will be there soon."
"caller: Hi, this is Jess from yoga class. Do you mind if I bring a friend to the session? receiver: Not at all! The more, the merrier."
"caller: Hi, Marcus, your package has arrived in our mailroom. receiver: Thank you, I’ll get it on my lunch break."
"caller: Hello, Mr. Schwartz, your reserved table at Bella Luna will be held until 7:30 p.m. receiver: Thank you for letting me know."
"caller: Hi, this is Caroline with the travel agency. Your e-tickets have been sent to your email. receiver: Got it, thank you so much."
"caller: Hello, Mr. Lee, your home internet upgrade is scheduled for tomorrow. receiver: Thanks for confirming."
"caller: Hi there, your cleaning service is set for Friday at 2 p.m. receiver: That works. Thank you!"
"caller: Hello, Kara. This is the bookstore. The book you pre-ordered is ready for pickup. receiver: Fantastic, I’ll stop by soon."
"caller: Hi, this is the spa. Just confirming your massage appointment Tuesday at 3 p.m. receiver: Thank you, see you Tuesday."
"caller: Good morning, this is the university registrar’s office. Your transcripts are ready for collection. receiver: Thank you, I’ll pick them up."
"caller: Hi, this is Doug with city recycling. We’re reminding you about the electronics drop-off event this Saturday at the community center. receiver: Thanks, I’ll bring my old laptop."
"caller: Hi, Mr. Murphy, your new cellphone is ready for pickup at the store. receiver: Thank you, I’ll come by this afternoon."
"caller: Hello, this is the medical clinic calling about your annual checkup. Do you need a reminder call the day before your appointment? receiver: Yes, that would be helpful, thank you."
"caller: Hi, this is Abby from your running club. Are you interested in joining the relay team for the next race? receiver: Definitely, count me in!"
"caller: Good afternoon, Ms. Walters. Your sewing machine repair is complete. receiver: That’s great, thank you for the update."
"caller: Hi, Ben, your order from our bakery will be ready for pickup at 4 p.m. today. receiver: Awesome, thanks for letting me know!"
"caller: Hello, Mr. Clinton, your dentist appointment on Wednesday is confirmed. receiver: Thank you for the reminder."
"caller: Hi, this is the cinema. The tickets you reserved for Friday’s show are ready for collection. receiver: Great, I’ll collect them tomorrow."
