dialogue
"caller: Hi, this is Jamie from your local library. I'm calling to let you know that the book you requested is now available for pickup. receiver: Oh, wonderful! Thank you so much for letting me know. What are your hours today? caller: We’re open until 7 PM today. Just bring your card with you and we’ll get you set up. receiver: Perfect. I’ll stop by after work. Thanks again!"
"caller: Hello, this is Lisa from Dr. Fournier’s office. I wanted to remind you of your dental appointment tomorrow at 10 AM. receiver: Thank you for the reminder! Do I need to bring anything with me? caller: Just your insurance card if you have a new one, and please arrive ten minutes early. receiver: Got it. See you tomorrow!"
"caller: Hi, it’s Ben from the neighborhood association. We’re organizing a community cleanup this Saturday. Would you like to help? receiver: Hi Ben! That sounds great. What time should I show up? caller: We’re meeting at 9 AM at the park entrance. Supplies will be provided. receiver: Awesome, I’ll be there!"
"caller: Hello, this is Tanya from Greenway Pharmacy. Your prescription is ready for pickup. receiver: Thank you for letting me know. What’s your closing time tonight? caller: We close at 8 PM, so there’s still plenty of time. receiver: Perfect. I’ll come by this evening."
"caller: Hi, I’m calling from Maplewood Elementary. Your child left his jacket at school today. receiver: Oh, thank you for letting me know! Can I pick it up tomorrow? caller: Absolutely, just stop by the office anytime during school hours. receiver: Great. Have a good evening!"
"caller: Hey, it’s Alex. I was wondering if you’re still up for hiking this weekend. receiver: Hey Alex! Definitely, I’m really looking forward to it. Should we finalize a time? caller: How about meeting at 8 AM on Sunday at the trailhead? receiver: Sounds perfect, see you then!"
"caller: Hi, I’m with the City Utilities Department. We will be conducting maintenance work in your area on Monday. Your water will be unavailable from 11 AM to 1 PM. receiver: Thanks for the heads up. Is there anything I should do to prepare? caller: We recommend storing some water ahead of time for drinking or cooking. receiver: That makes sense. I appreciate the notice!"
"caller: Hello, this is Mari from the vet clinic. Daisy is ready to be picked up after her appointment. receiver: Thank you so much, Mari. How did everything go? caller: She did really well. The doctor will go over the aftercare instructions when you arrive. receiver: Great to hear, I’ll be there soon."
"caller: Good afternoon, this is Kyle from Sunrise Bank. We noticed a potential issue with a recent deposit and just want to clarify with you. receiver: Thanks for reaching out. What’s the issue? caller: It looks like there was a mismatch in the check amount. Can you confirm the amount for us? receiver: Sure, it should have been $250. caller: Thank you, we’ll correct it on our end."
"caller: Hi, this is Jenna from the animal shelter. The volunteer orientation starts at 5 PM tonight. receiver: Hi Jenna, thanks for the reminder. Is there anything I should bring? caller: Just your completed application forms and a photo ID. receiver: Will do, see you this evening!"
"caller: Hello, this is Ryan from the bicycle repair shop. Your bike is ready for pickup. receiver: Oh, that’s great to hear. What was the issue with it? caller: Just needed a new chain and gear adjustment. Everything’s working smoothly now. receiver: Thanks, I’ll come by tomorrow!"
"caller: Hi, this is Sarah from Bookworm Café. I wanted to confirm your reservation for 4 at 7 PM tonight. receiver: Yes, that’s correct. Thank you for confirming! Do you need anything else from my end? caller: No, you’re all set. We look forward to seeing you! receiver: Thanks, see you tonight!"
"caller: Hey, it’s Mark. I found that phone charger you lost at my place last weekend. receiver: Oh, no way! Thanks for checking, I was beginning to think it was gone forever. caller: Happy to help. I can bring it to work tomorrow if that’s easier for you. receiver: That would be perfect. Thanks, Mark!"
"caller: Hi, this is Amy calling from the front desk at Riverside Hotel. Just confirming your check-in for tomorrow night. receiver: Thank you, Amy! Is early check-in available by any chance? caller: If your room is ready, we’d be happy to accommodate. Just call us when you arrive. receiver: Will do, thanks for your help."
"caller: Good morning, this is Holly at the post office. We have a package here for you that requires a signature. receiver: Thank you for calling. Can I pick it up after 5 PM? caller: Absolutely, we’re open till 6 PM tonight. receiver: Great, see you then."
"caller: Hi, you’ve reached the bakery. This is Louise. Your custom cake order for Saturday is ready for pickup. receiver: Wow, that’s earlier than I expected! Thank you! Can I pick it up after lunch? caller: Definitely, it’ll be boxed and ready. receiver: Perfect, see you soon!"
"caller: Hello, this is Alex from Main Street Auto. We just finished the inspection on your car. receiver: Thanks for the update. Did you find any issues? caller: Nothing major, but we do recommend replacing the rear brake pads soon. receiver: Good to know. I’ll schedule that."
"caller: Hi, this is Tim with City Parks and Recreation. We wanted to let you know the tennis courts will be closed for resurfacing next week. receiver: Oh, thanks for letting me know. Will the courts open the following week? caller: That’s the plan, unless the weather delays us. receiver: Alright, I appreciate the update."
"caller: Hi, I’m from your building management office. There’s going to be a fire alarm test tomorrow at 2 PM. receiver: Thanks for the heads up. Should we evacuate during the test? caller: No need, it’s just to test the system. You’ll just hear the alarms go off for about five minutes. receiver: Okay, thanks for clarifying!"
"caller: Good afternoon, this is Neal from Northside Florist. I’m calling to confirm the delivery details for your order tomorrow. receiver: Yes, it should go to my mom’s house. Do you have the address already? caller: We do, and our driver should arrive by noon. receiver: That’s perfect. Thank you!"
"caller: Hi, Wendy from the art supply store here. Your special order of watercolor paper arrived. receiver: That’s wonderful news! I’ll come by this afternoon to pick it up. caller: We’ll have it waiting for you at the counter. receiver: Thanks, Wendy!"
"caller: Good morning, it’s Dominic from the rental car agency. Just wanted to confirm you’ll be returning the vehicle tomorrow. receiver: Yes, I plan to bring it back around 9 AM. Is that okay? caller: That works. We’ll inspect the car when you arrive. receiver: Great, see you tomorrow."
"caller: Hello, this is Paul from the Society for Wildlife Conservation. You signed up for our newsletter at an event recently. receiver: Oh yes, I remember! Thank you for reaching out. caller: We’re having a members’ meeting next Thursday. Would you like to join? receiver: I’d love to! Please send me the details."
"caller: Hi, Anita from the dental clinic here. You requested a copy of your last X-rays; I can email those to you now. receiver: Thank you! Please send them to my work address. caller: Absolutely, I’ll send them right away. receiver: I appreciate it, Anita."
"caller: Hey, Jordan from the climbing gym. Your membership renewal is due next week. receiver: Thanks for letting me know, Jordan. Can I renew online? caller: Yes, you can log into your account or do it at the front desk next time you visit. receiver: I’ll take care of it online tonight."
"caller: Hi, this is Mike from Home Electronics. Your TV repair is finished, and you can pick it up anytime today. receiver: That’s fantastic, thanks for the quick turnaround! caller: No problem. We’re open until 6 PM. receiver: I’ll see you before then."
"caller: Hello, it’s Claire from Lakeside Vet. I just wanted to check in and see how Luna’s recovery is going. receiver: Hi Claire, thank you for following up! She’s doing well, though still a bit tired. caller: That’s to be expected. Call us if anything seems out of the ordinary. receiver: Will do, thanks again."
"caller: Hi, this is Chuck from the grocery store. Your curbside order is ready for pickup. receiver: Great, I’m on my way now. Where should I park? caller: Park in the designated curbside spots out front and call us when you arrive. receiver: Got it, see you soon."
"caller: Good afternoon, this is Frances from Hilltop Real Estate. Just checking to see if you have any questions about the property you toured yesterday. receiver: Thanks, Frances! I’m still considering but I really liked it. Is it still available? caller: It is available, and we’ve had some other interest. receiver: I’ll let you know by tomorrow."
"caller: Hey, this is Tony. Just making sure our plans are still on for game night. receiver: Absolutely! Seven o’clock, right? caller: Yes, see you then!"
"caller: Hi, this is Rina at the gym. Just confirming your personal training session on Friday at 5 PM. receiver: That works for me, Rina. See you on Friday. caller: Great, looking forward to it!"
"caller: Hello, this is Krista from the animal rescue. I wanted to see if you still wanted to foster Pepper the puppy. receiver: Yes, I do! When can I pick him up? caller: We’re open until 4 PM today, so anytime before that works. receiver: I’ll try to be there by noon."
"caller: Hi, Bob from Southbrook Dry Cleaners here. Your order is ready for pickup. receiver: Thanks, Bob. I’ll stop by on my way home from work. caller: No rush, we’re open ’til 7."
"caller: Hello, Sunrise Insurance calling. We’ve finished processing your claim, and your check will be mailed this week. receiver: Perfect, thank you! Is there any tracking for the check? caller: Yes, we’ll send you a tracking number as soon as it ships. receiver: I appreciate it."
"caller: Hi, Emily from the city library here. Your requested computer time is available at 3 PM today. receiver: That works for me, thank you, Emily. caller: We’ll see you at 3!"
"caller: Hi, this is Melody from the shoe store. Your special order has arrived. receiver: Awesome, thanks for calling! Are you open all day? caller: Yes, until 8 PM tonight. receiver: I’ll be there after work."
"caller: Hi, this is Officer Carter from community outreach. We’re trying to set up a neighborhood watch. receiver: Hi, Officer Carter. That sounds like a great idea. How can I help? caller: We’re organizing our first meeting next Wednesday at city hall. receiver: I’ll be there!"
"caller: Good morning, Mr. Lopez—it’s Ms. Bryant from school. Maria forgot her lunch, and I wanted to check if you’d like to bring it or have her get a cafeteria lunch instead. receiver: Thank you for calling, Ms. Bryant. I can drop it off in about half an hour. caller: That’s perfect, thanks!"
"caller: Hi, it’s Zoe from the music school. Just confirming your piano lesson time this Friday at 4:30. receiver: Yes, that’s correct. Thank you for confirming! caller: Looking forward to seeing you!"
"caller: Hello, this is Stan from Davis Auto. We just finished the oil change on your vehicle. receiver: Thanks, Stan. Did you notice anything else while you were working on it? caller: Everything else looked good. Your car’s ready for pickup anytime. receiver: Great, I’ll be by soon."
"caller: Hi, this is Julia from PetSmart. Your cat food order is ready for pickup. receiver: Excellent, thank you. Do you close at 8 tonight? caller: Yes, you’re good until then. receiver: I should be by before 7."
"caller: Hello, this is Mr. Shapiro calling from the community garden. Your plot is ready for planting! receiver: Oh, how exciting! When can I come see it? caller: Any day before 4 PM—just check in at the office. receiver: Will do, thank you."
"caller: Hey, Maya from the science club. Are you still able to judge the science fair next weekend? receiver: Yes, Maya, absolutely. Just let me know the details! caller: We’ll send you the schedule later today."
"caller: Hi, Lana from Giant Pharmacy. Your flu shot appointment is tomorrow at 10. receiver: Thank you, Lana. Do I need to bring my ID? caller: Yes, just your ID and insurance card. receiver: See you then!"
"caller: Hello, Nick from the tech help desk. Your laptop is ready for pickup after the upgrade. receiver: Thanks, Nick. Anything I should know before using it? caller: Just need to log in and reconnect to your Wi-Fi. Let us know if you need help. receiver: Great, will do."
"caller: Hi, this is Barb at Craft World. Your pottery class starts tomorrow at six.  receiver: Thanks, Barb! Should I bring anything? caller: Just yourself—materials are provided. receiver: See you tomorrow!"
"caller: Good morning, it’s Dr. Singh’s office calling. We received your test results and everything looks normal. receiver: Thank you for letting me know! Should I schedule a follow-up? caller: Not unless you have concerns. Otherwise, see you at your next annual. receiver: Will do, thank you."
"caller: Hi, Laurel from Habitat ReStore. The table you were looking at is back in stock. receiver: Wonderful news! Can you hold it for me? caller: Yes, we can hold it until closing time. receiver: I’ll pick it up this afternoon."
"caller: Hello, Tony from Globetrotter Travel. We’ve finalized your itinerary and can email it now. receiver: Perfect, looking forward to it. Do you also include airport transfer details? caller: Yes, everything’s included in the file. receiver: Thank you, Tony!"
"caller: Good evening, Andrea from Pizza Roma. Your online order is ready for pickup now. receiver: Thanks, Andrea. I’ll be there in ten minutes. caller: We’ll have it hot and ready. receiver: See you soon!"
"caller: Hey, this is Drew from the soccer club. Don’t forget practice is moved to 5 PM due to field maintenance. receiver: Thanks for the update, Drew. caller: No problem. See you at the field!"
"caller: Hi, Julie from the wellness center calling. Your massage appointment is at noon tomorrow. Still good for you? receiver: Yes, that’s perfect. Thanks for confirming. caller: See you then, Julie."
"caller: Hello, this is Roger from Lakeside Apartments. We need to do an annual inspection next Thursday. receiver: Thank you for letting me know. What time should I expect you? caller: We’ll be there between 9 AM and noon. receiver: Works for me, thanks."
"caller: Hi, Natalie from the pet groomer here. Bella is ready for pickup, and she did great today! receiver: Oh, thank you so much! I’m glad to hear that. caller: We’ll see you soon."
"caller: Good morning, this is Ms. Olivia from the high school. Your student’s conference is scheduled for next Monday at 2 PM. receiver: Thank you for calling. That time works for me. caller: Great, see you then!"
"caller: Hi, it’s Owen from the food pantry. We received your donation and wanted to thank you personally. receiver: That’s very kind, Owen. Happy to help. caller: We appreciate your support!"
"caller: Hello, Brenda from the post office. We have a letter for you that needs a signature. receiver: Is it possible to pick it up tomorrow morning? caller: Absolutely, we open at 8:30. receiver: I’ll see you then."
"caller: Good afternoon, this is Jean from the painting class. Would you still like to keep your spot for Saturday? receiver: Yes, please, Jean! Looking forward to it. caller: Great. We’ll see you at 11 AM Saturday."
"caller: Hi, Davis from the IT department. We’ll need to briefly restart your workstation for a software update this afternoon. receiver: Understood. Let me know when I need to save my work. caller: I’ll ping you first before we start. receiver: Thanks, Davis."
"caller: Hey, it’s Priya from the hiking group. Weather looks good for Saturday! Still in? receiver: Yes, definitely! Can’t wait. caller: I’ll text the meeting spot later."
"caller: Hi, this is Casey from the carwash. You left your sunglasses behind yesterday. receiver: Oh wow, thanks for calling. I’ll come by today. caller: We have them at the front counter for you. "
"caller: Hello, Samantha here from Parent-Teacher Association. Would you like to help organize the school fair next month? receiver: I’d love to help! Just let me know what’s needed. caller: Perfect, I’ll send information soon."
"caller: Good morning, it’s Jake from Friendly Movers. We’re on track for your move at 9 AM Saturday. receiver: Thanks, Jake. Anything else I need to have ready? caller: Just make sure all valuables are set aside, and boxes are labeled. receiver: Will do!"
"caller: Hi, it’s Ellen from the yoga studio. Your mat order arrived and is ready for pickup. receiver: That’s great news! I’ll pick it up after class tonight. caller: We’ll keep it at the front desk for you."
"caller: Hello, this is Miles at Framework Framing Service. Your artwork is ready for collection. receiver: Excellent, thanks for calling. What are your business hours? caller: We’re open until 5:30 today. receiver: I’ll be there by 5."
"caller: Hey, it’s Sophie from the kids’ club. We’re meeting at the library at 3. Will you bring your daughter? receiver: Yes, Sophie, we’ll be there at 3. caller: Wonderful, see you later!"
"caller: Hi, this is Greg from the campground. Just confirming your reservation for the weekend. receiver: Thanks, Greg. Check-in is at 2, correct? caller: That’s right. Let us know if you’ll be late. receiver: Will do."
"caller: Good afternoon, this is Paul from the college admission office. Your transcript has been received and your application is complete. receiver: Thank you so much. When can I expect to hear a decision? caller: Decisions will be emailed in four weeks. receiver: Great, I appreciate the update."
"caller: Hi, it’s Tracy from the violin shop. Your instrument is repaired and ready for pickup. receiver: That’s great, Tracy. Thank you for the call. caller: Happy to help, see you soon!"
"caller: Hello, Todd from the realtor’s office. Just checking if you’d like to schedule another house viewing. receiver: Yes, please. Is Thursday at 4 PM available? caller: That works. I’ll set it up. receiver: Looking forward to it."
"caller: Good morning, it’s Megan from the allergist’s office. Remember to fast for 8 hours before your appointment tomorrow. receiver: Thanks for reminding me, Megan. caller: See you tomorrow!"
"caller: Hi, it’s Carl from City Fitness. There’s a special bootcamp class this weekend. Interested? receiver: That sounds fun! What time is it? caller: 10 AM on Saturday. receiver: Sign me up."
"caller: Hey, it’s Tomas from the writing group. Are you joining us this Thursday? receiver: Yes, I’ll be there. Can’t wait to share my latest story! caller: Awesome, see you then."
"caller: Hi, Julia from the florist. Your bouquet is ready for pickup. receiver: Thank you, Julia. What time do you close tonight? caller: 6 PM. receiver: I’ll be there by 5."
"caller: Hi, this is Dave from Express Cleaners. You left a set of keys in your jacket pocket. receiver: Thank you for finding them, Dave! I was looking everywhere. caller: We’ll keep them safe until you come in. receiver: I’ll stop by today."
"caller: Hello, Sally from the local food co-op. The organic produce box you ordered is ready. receiver: Thanks, Sally. I’ll pick it up this afternoon. caller: We’ll have it waiting at customer service."
"caller: Good afternoon, this is Sam with the delivery service. Your order will arrive between 2 and 4 PM today. receiver: Great, thank you for the update. caller: Our driver will call when they're close."
"caller: Hi, this is Dana from the art museum. Your membership packet is ready. receiver: Wonderful news! Can I pick it up on Sunday? caller: We’re open noon to 5 on Sundays. receiver: I’ll see you then."
"caller: Hello, it’s Pete from the mailroom. Your certified letter just arrived. receiver: Thanks, Pete. Can you bring it up to my office? caller: Will do, I’ll be there in five minutes."
"caller: Hi, this is Matt from the rental center. Confirming your tool reservation for tomorrow morning. receiver: Yes, thank you. I’ll pick it up at 9. caller: It’ll be ready for you."
"caller: Good morning, Louisa from the tutoring center. Your child’s session is at 2 PM today. receiver: Thank you for the reminder! caller: You’re welcome."
"caller: Hi, this is Drew from Building Services. We need access to your apartment for scheduled maintenance tomorrow. receiver: Thanks for letting me know. What time should I expect you? caller: Sometime between 10 and noon. receiver: That works for me."
"caller: Hello, Sandra from Animal Rescue. We received your adoption application and would love to schedule a visit. receiver: That’s great news, Sandra! When are you available? caller: We have openings this Friday and Saturday. receiver: Friday works for me."
"caller: Hi, it’s Kevin from the used bookstore. Your reserved copy of “Dune” is at the front desk. receiver: Thank you, Kevin! I’ll come by this afternoon. caller: See you soon."
"caller: Good afternoon, this is Linda from Main Street Boutique. Your tailoring order is ready. receiver: Thanks, Linda. I’ll be by later to pick up my clothes. caller: Everything is ready for you."
"caller: Hello, this is Aaron from the apartment complex. We need your updated pet information form. receiver: Thank you for the reminder, Aaron. I’ll drop it off this week. caller: Appreciate it!"
"caller: Hi, it’s Abby from the career center. You left your notebook here after the last workshop. receiver: Thank you, Abby! I’ll stop by tomorrow to pick it up. caller: We’ll hold it at the front desk."
"caller: Hi, this is Monica at the public pool. Your swim class is moved to Thursday this week. receiver: Thanks for letting me know, Monica. caller: No problem. See you Thursday."
"caller: Hello, this is Marc from the city’s cultural office. Your registration for the makers' fair is confirmed. receiver: That’s wonderful! Looking forward to it. caller: We’ll send setup information soon."
"caller: Hi, Lisa here from the candle shop. Your custom order is ready for pickup anytime. receiver: Thank you, Lisa! I’ll come by tomorrow morning. caller: See you then."
"caller: Hello, it’s George from the auto shop. We’re holding the parts you ordered. receiver: Thank you, George. I’ll come by after work. caller: They’ll be at the front counter."
"caller: Hi, this is Ruby from Downtown Fitness. We have free guest passes for members this month. receiver: That’s great! Can I bring a friend on Saturday? caller: Absolutely, just have them sign in at the front desk."
"caller: Hey, it’s Rebecca from the French class. Are you still coming to practice on Tuesday? receiver: Yes, Rebecca. I’ll see you then! caller: Looking forward to it."
"caller: Hi, it’s Chris from the running group. We’re meeting at 7 AM on Sunday at the park. receiver: Great, I’ll be there. Thanks for organizing! caller: No problem—see you Sunday."
