dialogue
"caller: Hi, is this Michelle? receiver: Yes, who’s calling? caller: Hey, it’s Tom from downstairs. Did you get a package by mistake today? receiver: Oh, yes I did! I was just about to drop it at your door. caller: No worries, I’ll swing by and grab it soon. Thanks for holding onto it! receiver: No problem, see you in a bit."
"caller: Good afternoon, this is Lisa from the dentist’s office. receiver: Hi! caller: I’m just calling to remind you of your appointment tomorrow at 10am with Dr. Jones. receiver: Thanks for the reminder! I’ll be there."
"caller: Hi Dad, are you home yet? receiver: Hey! Not yet, I’m just about to leave the office. caller: Cool, do you mind picking up some milk on your way? receiver: Sure thing, anything else? caller: Nope, that’s all. Thanks!"
"caller: Good morning, this is Mary from Riverbank Apartments. receiver: Hello! caller: I wanted to let you know that maintenance will be entering your unit tomorrow to check the heater. receiver: Thanks for the heads up. What time should I expect them? caller: Between 10 and 12. Let us know if that’s a problem. receiver: That should be fine."
"caller: Hi Mr. Lee, this is Tanya from Rainbow Bookstore. receiver: Hi Tanya. caller: Your order for “The Winds of Spring” has arrived and is ready for pickup. receiver: Great, I’ll stop by this afternoon!"
"caller: Hey, James, you coming to the soccer match tonight? receiver: For sure, what time should I be there? caller: Kickoff is at 7pm, but we’re meeting at 6:30 at the front gate. receiver: Sounds good, see you there!"
"caller: Hi, this is Susan from Willow Veterinary Clinic. receiver: Hello! caller: I’m following up about Luna’s vaccinations. She’s due for her rabies shot next week. Would you like to schedule an appointment? receiver: Yes, please! How about next Thursday? caller: 10am is available. receiver: That works, thank you!"
"caller: Hello, is this the tech support line? receiver: Yes, this is Andrew with tech support. How can I help? caller: My laptop keeps freezing whenever I open Word. receiver: Let’s try restarting it and installing the latest updates together."
"caller: Hey, is this Carlos? receiver: Speaking. caller: This is Jamie from the tarot meetup! Just checking if you’re still attending this Friday at 6? receiver: Definitely, looking forward to it!"
"caller: Good evening, I’m calling from Elmwood Library about your reserved books. receiver: Oh, thanks! Are they ready for pickup? caller: Yes, all three titles you requested are here and will be held for seven days. receiver: Great, I’ll pick them up tomorrow."
"caller: Hello, is this Mrs. Allen? receiver: Yes, this is she. caller: This is Tim from Oak Medical. We have your test results and Dr. Petersen would like to discuss them at your earliest convenience. receiver: I can come in tomorrow morning. caller: I’ll schedule you for 9:30am. receiver: Thank you for calling."
"caller: Hey, Mom, I’ll be home late tonight—practice ran over. receiver: Okay, thanks for letting me know. Do you need dinner saved? caller: If you could, that’d be great! receiver: I’ll leave a plate in the fridge."
"caller: Hi, this is the bakery calling for your custom cake order. receiver: Oh, yes, thank you! caller: We just wanted to confirm the pickup for Saturday at noon and check if you need any writing on the cake. receiver: Yes, please write “Happy Birthday Shannon!” caller: Got it!"
"caller: Hi Ms. Carter, it’s Alex from Elm Street Pharmacy. receiver: Hello Alex. caller: Your prescription refill is ready for pickup anytime today. receiver: Perfect, I’ll stop by after lunch."
"caller: Hello, I’m the courier from Swift Delivery. I have a parcel for you but no one was home. receiver: Sorry, I just stepped out. Can you leave it with my neighbor at 14B? caller: Sure, I’ll do that right now. receiver: Thank you so much."
"caller: Ted, are you free to help me move this weekend? receiver: Sure, what time? caller: Saturday morning around 9 if that works. receiver: I’ll be there."
"caller: Good afternoon, this is John from the insurance office. receiver: Hi John. caller: I just need to confirm some details on your new policy—should only take a minute. receiver: Okay, go ahead."
"caller: Hi, this is Ben with Maple Tree Travel. receiver: Hi Ben. caller: Your tickets for next week’s flight have been finalized—I’ve emailed all the details. receiver: Great, thanks for the update."
"caller: Hello, is this Mrs. Palmer? receiver: Yes. caller: This is Kevin from City Electric. We’ll need to shut power off to your block briefly on Friday for maintenance. receiver: Thanks for letting me know. What time? caller: 12pm to 1pm. receiver: Got it."
"caller: Hi, I’m looking for Jasmine? receiver: This is Jasmine. caller: Hi! This is Eric from the film club—just confirming that tomorrow’s screening is still on for 7 o’clock? receiver: Yes, see you then."
"caller: Hello, this is Emily from the animal shelter. receiver: Hi Emily! caller: I’m checking if you’re still interested in adopting the terrier puppy. receiver: Absolutely! When can I come meet her? caller: Tomorrow at 2pm works. receiver: Perfect!"
"caller: Hey David, are you free for coffee today? receiver: I am after 3pm. caller: Want to meet at Beanstalk Café at 3:30? receiver: Sounds good, see you there."
"caller: Hi, this is Rachel from Dr. Mendes’ office. receiver: Hi Rachel. caller: I’m confirming your annual physical appointment for Friday, 11:30am. receiver: That’s perfect, thank you."
"caller: Good morning, this is Chris from Kingsley School. receiver: Hi Chris. caller: We wanted to let you know your child’s report card is ready for pickup. receiver: Thanks, I’ll come by today."
"caller: Hi, is this property management? receiver: Yes, this is Sarah from Main Street Management. caller: My heat isn’t working—can you send someone? receiver: I’ll arrange for maintenance to come by this afternoon."
"caller: Hello, this is Zoe from Harmony Yoga. receiver: Hi Zoe! caller: I wanted to let you know we’ve got a mat ready for you for tomorrow’s 9am class. receiver: Thank you, I’ll be there."
"caller: Hey Mark, want to carpool to work this week? receiver: Sure, I’m in. Which days? caller: Let’s do Tuesday through Thursday. I’ll pick you up at 7:30. receiver: Perfect."
"caller: Hi, I think you dropped your wallet outside the coffee shop. receiver: Oh no, did you find it? caller: Yep, I picked it up. Where can I meet you to return it? receiver: Can you bring it inside the shop? I’m here now. caller: Heading in!"
"caller: Hello, this is the community center. receiver: Hi there. caller: We want to remind you about your pottery class tomorrow at 5pm. receiver: Thanks, I’ll be there."
"caller: Josh, it’s Emma. Did you finish the project? receiver: Almost done, just need an hour or so. caller: Want to review it together when you’re done? receiver: Sure, I’ll call when ready."
"caller: Hi, I’m calling about your lost dog poster. receiver: Yes? caller: I saw a similar dog at Maple Park half an hour ago. receiver: Really? Can you describe the dog? caller: Medium-sized, brown with a white patch, blue collar. receiver: That’s her! Thank you for telling me."
"caller: Good afternoon, your car service is complete and ready for pickup. receiver: Thank you! Were there any issues? caller: Just needed an oil change, everything else looks great. receiver: Perfect, see you soon."
"caller: Hello, is this the florist? receiver: Yes, how can I help? caller: I’d like to order a bouquet for my sister’s birthday. receiver: Sure, when do you need it delivered? caller: Tomorrow if possible."
"caller: Nick, did you leave your umbrella at my place? receiver: Yeah, I think so. caller: I’ll bring it to work tomorrow. receiver: Thanks, appreciate it."
"caller: Hi, this is Maya from City Hall. receiver: Hello. caller: We want to remind you about your jury duty next Monday. receiver: Thank you for the reminder."
"caller: Hi, is this Sally? receiver: Yes. caller: It’s Janice from book club. Our meeting’s moved to Thursday at 7pm. Still works for you? receiver: Yes, I’ll see you then."
"caller: This is Olivia from Fresh Market. receiver: Hi Olivia! caller: Just calling to confirm your grocery delivery for tomorrow afternoon. receiver: That’s perfect, thank you."
"caller: Hello, is this Paul? receiver: Yes, who’s this? caller: It’s Aaron from your guitar lessons—I wanted to check if we’re still on for Saturday. receiver: Absolutely, same time?"
"caller: Hi, this is the Parks Department. receiver: Hi there. caller: Your reservation for the picnic area is set for Sunday, August 14. Hope you have a great event! receiver: Thank you so much."
"caller: Good morning, this is Northside Dental. receiver: Hi. caller: We’re confirming your cleaning appointment for Wednesday at 2pm. receiver: That works, thank you for reminding me."
"caller: Hi, is the job opening at Riverside Café still available? receiver: Yes, we’re still looking for servers. Want to come in for an interview? caller: Absolutely, when’s a good time?"
"caller: Hey Ben, do you mind watering my plants while I’m gone? receiver: Sure, how long will you be away? caller: Just a week. receiver: No problem, I’ve got it covered."
"caller: Hello, I’m calling from the dry cleaners. receiver: Great! Are my clothes ready? caller: Yes, you can pick up any time today."
"caller: Hey, do you want to join us for bowling tomorrow night? receiver: Sounds fun, what time? caller: 7pm, we’ll meet at Lucky Lanes. receiver: Count me in."
"caller: Good afternoon, this is Sandy from City Library. receiver: Hi Sandy. caller: I’m calling to let you know your library card is about to expire. Want to renew over the phone? receiver: Yes, please."
"caller: Hi, is this Mr. Patel? receiver: Speaking. caller: Your order at Curry House is ready for pickup. receiver: Thanks, I’ll head over now."
"caller: Hello, is this Annie? receiver: Yes, this is Annie. caller: I found your cat hiding under my porch. She’s safe! receiver: Thank you so much, I was so worried!"
"caller: Hey, it’s Greg from the chess club. Are you playing in the tournament this weekend? receiver: Yes, I just registered. See you there!"
"caller: Good morning, your laundry is ready for pickup at Wash & Fold. receiver: Thanks! I’ll come by during lunch."
"caller: Hello, is this Steve? receiver: Yes, how can I help? caller: It’s Mike. Your watch was left in my car after the game last night. receiver: Oh! Thanks for letting me know."
"caller: Hi, I’m calling about the apartment listing. receiver: It’s still available. Would you like to schedule a tour? caller: Yes, please! What about Saturday afternoon?"
"caller: This is Brenda from the art supply store. receiver: Hi Brenda. caller: Just wanted to let you know your back-ordered paints came in. receiver: Awesome, I’ll pick them up today."
"caller: Hello, is this Gracie’s owner? receiver: Yes! caller: I’m your neighbor. Gracie got out, but she’s in my backyard—safe and sound. receiver: Thank you so much! I’ll come get her right away."
"caller: Hi, this is Warren from your building’s security desk. receiver: Hi. caller: You have a visitor in the lobby. Should I send them up? receiver: Yes, please, thank you."
"caller: Hey, it’s Marco. Are we still on for basketball tonight? receiver: Yes, I’ll meet you at the gym at 7. caller: See you there."
"caller: Good morning, we’re calling to confirm your service appointment for your refrigerator tomorrow. receiver: Thank you for the call. What time should I expect the technician? caller: Between 10 a.m. and noon. receiver: That works for me."
"caller: Hello, is this Jake from the music store? receiver: Yes. How can I help? caller: I was wondering if my guitar repairs are finished. receiver: Let me check—yes, your guitar is ready for pickup! caller: Great, I’ll stop by after work."
"caller: Hi Rachel, this is Natalie from the daycare. receiver: Hi Natalie! caller: I’m just letting you know Lily had a great day and tried painting for the first time! receiver: Oh, I love hearing that. Thank you for the update."
"caller: Hello, I’m calling from the hardware store to let you know your order is ready for collection. receiver: Thank you! I’ll stop by after work today."
"caller: Hey, did you get the movie tickets? receiver: Yes, I got them for the 8pm show. See you at the theater! caller: Perfect, can’t wait."
"caller: Good afternoon, this is Carla from the pet groomer. receiver: Hi Carla. caller: Just confirming your appointment for Max for a bath and trim on Thursday at 1. receiver: Thank you, I appreciate the call."
"caller: Hello, this is Anna from the post office. receiver: Hi Anna! caller: We have a package here for you that requires a signature. Would you prefer to pick it up or should we redeliver? receiver: I’ll pick it up tomorrow, thanks."
"caller: Hi, is this Lisa from HR? receiver: Yes, how can I help? caller: I had a couple questions about my benefits package. receiver: Sure, I can help with that."
"caller: Hello, Pete, this is your neighbor Adam. Are you missing a small brown dog? receiver: Yes! Did you find Molly? caller: She was in my yard. I’ll bring her over. receiver: Thank you so much, Adam!"
"caller: Hey, do you want to meet up for lunch today? receiver: I’d love to. Where should we go? caller: How about Bella’s Deli? receiver: Works for me, see you at noon!"
"caller: Good morning, this is Jasper from Solar Solutions. receiver: Hello. caller: We wanted to follow up on your inquiry about solar panels for your home. Do you have a few minutes to discuss options? receiver: Yes, I’m interested. Let’s talk."
"caller: Hi, this is Kathie from bank customer service. receiver: Hi Kathie. caller: We noticed a change of address request—just confirming you made this change? receiver: Yes, I did, thank you for checking!"
"caller: Calling for Sarah, this is the mailbox center. receiver: Hi, this is Sarah. caller: You have a package that’s been waiting for two weeks. Please collect it soon. receiver: Thank you, I’ll stop by tomorrow."
"caller: Hey, it’s Trevor. Are you still up for hiking tomorrow? receiver: I am! What time are we meeting? caller: 8 a.m. at the north parking lot. receiver: See you then."
"caller: Hi, this is Erin from Riverside Animal Clinic. receiver: Hi Erin. caller: Your kitten Oliver is ready to go home after his neuter surgery. receiver: Thank you, what time can I come? caller: Anytime after 2pm today."
"caller: Hello, is this Ben? receiver: Yes. caller: It’s Melissa from the college writing center. Your tutoring session is tomorrow at 4pm. receiver: Thank you for the reminder."
"caller: Good evening, this is Paul from Green Grocers. receiver: Hello Paul. caller: Just checking if you’d like to renew your weekly fresh produce delivery. receiver: Yes, please—it’s been great."
"caller: Hi, calling for Emily. receiver: This is Emily. caller: I found a set of keys with a blue rabbit keychain by your mailbox—thought they might be yours. receiver: Yes, those are mine! Thank you so much."
"caller: Good afternoon, I’m calling from the music school to remind you about your child’s piano recital on Friday. receiver: Thanks, I’ll make sure we’re ready."
"caller: Hi, I’m the Uber driver picking up Jessie. receiver: That’s for me. Where are you parked? caller: I’m in a red Honda by the main entrance. receiver: I’ll be right out."
"caller: Hi Mr. Baker, this is Lindsay from Crescent Pharmacy. Your medication is ready for pickup at your convenience. receiver: I’ll stop by after work, thank you."
"caller: Hello, is this Michael? receiver: Yeah, who’s this? caller: Kristy from the Red Cross. Thanks for donating blood last week! receiver: Glad to help, thanks for reaching out."
"caller: Hey, Anna! Are you still looking for a roommate? receiver: Yes, I am. caller: I know someone who’s moving to town next month. Want me to connect you two? receiver: That would be great."
"caller: Hello, I’m calling about your baby sitting ad. receiver: Yes, are you looking for someone? caller: Yes, for two evenings next week. receiver: What days do you need? caller: Tuesday and Wednesday."
"caller: Hi, this is the pizza place. receiver: Hey! caller: Just confirming your order for a large pepperoni and garlic bread for 6:30 delivery. receiver: That’s right, thank you."
"caller: Good afternoon, this is Diane from Blossom Flowers. receiver: Hi Diane. caller: Your subscription flowers will arrive tomorrow between 10 and noon. receiver: Perfect!"
caller: I’m calling from Valley Dental about your upcoming crown fitting. receiver: Thanks for the reminder. What date is the appointment again? caller: Friday at 3pm. receiver: See you then.
"caller: Hello, is this Renee? receiver: Yes, who’s this? caller: This is your neighbor Sam. I found a package for you in the lobby—left it by your door. receiver: Thank you so much, Sam!"
"caller: Hi, this is the recycling center. receiver: Hello. caller: We wanted to remind you that pickup day is now Thursday instead of Wednesday. receiver: Thanks for letting me know."
"caller: Hey, just wanted to check if you’re feeling better? receiver: Thanks for asking, I’m much better now. caller: That’s great to hear."
"caller: This is Diana from the HOA. receiver: Hi Diana. caller: Just a reminder, the community meeting is at 7pm tonight in the clubhouse. receiver: I’ll be there."
"caller: Hi, is this Helen? receiver: Yes, who’s calling? caller: Sara from the gym—just a heads up, your yoga class is rescheduled to 8am Saturday. receiver: Thanks for letting me know!"
"caller: Hi, I’m from Northside Cleaners. receiver: Hello. caller: Just letting you know your dresses are ready to pick up. receiver: Thank you, I’ll come by today."
"caller: Hello, you left your phone at the bakery. receiver: Oh my, thank you so much! I’ll come pick it up right away."
"caller: Hi, this is Evan from Jacobson Law Firm. receiver: Hi Evan. caller: Just confirming your consultation tomorrow at 2pm. receiver: I’ll be there, thanks."
"caller: Good morning, is this Mrs. Huang? receiver: Yes, this is she. caller: This is Andrew from Sun Travel. Your passport has arrived at our office for pickup. receiver: Wonderful, I’ll come this afternoon."
"caller: Hi, this is Tom from the garage. receiver: Hi Tom. caller: Your car is ready after the brake service. All set to go. receiver: Thank you, I’ll be right over."
"caller: Hello, calling from Silver Strings Music Lessons. receiver: Hi! caller: Just wanted to confirm your violin lesson Thursday at 4:30pm. receiver: I’ll be there."
"caller: Hi, is this Jacob? receiver: Yes it is. caller: My name is Mark, you ordered a bench on Marketplace and I’m setting up a delivery time. receiver: Great, I’m available Saturday morning. Is 10 okay? caller: That works for me."
"caller: Good afternoon. This is Brenda from the dental office. receiver: Hello Brenda. caller: Just calling to check how you’re feeling after your root canal. receiver: That’s kind, thank you. I’m feeling a lot better."
"caller: Hey, did you get the team meeting notes? receiver: Yes, thanks for sending them. I’ll review and get back to you with any thoughts."
"caller: Hello, it’s Clara from Sunview School. receiver: Hi Clara. caller: We’ve found your son’s jacket, just wanted to let you know. receiver: Thank you, I’ll pick it up at dismissal."
"caller: This is Nathan from the dog training group. receiver: Hey Nathan! caller: We’re meeting at 5pm in the park on Friday. Still able to make it? receiver: Yes, see you there."
"caller: Hi, this is Green Thumb Landscaping calling. receiver: Hello. caller: We’re scheduled to come by for your spring clean-up next Tuesday. Any special instructions? receiver: Just watch out for the new roses in the front."
"caller: Hello, is this Stephanie? receiver: Yes, this is Stephanie. caller: It’s Tara from your pottery class. I found your scarf after yesterday’s session. receiver: Oh thank you, I was looking for it everywhere!"
"caller: Hi, this is Art from customer support. receiver: Hi Art. caller: I saw your support ticket about the Wi-Fi issues. Can we troubleshoot now? receiver: Yes, that’d be great."
"caller: Hello, this is the school nurse. receiver: Hi, is everything okay? caller: Your son has a slight fever, but he’s resting. We thought you’d like to know. receiver: Thank you, I’ll come pick him up."
"caller: Hi Mrs. Rivera, it’s Peter from Next Door Pharmacy. receiver: Hi Peter. caller: Your prescription is delayed until tomorrow but we’ll call as soon as it’s ready. receiver: Thanks for updating me."
"caller: Hi, is this Joy? receiver: Yes. caller: It’s Olivia from the running club, just wanted to remind you of tomorrow’s 7am run at the river trail. receiver: Thanks, looking forward to it!"
