dialogue
"caller: Hi, this is Daniel from maintenance. We’re planning routine water shutoff on Thursday for repairs. Just letting you know it’ll be from noon to 2 PM. receiver: Thanks for informing me, Daniel! Will the water come back on exactly at 2? caller: We’re aiming for it, but sometimes it runs over by 15 minutes. I’ll update the building if there’s a delay. receiver: Great, I’ll fill up some pitchers beforehand. Have a good day!  "
"caller: Hello, is this Mrs. Tran? receiver: Yes, this is she. Who’s calling? caller: This is Karen from Dr. Leung’s office. I’m just confirming your dental appointment for tomorrow at 3 PM. receiver: Oh, perfect! Thank you for calling.  "
"caller: Hey, Jake, it’s Olivia. Do you remember the book I lent you last month? receiver: Hi, Olivia! Yes, I’ve actually just finished reading it. Should I bring it to the office tomorrow? caller: That’d be great, thanks!  "
"caller: Good afternoon, Mr. Patel. This is Susan from City Library. Your reserved book is ready for pickup. receiver: Wonderful! How long will you hold it for me? caller: It will be held for the next five days. Feel free to stop by anytime.  "
"caller: Hi, Mike! This is Rachel from your pharmacy. We’re letting you know your prescription is ready for pickup. receiver: Oh, thanks so much! What are your hours today? caller: We’re open until 8 PM tonight.  "
"caller: Hello, Sam. It’s your Aunt Julie. Just wanted to check if you’re coming for Thanksgiving this year. receiver: Hi, Aunt Julie. Yes, I’m planning to be there! Should I bring anything? caller: Just yourself, but if you want, your famous banana bread is always welcome!  "
"caller: Hey, I’m calling from your local electric company. There will be a planned outage tomorrow for two hours starting at 3 PM for maintenance. receiver: Thanks for letting me know ahead of time. I’ll plan accordingly.  "
"caller: Hi, this is Alex from the pet clinic. Bella is ready to go home now. receiver: Great! I’ll come by to pick her up in about an hour. Thank you for taking care of her.  "
"caller: Good morning, Mr. Rivers. I’m Mark calling from your bank to let you know your new card is available for pickup. receiver: Thanks for telling me, Mark. Do I need to make an appointment? caller: You can just ask for me at the desk.  "
"caller: Hello, Ms. Lee. This is Cheryl from the community center. I just wanted to remind you about your yoga class registration for Monday morning at 9 AM. receiver: Thank you for the reminder, Cheryl. Do I need to bring my own mat? caller: We have some available, but you’re welcome to bring your own.  "
"caller: Hi! This is Tom from Prairie Dry Cleaners. Your order is ready for pickup. receiver: Awesome, thank you, Tom. I’ll swing by this afternoon.  "
"caller: Hi, I’m calling from ABC Insurance to confirm if you’ll be attending the policyholder dinner event this Friday. receiver: Yes, I’ll be there. Could you tell me the start time? caller: Doors open at 6 PM, dinner begins at 6:30.  "
"caller: Good afternoon, Ms. Greene. This is Joe from the flower shop. Your order is out for delivery and should arrive by noon. receiver: Thank you for the update, Joe! I’ll keep an eye out.  "
"caller: Hello, Nathan. This is your neighbor, Emily. Did you by chance receive a package addressed to 5A by mistake? receiver: Hi, Emily! Yes, I have your box here. Would you like to come pick it up? caller: That’d be perfect, thanks!  "
"caller: Hello, Ms. Morales. It’s Dr. Chen’s office calling to remind you to fast tonight for your blood test tomorrow. receiver: Thanks for the reminder! What time was my appointment again? caller: It’s at 8:30 AM.  "
"caller: Hi, I’m from Sully’s Repair, just confirming your refrigerator repair appointment for Thursday at 10 AM. receiver: Thanks. Will the technician call before coming? caller: Yes, they’ll give you a call 30 minutes prior.  "
"caller: Good morning! This is Anne at Pinewood School. I wanted to let you know that school will be closed tomorrow due to weather conditions. receiver: Thanks for the heads up, Anne. I’ll make other arrangements for my son.  "
"caller: Hi, Mr. Scott, this is Patty from Urban Dentist. Your cleaning is scheduled for Friday at 1:15 PM. receiver: Thanks for confirming, Patty. I’ll see you then!  "
"caller: Hello, this is Ethan from Simply Moving. We were wondering if you’re still planning to move this Saturday. receiver: Hi Ethan, yes, I am. Do you have an estimated arrival window for your movers? caller: They’ll be there between 8 and 9 AM.  "
"caller: Hi, I’m Michael from Big Bike Rentals. The bike you reserved will be ready for pickup tomorrow morning after 10. receiver: Thanks, Michael. Will I need to bring any documentation? caller: Just your ID and credit card you used to reserve.  "
"caller: Hi, Linda! I’m calling from Mr. Chow’s office to say your test results are back and everything looks good. receiver: That’s such a relief, thank you for letting me know!  "
"caller: Good afternoon, this is Chelsea from Elm Tree Apartments. We’ll be inspecting smoke detectors in all units next Tuesday. receiver: Thanks, Chelsea. Will you need anyone to be home? caller: No need, a staff member will accompany us with master keys.  "
"caller: Hey Alex, I’m calling about your dog-walking job post. Is the position still available? receiver: Hi! Yes, it is. Would you like to meet for an interview? caller: That sounds great!  "
"caller: Hi, Mrs. Wright. This is Paul from your vet’s office. Buddy is ready for pickup after his grooming session. receiver: That’s great, Paul. I’ll be there within the next hour.  "
"caller: Hi, this is Rachel from River Valley Pizza. I’m confirming your order for delivery at 7 PM tonight. receiver: Thank you, Rachel. Can you add extra olives to the veggie pizza? caller: Of course, I’ll update your order.  "
"caller: Hi, this is the school nurse. I wanted to let you know your daughter has a slight fever and should be picked up early today. receiver: Oh, thanks for telling me. I’ll be there in 20 minutes.  "
"caller: Good afternoon, I’m calling from the auto shop regarding your car repairs. We had to order a part that comes in tomorrow. receiver: That’s fine, thanks for the update. Will you call when it’s ready? caller: Absolutely, you’ll hear from us as soon as it’s done.  "
"caller: Hello, Adam! This is Jeff from PowerUp Gym. We just wanted to thank you for joining and offer you a free personal training session. receiver: Thanks, Jeff! I appreciate the offer. Can I book a session online? caller: Yes, just log in to your member portal.  "
caller: Hi! I’m the neighborhood association president. We’re holding a meeting Saturday at 4 PM about upcoming community projects. receiver: Thanks for inviting me. Where will it be held? caller: In the main clubhouse.  
"caller: Good morning, this is Sally from the dentist office. We have an earlier slot at 10:00 AM tomorrow if you’d like to come in. receiver: That works even better for me. Please book it.  "
"caller: Hi, this is Ellen from student services. We see your ID card was found on campus. receiver: Oh, thank you! Where can I pick it up? caller: At our front desk in Student Union, anytime from 9-5.  "
"caller: Hello, Mr. Nguyen. This is Lena from the community garden. I wanted to remind you of our planting day this Sunday at 10. receiver: Thanks for the reminder, Lena. I’ll be there with my gloves!  "
"caller: Hi, Mr. Ramirez, calling from Lakeshore Pharmacy with a friendly reminder that your refill is due this week. receiver: That’s helpful, thank you. I’ll stop by Thursday.  "
"caller: Hey Jenny, this is Raj from HR. Just checking if you completed your benefits enrollment for this year? receiver: Oh, I haven’t yet! Thanks for reminding me, Raj. I’ll do it today.  "
"caller: Hello, it’s Molly from Cup & Bean café. We found a wallet under your table this morning with your card. receiver: That’s mine, thank you! I’ll come by this afternoon.  "
"caller: Hi, Ms. Anderson. It’s Nia from the tutoring center. Are you still coming in today at 5 PM for your session? receiver: Yes, I’ll be there right on time.  "
"caller: Good morning, this is Brenda at the county office. Your permit is ready, would you like to pick it up or have it mailed? receiver: I’ll come in person, thank you for notifying me.  "
"caller: Hello, this is Dave from the neighborhood watch. We spotted your car lights on — just wanted to let you know. receiver: Oh, wow, thank you so much, Dave! I’ll go turn them off.  "
"caller: Hey, this is Riley from the music store. Your guitar has been restrung and is ready to pick up. receiver: Awesome! I’ll be by after work.  "
"caller: Hi, Mrs. Campbell. This is Sara from your dentist’s office. Your next cleaning is due in a few months. Would you like to schedule ahead? receiver: Yes, can we book for the first week in June? caller: Certainly, I’ll confirm the date via email.  "
"caller: Hi, Mr. Alvarez, it’s Robin from the polling center. Just letting you know early voting is open this week. receiver: Thanks for the update, Robin. Is there parking at your location? caller: Yes, and the lot’s rarely full during the day.  "
"caller: Hello! This is Greg from Books & Beans. You asked to be notified about new arrivals—our spring reads are in. receiver: Thank you, Greg. I’ll come in for a browse this weekend.  "
"caller: Good afternoon, Monica. I’m Jason from Happy Trails Pet Sitting. We wanted to confirm your cat sitting dates in July. receiver: Thanks for the reminder, Jason. Please confirm July 10th through the 15th.  "
"caller: Hi, this is Tony from Eastside Hardware. Your special order faucet has arrived. receiver: That’s great news! I’ll be there this evening to pick it up.  "
"caller: Hi, Mrs. Specter. I’m Anna from the post office. We received a package addressed to you with unclear delivery instructions. receiver: Oh, thank you for calling. I’ll stop by tomorrow to help sort it out.  "
"caller: Hello, this is Fiona from the blood drive committee. We’re looking for volunteers next Saturday. receiver: I’m interested! What shifts are available? caller: We need help from 9–12 and 12–3, whichever fits your schedule.  "
"caller: Hey, it’s Ben from the running club. Our group meets at 7 PM this week due to daylight saving changes. receiver: Thanks for letting me know, Ben!  "
"caller: Hi, Ms. Steele, this is Alicia from SafeRides. Your car will arrive within the next ten minutes. receiver: Perfect, thank you for keeping me posted.  "
"caller: Hello Mr. Powell, calling from Midtown Vet. I noticed Fluffy’s vaccines are due for a booster. receiver: Thanks for reaching out. I’ll schedule an appointment this week.  "
"caller: Hey, this is Adrian from Bowl & Roll. We noticed you left your jacket after your game last night. receiver: Oh, thank you for keeping it safe. When are you open?  "
"caller: Hi, this is Timothy from Parkside Apartments. Your maintenance request is scheduled for tomorrow morning between 9 and 10 AM. receiver: Thank you, Timothy.  "
"caller: Hi, Mrs. Kumar, I’m Claire from Riverside School. Your son has a field trip next week. We’ve sent the permission slip home today. receiver: Thank you, Claire! I’ll look for it and sign it tonight.  "
"caller: Hello, I’m calling from TechWorks. Your computer is repaired and ready for pickup. receiver: Wonderful, thanks! Is payment due at pickup? caller: Yes, you can pay when you arrive.  "
"caller: Good afternoon, I’m Janice from Nature Hikes. We noticed there’s a spot open on Saturday’s tour if you’d like to join. receiver: Thanks for thinking of me—I’d love to come!  "
"caller: Hi, this is Max from the city water department. We need to access your meter on Thursday for a routine check. receiver: Sure thing, Max. Do I need to be home?  "
"caller: Hello, Mrs. Olsen. This is the cleaners. Your winter coat is ready and pressed. receiver: Thank you so much. I’ll pick it up this week.  "
"caller: Good morning, this is Alex from Riverside Veterinary. Bailey’s medication is ready for pickup. receiver: Thank you, Alex. Is there parking at the office? caller: Yes, we have designated parking out front.  "
"caller: Hi, this is Lisa from Peachy Grocers calling to let you know we’ve reserved your order of produce as requested. receiver: Thank you, Lisa. I’ll be by after 5.  "
"caller: Hello, Mr. Williams, it’s Cynthia from the tutoring center. Your appointment is at 3 PM tomorrow. receiver: Thanks for the confirmation, Cynthia.  "
"caller: Hey, this is Jamie from Southern Bookstore. We just got the new mystery novel you pre-ordered. receiver: That’s fantastic news! I’ll come by to get it this afternoon.  "
"caller: Hi, this is Natalie from the park service. We’re calling all campers to say high fire risk means no open fires this weekend. receiver: Thank you for the warning, Natalie. I’ll make sure to comply.  "
"caller: Hi, I’m from Oak Ridge Apartments. We’ll be painting the lobby on Monday, so access will be limited. receiver: Thanks for letting us know. I’ll plan to use the back entrance.  "
"caller: Good afternoon, Mr. Park. This is Linda at the city office. Your event permit has been approved. receiver: That’s wonderful news, Linda. Thanks for the update!  "
"caller: Hello, Mrs. Kent, I’m from Main Street Bank. Your loan application is ready for review. receiver: Thank you for letting me know. Can I schedule an appointment?  "
"caller: Hi, this is Emma from the local Red Cross. We’re hosting a drive and wondered if you might be interested in donating again. receiver: Yes, I can. When is the drive? caller: This Tuesday, 9 to 5 at our community center.  "
"caller: Hello, Mr. Li, this is Maria from City Fitness. You left your water bottle in the yoga room today. receiver: Thank you, Maria! I’ll come back to get it.  "
"caller: Hi, I’m calling from Sunny Day Preschool. We wanted to let you know your daughter did a wonderful job in class today! receiver: That’s so nice to hear. Thank you for sharing!  "
"caller: Good morning, this is Henry from Renovation Pros. We’ll be working outside your window this week and apologize for any noise. receiver: Thanks for the warning, Henry. I appreciate the heads up.  "
"caller: Hello, Ms. Stewart, this is Tom from Pet Palace. Your pet’s food order has arrived. receiver: Oh great, thanks for calling! I’ll pick it up tomorrow.  "
"caller: Hey, this is Steven from Farm Fresh Market. Your curbside grocery order is ready for pickup. receiver: Thank you, Steven! I’ll be there around 2 PM.  "
"caller: Hi, this is Jackie from Central Clinic. We received your insurance info and everything is set for your appointment. receiver: That’s great, Jackie. Thank you.  "
"caller: Hello, Mr. Peterson. This is Rachel from the housing office reminding you your lease renewal is due next Friday. receiver: Thanks, Rachel. I’ll make sure to get it in.  "
"caller: Hi, this is Edward from Ivy Realty. I’m confirming our viewing for the apartment at 10 AM Saturday. receiver: Yes, that works for me, thank you!  "
"caller: Hello Mrs. Brown, I’m from Green Thumb Nursery. Your new plants are ready for delivery. receiver: Thank you so much! Can I have them delivered on Friday?  "
"caller: Hi, this is Amy from FreshCart. We’re missing the spinach for your grocery order. Would you like a substitute? receiver: Yes, baby kale works!  "
"caller: Hello Mr. Williams, I’m from Pine St. Auto. Your car is ready for pickup following your oil change. receiver: Thanks, I’ll be by this afternoon.  "
"caller: Good afternoon, Ms. Doyle. I’m Jake with the Civic Center’s art program. Would you like to renew your annual membership? receiver: Absolutely, Jake. Please send me the details.  "
"caller: Hi, I’m calling from Park Dental. I wanted to confirm your cleaning appointment at 4 PM tomorrow. receiver: Thank you for the confirmation call.  "
"caller: Hello, Ms. Patel, this is Grant from the security desk. We received a delivery for you earlier. receiver: Thanks, Grant. I’ll stop by after work.  "
"caller: Hi, this is Shelley from Midtown Events. Your RSVP to our open mic night has been received. receiver: Thanks, Shelley! I’m looking forward to it.  "
"caller: Hello, Mr. Jackson. This is Lily from the gym. Your locker lease is due for renewal soon. receiver: Thanks for the reminder, Lily. I’ll take care of it this week.  "
"caller: Good morning, Mrs. Rivera. This is Olive from Sophia’s Flowers. We delivered your bouquet to your office. receiver: Thank you, Olive. They’re beautiful.  "
"caller: Hi, I’m Rebecca from the conference center. Your booth for the expo next week is confirmed. receiver: Thanks, Rebecca—I appreciate the update.  "
"caller: Hello, this is Clark from the bookstore. The textbook you ordered is in stock. receiver: Thank you, Clark! I’ll come by later today.  "
"caller: Good morning, Ms. Foster, this is Sam from Bright Cleaners. Your suit is ready for collection. receiver: Thank you for notifying me, Sam.  "
"caller: Hi, Dr. Miller, this is Holly from the university office. Your mail has arrived. receiver: Thank you, Holly. Could you forward it to my department? caller: Certainly, I’ll get that sent over today.  "
"caller: Hello, I’m calling from Luna Catering to confirm your order for Friday night’s event. receiver: Yes, that’s correct, thank you for checking!  "
"caller: Hi, this is Jessica from All Paws Pet Sitters. We’re looking forward to watching Luna next week. receiver: Thank you, Jessica.  "
"caller: Hello, Mrs. Smith. This is Arjun from City Shuttle. Your airport pickup is confirmed for 6 AM. receiver: Perfect, See you then!  "
"caller: Hi, it’s Trevor from River Realty. I wanted to let you know we received your lease documents. receiver: That’s great, thanks for confirming, Trevor.  "
"caller: Hello, this is Nick from Local Eats. Your food delivery will arrive within the next 15 minutes. receiver: Thank you for the update, Nick.  "
"caller: Hi, this is Elena from Fitness Pro. Just letting you know our free yoga class is tomorrow at 6 if you’d like to join. receiver: Thanks, Elena. I’ll be there!  "
"caller: Hello, Mr. Howard, I’m from Modern Tailor. Your suit alterations are finished. receiver: Thank you, I’ll pick it up tomorrow.  "
"caller: Good morning, this is Ava from the animal shelter. You expressed interest in adopting Max—we wanted to notify you he’s available to meet this week. receiver: That’s fantastic! When can I come in?  "
"caller: Hi, this is Peter from the recycling program. This Saturday is hazardous waste drop-off day. receiver: Thanks for letting me know. I’ll gather up my items.  "
"caller: Hello, Ms. Grant, it’s Leo from Westside Park. We’re hosting a movie night this Friday. receiver: Thanks, Leo! I’ll invite some friends too.  "
"caller: Hi, this is Taylor from Doggo Groomers. Your appointment is next Wednesday at 11 AM. receiver: Great, I’ll see you then!  "
"caller: Hello, Mrs. Evans, this is Daria at Willow Bakery. Your special cake order will be ready by 2 PM tomorrow. receiver: Thank you, Daria—I appreciate it!  "
"caller: Hi, I’m from TechFix. We received your laptop and are diagnosing the issue now. receiver: Thanks for the update!  "
"caller: Good afternoon, Ms. Carter, this is Miguel from Urban Med. Your check-up results are ready. Would you like to pick them up? receiver: Yes, thank you Miguel, I’ll stop by tomorrow."
